{
  "duration": {
    "accuracy": 0.9927095990279465,
    "rule_summary": {
      "ghunnah": {
        "total": 364,
        "correct": 358,
        "accuracy": 0.9835164835164835
      },
      "madd": {
        "total": 1282,
        "correct": 1276,
        "accuracy": 0.9953198127925117
      }
    },
    "hybrid_support": {
      "localized_available": 1646,
      "localized_same_as_sequence": 1607,
      "localized_same_rate": 0.9763061968408262,
      "localized_supports_gold": 1600,
      "localized_supports_gold_rate": 0.9720534629404617,
      "localized_supports_sequence": 1607,
      "localized_supports_sequence_rate": 0.9763061968408262,
      "localized_disagrees_with_sequence": 39,
      "gold_supported_by_class": {
        "ghunnah": {
          "supported": 328,
          "total": 364,
          "rate": 0.9010989010989011
        },
        "madd": {
          "supported": 1272,
          "total": 1282,
          "rate": 0.9921996879875195
        }
      },
      "sequence_supported_by_class": {
        "ghunnah": {
          "supported": 115,
          "total": 140,
          "rate": 0.8214285714285714
        },
        "madd": {
          "supported": 1492,
          "total": 1506,
          "rate": 0.9907038512616202
        }
      }
    }
  },
  "transition": {
    "accuracy": 0.9101449275362319,
    "class_summary": {
      "none": {
        "total": 414,
        "correct": 381,
        "accuracy": 0.9202898550724637
      },
      "ikhfa": {
        "total": 227,
        "correct": 205,
        "accuracy": 0.9030837004405287
      },
      "idgham": {
        "total": 49,
        "correct": 42,
        "accuracy": 0.8571428571428571
      }
    },
    "hybrid_support": {
      "localized_available": 308,
      "localized_same_as_whole_verse": 268,
      "localized_same_rate": 0.8701298701298701,
      "localized_supports_gold": 112,
      "localized_supports_gold_rate": 0.36363636363636365,
      "localized_supports_whole_verse": 104,
      "localized_supports_whole_verse_rate": 0.33766233766233766,
      "localized_disagrees_with_whole_verse": 40,
      "gold_supported_by_class": {
        "idgham": {
          "supported": 35,
          "total": 39,
          "rate": 0.8974358974358975
        },
        "ikhfa": {
          "supported": 77,
          "total": 78,
          "rate": 0.9871794871794872
        },
        "none": {
          "supported": 0,
          "total": 191,
          "rate": 0.0
        }
      },
      "whole_verse_supported_by_class": {
        "idgham": {
          "supported": 31,
          "total": 35,
          "rate": 0.8857142857142857
        },
        "ikhfa": {
          "supported": 73,
          "total": 84,
          "rate": 0.8690476190476191
        },
        "none": {
          "supported": 0,
          "total": 189,
          "rate": 0.0
        }
      }
    }
  },
  "burst": {
    "accuracy": 0.8753913587977458,
    "class_summary": {
      "none": {
        "total": 958,
        "correct": 857,
        "accuracy": 0.894572025052192
      },
      "qalqalah": {
        "total": 639,
        "correct": 541,
        "accuracy": 0.8466353677621283
      }
    },
    "threshold_rows": [
      {
        "threshold": null,
        "decision_rule": "argmax",
        "samples": 1597,
        "accuracy": 0.8741390106449592,
        "tn": 876,
        "fp": 82,
        "fn": 119,
        "tp": 520,
        "qalqalah_precision": 0.8637873754152824,
        "qalqalah_recall": 0.8137715179968701,
        "qalqalah_f1": 0.838033843674456,
        "none_accuracy": 0.9144050104384134,
        "qalqalah_accuracy": 0.8137715179968701
      },
      {
        "threshold": 0.42,
        "decision_rule": "qalqalah_probability_threshold",
        "samples": 1597,
        "accuracy": 0.8616155291170946,
        "tn": 815,
        "fp": 143,
        "fn": 78,
        "tp": 561,
        "qalqalah_precision": 0.796875,
        "qalqalah_recall": 0.8779342723004695,
        "qalqalah_f1": 0.8354430379746836,
        "none_accuracy": 0.8507306889352818,
        "qalqalah_accuracy": 0.8779342723004695
      },
      {
        "threshold": 0.43,
        "decision_rule": "qalqalah_probability_threshold",
        "samples": 1597,
        "accuracy": 0.8641202254226675,
        "tn": 822,
        "fp": 136,
        "fn": 81,
        "tp": 558,
        "qalqalah_precision": 0.8040345821325648,
        "qalqalah_recall": 0.8732394366197183,
        "qalqalah_f1": 0.8372093023255814,
        "none_accuracy": 0.8580375782881002,
        "qalqalah_accuracy": 0.8732394366197183
      },
      {
        "threshold": 0.44,
        "decision_rule": "qalqalah_probability_threshold",
        "samples": 1597,
        "accuracy": 0.8653725735754539,
        "tn": 832,
        "fp": 126,
        "fn": 89,
        "tp": 550,
        "qalqalah_precision": 0.8136094674556213,
        "qalqalah_recall": 0.8607198748043818,
        "qalqalah_f1": 0.8365019011406845,
        "none_accuracy": 0.8684759916492694,
        "qalqalah_accuracy": 0.8607198748043818
      },
      {
        "threshold": 0.45,
        "decision_rule": "qalqalah_probability_threshold",
        "samples": 1597,
        "accuracy": 0.867877269881027,
        "tn": 838,
        "fp": 120,
        "fn": 91,
        "tp": 548,
        "qalqalah_precision": 0.8203592814371258,
        "qalqalah_recall": 0.8575899843505478,
        "qalqalah_f1": 0.8385615914307575,
        "none_accuracy": 0.8747390396659708,
        "qalqalah_accuracy": 0.8575899843505478
      },
      {
        "threshold": 0.46,
        "decision_rule": "qalqalah_probability_threshold",
        "samples": 1597,
        "accuracy": 0.8703819661865999,
        "tn": 847,
        "fp": 111,
        "fn": 96,
        "tp": 543,
        "qalqalah_precision": 0.8302752293577982,
        "qalqalah_recall": 0.8497652582159625,
        "qalqalah_f1": 0.839907192575406,
        "none_accuracy": 0.884133611691023,
        "qalqalah_accuracy": 0.8497652582159625
      },
      {
        "threshold": 0.47,
        "decision_rule": "qalqalah_probability_threshold",
        "samples": 1597,
        "accuracy": 0.8753913587977458,
        "tn": 857,
        "fp": 101,
        "fn": 98,
        "tp": 541,
        "qalqalah_precision": 0.8426791277258567,
        "qalqalah_recall": 0.8466353677621283,
        "qalqalah_f1": 0.8446526151444185,
        "none_accuracy": 0.894572025052192,
        "qalqalah_accuracy": 0.8466353677621283
      },
      {
        "threshold": 0.48,
        "decision_rule": "qalqalah_probability_threshold",
        "samples": 1597,
        "accuracy": 0.8741390106449592,
        "tn": 861,
        "fp": 97,
        "fn": 104,
        "tp": 535,
        "qalqalah_precision": 0.8465189873417721,
        "qalqalah_recall": 0.837245696400626,
        "qalqalah_f1": 0.8418568056648308,
        "none_accuracy": 0.8987473903966597,
        "qalqalah_accuracy": 0.837245696400626
      },
      {
        "threshold": 0.49,
        "decision_rule": "qalqalah_probability_threshold",
        "samples": 1597,
        "accuracy": 0.8741390106449592,
        "tn": 868,
        "fp": 90,
        "fn": 111,
        "tp": 528,
        "qalqalah_precision": 0.8543689320388349,
        "qalqalah_recall": 0.8262910798122066,
        "qalqalah_f1": 0.8400954653937948,
        "none_accuracy": 0.906054279749478,
        "qalqalah_accuracy": 0.8262910798122066
      },
      {
        "threshold": 0.5,
        "decision_rule": "qalqalah_probability_threshold",
        "samples": 1597,
        "accuracy": 0.8741390106449592,
        "tn": 876,
        "fp": 82,
        "fn": 119,
        "tp": 520,
        "qalqalah_precision": 0.8637873754152824,
        "qalqalah_recall": 0.8137715179968701,
        "qalqalah_f1": 0.838033843674456,
        "none_accuracy": 0.9144050104384134,
        "qalqalah_accuracy": 0.8137715179968701
      }
    ]
  }
}