model,audio_path,duration_sec,transcription_time_sec,speed_ratio,pred_text,pred_len,status,error
checkpoints/content_asr_whisper_medium_quran_v2_weighted,data\uploads\segments\sweep_db30_sil025_segment_001.wav,0.737,0.8883784000063315,1.2053981004156467,مرحبا,5,ok,
checkpoints/content_asr_whisper_medium_quran_v2_weighted,data\uploads\segments\sweep_db30_sil025_segment_002.wav,4.711,0.5112046000140253,0.10851296964848765,الحمد لله رب العالمين,21,ok,
checkpoints/content_asr_whisper_medium_quran_v2_weighted,data\uploads\segments\sweep_db30_sil025_segment_003.wav,3.885,0.4294002999959048,0.11052774774669365,الرحمن الرحيم,13,ok,
checkpoints/content_asr_whisper_medium_quran_v2_weighted,data\uploads\segments\sweep_db30_sil025_segment_004.wav,3.461,0.4060344999888912,0.1173171048797721,ملك يوم الدين,13,ok,
checkpoints/content_asr_whisper_medium_quran_v2_weighted,data\uploads\segments\sweep_db30_sil025_segment_005.wav,4.907,0.6281673000194132,0.12801453026684598,اياك نعبد واياك نستعين,22,ok,
checkpoints/content_asr_whisper_medium_quran_v2_weighted,data\uploads\segments\sweep_db30_sil025_segment_006.wav,6.642,0.8201989000081085,0.12348673592413556,اهدنا الصراط المستقيم صراط الذين انعمت عليهم,44,ok,
checkpoints/content_asr_whisper_medium_quran_v2_weighted,data\uploads\segments\sweep_db30_sil025_segment_007.wav,3.558,0.5888070000219159,0.16548819562167394,غير المغضوب عليهم ولا اطلع,26,ok,
checkpoints/content_asr_whisper_medium_quran_v2_weighted,data\uploads\segments\sweep_db30_sil025_segment_008.wav,4.079,0.32519570001750253,0.07972436872211389,فالين,5,ok,
checkpoints/content_asr_whisper_medium_quran_v2_weighted,data\uploads\segments\sweep_db30_sil025_segment_009.wav,0.72,0.42696469998918474,0.5930065277627566,مرحبا,5,ok,
checkpoints/content_asr_whisper_medium_quran_v2_weighted,data\uploads\segments\sweep_db30_sil035_segment_001.wav,0.737,0.37373330001719296,0.5071008141345902,مرحبا,5,ok,
checkpoints/content_asr_whisper_medium_quran_v2_weighted,data\uploads\segments\sweep_db30_sil035_segment_002.wav,4.711,0.516147100017406,0.10956210995911823,الحمد لله رب العالمين,21,ok,
checkpoints/content_asr_whisper_medium_quran_v2_weighted,data\uploads\segments\sweep_db30_sil035_segment_003.wav,3.885,0.4293029000109527,0.1105026769654962,الرحمن الرحيم,13,ok,
checkpoints/content_asr_whisper_medium_quran_v2_weighted,data\uploads\segments\sweep_db30_sil035_segment_004.wav,3.461,0.40439270000206307,0.11684273331466717,ملك يوم الدين,13,ok,
checkpoints/content_asr_whisper_medium_quran_v2_weighted,data\uploads\segments\sweep_db30_sil035_segment_005.wav,4.907,0.6148781999945641,0.12530633788354678,اياك نعبد واياك نستعين,22,ok,
checkpoints/content_asr_whisper_medium_quran_v2_weighted,data\uploads\segments\sweep_db30_sil035_segment_006.wav,6.642,0.8313678000122309,0.12516829268476826,اهدنا الصراط المستقيم صراط الذين انعمت عليهم,44,ok,
checkpoints/content_asr_whisper_medium_quran_v2_weighted,data\uploads\segments\sweep_db30_sil035_segment_007.wav,3.558,0.6148304000089411,0.1728022484567007,غير المغضوب عليهم ولا اطلع,26,ok,
checkpoints/content_asr_whisper_medium_quran_v2_weighted,data\uploads\segments\sweep_db30_sil035_segment_008.wav,4.079,0.3194156999816187,0.07830735473930343,فالين,5,ok,
checkpoints/content_asr_whisper_medium_quran_v2_weighted,data\uploads\segments\sweep_db30_sil035_segment_009.wav,0.72,0.43044149997876957,0.59783541663718,مرحبا,5,ok,
checkpoints/content_asr_whisper_medium_quran_v2_weighted,data\uploads\segments\sweep_db30_sil05_segment_001.wav,0.737,0.37015870001050644,0.502250610597702,مرحبا,5,ok,
checkpoints/content_asr_whisper_medium_quran_v2_weighted,data\uploads\segments\sweep_db30_sil05_segment_002.wav,4.711,0.508133800001815,0.10786113351768518,الحمد لله رب العالمين,21,ok,
checkpoints/content_asr_whisper_medium_quran_v2_weighted,data\uploads\segments\sweep_db30_sil05_segment_003.wav,3.885,0.4261267999827396,0.10968514800070518,الرحمن الرحيم,13,ok,
checkpoints/content_asr_whisper_medium_quran_v2_weighted,data\uploads\segments\sweep_db30_sil05_segment_004.wav,3.461,0.4062731000012718,0.11738604449617794,ملك يوم الدين,13,ok,
checkpoints/content_asr_whisper_medium_quran_v2_weighted,data\uploads\segments\sweep_db30_sil05_segment_005.wav,4.907,0.6151395000051707,0.12535958834423694,اياك نعبد واياك نستعين,22,ok,
checkpoints/content_asr_whisper_medium_quran_v2_weighted,data\uploads\segments\sweep_db30_sil05_segment_006.wav,6.642,0.8101051000121515,0.12196704306114897,اهدنا الصراط المستقيم صراط الذين انعمت عليهم,44,ok,
checkpoints/content_asr_whisper_medium_quran_v2_weighted,data\uploads\segments\sweep_db30_sil05_segment_007.wav,7.637,0.6223026999796275,0.08148522979961079,غير المغضوب عليهم ولا الطالين,29,ok,
checkpoints/content_asr_whisper_medium_quran_v2_weighted,data\uploads\segments\sweep_db30_sil05_segment_008.wav,0.72,0.43993939997744747,0.6110269444131216,مرحبا,5,ok,
checkpoints/content_asr_whisper_medium_quran_v2_weighted,data\uploads\segments\sweep_db35_sil025_segment_001.wav,0.735,0.4073265999904834,0.5541858503271883,مرحبا,5,ok,
checkpoints/content_asr_whisper_medium_quran_v2_weighted,data\uploads\segments\sweep_db35_sil025_segment_002.wav,4.715,0.5134917000250425,0.10890598091729428,الحمد لله رب العالمين,21,ok,
checkpoints/content_asr_whisper_medium_quran_v2_weighted,data\uploads\segments\sweep_db35_sil025_segment_003.wav,3.89,0.4532242999994196,0.11651010282761429,الرحمن الرحيم,13,ok,
checkpoints/content_asr_whisper_medium_quran_v2_weighted,data\uploads\segments\sweep_db35_sil025_segment_004.wav,3.461,0.431441900000209,0.12465816238087518,ملك يوم الدين,13,ok,
checkpoints/content_asr_whisper_medium_quran_v2_weighted,data\uploads\segments\sweep_db35_sil025_segment_005.wav,4.903,0.6210156999877654,0.1266603508031339,اياك نعبد واياك نستعين,22,ok,
checkpoints/content_asr_whisper_medium_quran_v2_weighted,data\uploads\segments\sweep_db35_sil025_segment_006.wav,6.642,0.8253531999944244,0.12426275218223792,اهدنا الصراط المستقيم صراط الذين انعمت عليهم,44,ok,
checkpoints/content_asr_whisper_medium_quran_v2_weighted,data\uploads\segments\sweep_db35_sil025_segment_007.wav,3.529,0.6017839999985881,0.17052536129175067,غير المغضوب عليهم ولا طلب,25,ok,
checkpoints/content_asr_whisper_medium_quran_v2_weighted,data\uploads\segments\sweep_db35_sil025_segment_008.wav,4.109,0.35017550000338815,0.08522158676159361,فالين,5,ok,
checkpoints/content_asr_whisper_medium_quran_v2_weighted,data\uploads\segments\sweep_db35_sil025_segment_009.wav,0.716,0.4318319000012707,0.6031171787727244,مرحبا بكم,9,ok,
checkpoints/content_asr_whisper_medium_quran_v2_weighted,data\uploads\segments\sweep_db35_sil035_segment_001.wav,0.735,0.4155824999907054,0.5654183673342931,مرحبا,5,ok,
checkpoints/content_asr_whisper_medium_quran_v2_weighted,data\uploads\segments\sweep_db35_sil035_segment_002.wav,4.715,0.5234590999898501,0.11101995758003183,الحمد لله رب العالمين,21,ok,
checkpoints/content_asr_whisper_medium_quran_v2_weighted,data\uploads\segments\sweep_db35_sil035_segment_003.wav,3.89,0.434307199990144,0.11164709511314755,الرحمن الرحيم,13,ok,
checkpoints/content_asr_whisper_medium_quran_v2_weighted,data\uploads\segments\sweep_db35_sil035_segment_004.wav,3.461,0.45129110000561923,0.13039326784328784,ملك يوم الدين,13,ok,
checkpoints/content_asr_whisper_medium_quran_v2_weighted,data\uploads\segments\sweep_db35_sil035_segment_005.wav,4.903,0.6241563000075985,0.1273008974112989,اياك نعبد واياك نستعين,22,ok,
checkpoints/content_asr_whisper_medium_quran_v2_weighted,data\uploads\segments\sweep_db35_sil035_segment_006.wav,6.642,0.9146158999938052,0.1377018819623314,اهدنا الصراط المستقيم صراط الذين انعمت عليهم,44,ok,
checkpoints/content_asr_whisper_medium_quran_v2_weighted,data\uploads\segments\sweep_db35_sil035_segment_007.wav,7.638,0.6255285999795888,0.08189691018324022,غير المغضوب عليهم ولا الطالين,29,ok,
checkpoints/content_asr_whisper_medium_quran_v2_weighted,data\uploads\segments\sweep_db35_sil035_segment_008.wav,0.716,0.44376829999964684,0.6197881284911269,مرحبا بكم,9,ok,
checkpoints/content_asr_whisper_medium_quran_v2_weighted,data\uploads\segments\sweep_db35_sil05_segment_001.wav,0.735,0.405370699998457,0.5515247619026625,مرحبا,5,ok,
checkpoints/content_asr_whisper_medium_quran_v2_weighted,data\uploads\segments\sweep_db35_sil05_segment_002.wav,4.715,0.5155748999968637,0.1093478048773836,الحمد لله رب العالمين,21,ok,
checkpoints/content_asr_whisper_medium_quran_v2_weighted,data\uploads\segments\sweep_db35_sil05_segment_003.wav,3.89,0.4773566999938339,0.12271380462566424,الرحمن الرحيم,13,ok,
checkpoints/content_asr_whisper_medium_quran_v2_weighted,data\uploads\segments\sweep_db35_sil05_segment_004.wav,3.461,0.45406270000967197,0.13119407685919446,ملك يوم الدين,13,ok,
checkpoints/content_asr_whisper_medium_quran_v2_weighted,data\uploads\segments\sweep_db35_sil05_segment_005.wav,4.903,0.6697109000233468,0.13659206608675237,اياك نعبد واياك نستعين,22,ok,
checkpoints/content_asr_whisper_medium_quran_v2_weighted,data\uploads\segments\sweep_db35_sil05_segment_006.wav,6.642,0.8756925000052433,0.13184168925101525,اهدنا الصراط المستقيم صراط الذين انعمت عليهم,44,ok,
checkpoints/content_asr_whisper_medium_quran_v2_weighted,data\uploads\segments\sweep_db35_sil05_segment_007.wav,7.638,0.6453084999811836,0.08448658025414815,غير المغضوب عليهم ولا الطالين,29,ok,
checkpoints/content_asr_whisper_medium_quran_v2_weighted,data\uploads\segments\sweep_db35_sil05_segment_008.wav,0.716,0.4545135000080336,0.6347953910726727,مرحبا بكم,9,ok,
checkpoints/content_asr_whisper_medium_quran_v2_weighted,data\uploads\segments\sweep_db40_sil025_segment_001.wav,0.805,0.4665656000142917,0.5795845962910455,مرحبا,5,ok,
checkpoints/content_asr_whisper_medium_quran_v2_weighted,data\uploads\segments\sweep_db40_sil025_segment_002.wav,4.248,0.5510086000140291,0.12971012241384863,الحمد لله رب العالمين,21,ok,
checkpoints/content_asr_whisper_medium_quran_v2_weighted,data\uploads\segments\sweep_db40_sil025_segment_003.wav,1.188,0.3837405999947805,0.3230139730595796,شكرا لكم,8,ok,
checkpoints/content_asr_whisper_medium_quran_v2_weighted,data\uploads\segments\sweep_db40_sil025_segment_004.wav,3.096,0.4725212999910582,0.1526231589118405,الرحمن الرحيم,13,ok,
checkpoints/content_asr_whisper_medium_quran_v2_weighted,data\uploads\segments\sweep_db40_sil025_segment_005.wav,3.467,0.4407736000139266,0.1271340063495606,ملك يوم الدين,13,ok,
checkpoints/content_asr_whisper_medium_quran_v2_weighted,data\uploads\segments\sweep_db40_sil025_segment_006.wav,4.901,0.6267231999954674,0.1278765966120113,اياك نعبد واياك نستعين,22,ok,
checkpoints/content_asr_whisper_medium_quran_v2_weighted,data\uploads\segments\sweep_db40_sil025_segment_007.wav,6.643,0.8209337999869604,0.12357877464804462,اهدنا الصراط المستقيم صراط الذين انعمت عليهم,44,ok,
checkpoints/content_asr_whisper_medium_quran_v2_weighted,data\uploads\segments\sweep_db40_sil025_segment_008.wav,3.531,0.635484099999303,0.17997284055488613,غير المغضوب عليهم ولا طلب,25,ok,
checkpoints/content_asr_whisper_medium_quran_v2_weighted,data\uploads\segments\sweep_db40_sil025_segment_009.wav,4.108,0.3386590000009164,0.08243889970811014,فالين,5,ok,
checkpoints/content_asr_whisper_medium_quran_v2_weighted,data\uploads\segments\sweep_db40_sil025_segment_010.wav,0.713,0.4592026000027545,0.6440429172549151,مرحبا,5,ok,
checkpoints/content_asr_whisper_medium_quran_v2_weighted,data\uploads\segments\sweep_db40_sil035_segment_001.wav,0.805,0.4739996000134852,0.5888193788987394,مرحبا,5,ok,
checkpoints/content_asr_whisper_medium_quran_v2_weighted,data\uploads\segments\sweep_db40_sil035_segment_002.wav,4.248,0.533662000001641,0.12562664783466124,الحمد لله رب العالمين,21,ok,
checkpoints/content_asr_whisper_medium_quran_v2_weighted,data\uploads\segments\sweep_db40_sil035_segment_003.wav,1.188,0.38467349999700673,0.32379924242172287,شكرا لكم,8,ok,
checkpoints/content_asr_whisper_medium_quran_v2_weighted,data\uploads\segments\sweep_db40_sil035_segment_004.wav,3.096,0.46431830001529306,0.14997361111605073,الرحمن الرحيم,13,ok,
checkpoints/content_asr_whisper_medium_quran_v2_weighted,data\uploads\segments\sweep_db40_sil035_segment_005.wav,3.467,0.43704459999571554,0.12605843668754413,ملك يوم الدين,13,ok,
checkpoints/content_asr_whisper_medium_quran_v2_weighted,data\uploads\segments\sweep_db40_sil035_segment_006.wav,4.901,0.6281847000063863,0.12817480106231102,اياك نعبد واياك نستعين,22,ok,
checkpoints/content_asr_whisper_medium_quran_v2_weighted,data\uploads\segments\sweep_db40_sil035_segment_007.wav,6.643,0.8035113000078127,0.12095608911753918,اهدنا الصراط المستقيم صراط الذين انعمت عليهم,44,ok,
checkpoints/content_asr_whisper_medium_quran_v2_weighted,data\uploads\segments\sweep_db40_sil035_segment_008.wav,7.639,0.6323304999968968,0.0827766068853118,غير المغضوب عليهم ولا الطالين,29,ok,
checkpoints/content_asr_whisper_medium_quran_v2_weighted,data\uploads\segments\sweep_db40_sil035_segment_009.wav,0.713,0.4542848000128288,0.6371455820656785,مرحبا,5,ok,
checkpoints/content_asr_whisper_medium_quran_v2_weighted,data\uploads\segments\sweep_db40_sil05_segment_001.wav,0.805,0.4331116999965161,0.5380269565174113,مرحبا,5,ok,
checkpoints/content_asr_whisper_medium_quran_v2_weighted,data\uploads\segments\sweep_db40_sil05_segment_002.wav,4.248,0.5285887999925762,0.12443239171200005,الحمد لله رب العالمين,21,ok,
checkpoints/content_asr_whisper_medium_quran_v2_weighted,data\uploads\segments\sweep_db40_sil05_segment_003.wav,1.188,0.3728343000111636,0.3138335858679828,شكرا لكم,8,ok,
checkpoints/content_asr_whisper_medium_quran_v2_weighted,data\uploads\segments\sweep_db40_sil05_segment_004.wav,3.096,0.461328900011722,0.1490080426394451,الرحمن الرحيم,13,ok,
checkpoints/content_asr_whisper_medium_quran_v2_weighted,data\uploads\segments\sweep_db40_sil05_segment_005.wav,3.467,0.43597540000337176,0.1257500432660432,ملك يوم الدين,13,ok,
checkpoints/content_asr_whisper_medium_quran_v2_weighted,data\uploads\segments\sweep_db40_sil05_segment_006.wav,4.901,0.6356250999961048,0.12969294021548763,اياك نعبد واياك نستعين,22,ok,
checkpoints/content_asr_whisper_medium_quran_v2_weighted,data\uploads\segments\sweep_db40_sil05_segment_007.wav,6.643,0.8010419000056572,0.1205843594769919,اهدنا الصراط المستقيم صراط الذين انعمت عليهم,44,ok,
checkpoints/content_asr_whisper_medium_quran_v2_weighted,data\uploads\segments\sweep_db40_sil05_segment_008.wav,7.639,0.6039303000143263,0.0790588166009067,غير المغضوب عليهم ولا الطالين,29,ok,
checkpoints/content_asr_whisper_medium_quran_v2_weighted,data\uploads\segments\sweep_db40_sil05_segment_009.wav,0.713,0.43228879998787306,0.6062956521569047,مرحبا,5,ok,
checkpoints/content_asr_whisper_medium_quran_v2_weighted,data\uploads\segments\sweep_db45_sil025_segment_001.wav,0.857,0.4065079000138212,0.474338273061635,مرحبا,5,ok,
checkpoints/content_asr_whisper_medium_quran_v2_weighted,data\uploads\segments\sweep_db45_sil025_segment_002.wav,4.107,0.5182253000093624,0.1261809836886687,الحمد لله رب العالمين,21,ok,
checkpoints/content_asr_whisper_medium_quran_v2_weighted,data\uploads\segments\sweep_db45_sil025_segment_003.wav,1.313,0.378342000010889,0.2881507997036474,شكرا لكم,8,ok,
checkpoints/content_asr_whisper_medium_quran_v2_weighted,data\uploads\segments\sweep_db45_sil025_segment_004.wav,3.061,0.463209800014738,0.1513262986000451,الرحمن الرحيم,13,ok,
checkpoints/content_asr_whisper_medium_quran_v2_weighted,data\uploads\segments\sweep_db45_sil025_segment_005.wav,3.313,0.44207079999614507,0.13343519468643075,ملك يوم الدين,13,ok,
checkpoints/content_asr_whisper_medium_quran_v2_weighted,data\uploads\segments\sweep_db45_sil025_segment_006.wav,5.056,0.6360180000192486,0.12579469937089569,اياك نعبد واياك نستعين,22,ok,
checkpoints/content_asr_whisper_medium_quran_v2_weighted,data\uploads\segments\sweep_db45_sil025_segment_007.wav,6.642,0.8327889000065625,0.12538224932348124,اهدنا الصراط المستقيم صراط الذين انعمت عليهم,44,ok,
checkpoints/content_asr_whisper_medium_quran_v2_weighted,data\uploads\segments\sweep_db45_sil025_segment_008.wav,3.534,0.6071626000048127,0.17180605546259556,غير المغضوب عليهم ولا,21,ok,
checkpoints/content_asr_whisper_medium_quran_v2_weighted,data\uploads\segments\sweep_db45_sil025_segment_009.wav,4.106,0.3285776000120677,0.08002377009548653,فالين,5,ok,
checkpoints/content_asr_whisper_medium_quran_v2_weighted,data\uploads\segments\sweep_db45_sil025_segment_010.wav,0.711,0.43541999999433756,0.6124050632831752,مرحبا,5,ok,
checkpoints/content_asr_whisper_medium_quran_v2_weighted,data\uploads\segments\test_cleaned_segment_001.wav,4.706,0.5316217999788933,0.11296680832530667,بسم الله الرحمن الرحيم,22,ok,
checkpoints/content_asr_whisper_medium_quran_v2_weighted,data\uploads\segments\test_cleaned_segment_002.wav,5.345,0.5125411000044551,0.09589169317202154,الحمد لله رب العالمين,21,ok,
checkpoints/content_asr_whisper_medium_quran_v2_weighted,data\uploads\segments\test_cleaned_segment_003.wav,3.517,0.4752089999965392,0.135117713959778,الرحمن الرحيم,13,ok,
checkpoints/content_asr_whisper_medium_quran_v2_weighted,data\uploads\segments\test_cleaned_segment_004.wav,4.244,0.4106168999860529,0.09675233270170898,ملك يوم الدين,13,ok,
checkpoints/content_asr_whisper_medium_quran_v2_weighted,data\uploads\segments\test_cleaned_segment_005.wav,5.695,0.6374183000007179,0.11192595259011727,اياك نعبد واياك نستعين,22,ok,
checkpoints/content_asr_whisper_medium_quran_v2_weighted,data\uploads\segments\test_cleaned_segment_006.wav,4.473,0.5475743999995757,0.12241770623732968,اهدنا الصراط المستقيم,21,ok,
checkpoints/content_asr_whisper_medium_quran_v2_weighted,data\uploads\segments\test_cleaned_segment_007.wav,11.44,0.8852461999922525,0.07738166083848362,صراط الذين انعمت عليهم غير المغطوب عليهم ولا الطالين,52,ok,
checkpoints/content_asr_whisper_medium_quran_v2_weighted,data\uploads\segments\test_multi_segment_001.wav,4.071,0.5126849999942351,0.1259358879867932,الحمد لله رب العالمين,21,ok,
checkpoints/content_asr_whisper_medium_quran_v2_weighted,data\uploads\segments\test_multi_segment_002.wav,3.094,0.43346679999376647,0.14009915966185083,الرحمن الرحيم,13,ok,
checkpoints/content_asr_whisper_medium_quran_v2_weighted,data\uploads\segments\test_multi_segment_003.wav,3.084,0.45949690000270493,0.14899380674536475,مركي يوم الدين,14,ok,
checkpoints/content_asr_whisper_medium_quran_v2_weighted,data\uploads\segments\test_multi_segment_004.wav,4.452,0.629173900000751,0.14132387690942297,اياك نعبد واياك نستعين,22,ok,
checkpoints/content_asr_whisper_medium_quran_v2_weighted,data\uploads\segments\test_multi_segment_005.wav,7.263,0.8200012000161223,0.1129011703175165,اهدنا صراط المستقيم صراط الذين انعمت عليهم,42,ok,
checkpoints/content_asr_whisper_medium_quran_v2_weighted,data\uploads\segments\test_multi_segment_006.wav,6.596,0.5971930999949109,0.09053867495374635,غير المغضوب عليهم ولا الطالين,29,ok,
checkpoints/content_asr_whisper_medium_quran_v2_weighted,data\uploads\segments\user_010ea2e45774412abc851fe43b40a35b\user_010ea2e45774412abc851fe43b40a35b_segment_001.wav,5.133,0.5220051000069361,0.10169590882659967,بسم الله الرحمن الرحيم,22,ok,
checkpoints/content_asr_whisper_medium_quran_v2_weighted,data\uploads\segments\user_010ea2e45774412abc851fe43b40a35b\user_010ea2e45774412abc851fe43b40a35b_segment_002.wav,6.664,0.5472911999968346,0.0821265306117699,الحمد لله رب العالمين,21,ok,
checkpoints/content_asr_whisper_medium_quran_v2_weighted,data\uploads\segments\user_010ea2e45774412abc851fe43b40a35b\user_010ea2e45774412abc851fe43b40a35b_segment_003.wav,3.656,0.4412492999981623,0.12069182166251705,الرحمن الرحيم,13,ok,
checkpoints/content_asr_whisper_medium_quran_v2_weighted,data\uploads\segments\user_010ea2e45774412abc851fe43b40a35b\user_010ea2e45774412abc851fe43b40a35b_segment_004.wav,5.344,0.4416934000037145,0.0826522080845274,ملك يوم الدين,13,ok,
checkpoints/content_asr_whisper_medium_quran_v2_weighted,data\uploads\segments\user_010ea2e45774412abc851fe43b40a35b\user_010ea2e45774412abc851fe43b40a35b_segment_005.wav,7.71,0.5751432999968529,0.07459705577131684,ايا نمد واياك نستعين,20,ok,
checkpoints/content_asr_whisper_medium_quran_v2_weighted,data\uploads\segments\user_010ea2e45774412abc851fe43b40a35b\user_010ea2e45774412abc851fe43b40a35b_segment_006.wav,5.912,0.5400538000103552,0.09134874831027659,يهدر الصراط المستقيم,20,ok,
checkpoints/content_asr_whisper_medium_quran_v2_weighted,data\uploads\segments\user_010ea2e45774412abc851fe43b40a35b\user_010ea2e45774412abc851fe43b40a35b_segment_007.wav,10.281,0.9082889999845065,0.08834636708340692,صراط الذين انعمت عليهم غير المغضوب عليهم ولا الطالين,52,ok,
checkpoints/content_asr_whisper_medium_quran_v2_weighted,data\uploads\segments\user_0150e1fdf264471abebf6bd547f4ea06\expected_count\user_0150e1fdf264471abebf6bd547f4ea06_expected_segment_001.wav,3.284,0.35357929999008775,0.10766726552682332,الفلاميم,8,ok,
checkpoints/content_asr_whisper_medium_quran_v2_weighted,data\uploads\segments\user_0150e1fdf264471abebf6bd547f4ea06\expected_count\user_0150e1fdf264471abebf6bd547f4ea06_expected_segment_002.wav,4.492,0.7751293999899644,0.17255774710373206,ذلك الكتاب لا ريب فيه غدا للمتقين,33,ok,
checkpoints/content_asr_whisper_medium_quran_v2_weighted,data\uploads\segments\user_0150e1fdf264471abebf6bd547f4ea06\expected_count\user_0150e1fdf264471abebf6bd547f4ea06_expected_segment_003.wav,23.724,2.7515994000132196,0.11598378856909541,الذين يؤمنون بالغيب ويقيمون الصلاه ومما رزقناهم ينفقون والذين يومنون بما انزل اليك وما انزل من قبلك وبالاخره هم يؤقنون اولئك علي هدي من ربهم واولئك هم المفلحون,159,ok,
checkpoints/content_asr_whisper_medium_quran_v2_weighted,data\uploads\segments\user_0150e1fdf264471abebf6bd547f4ea06\free_detect\user_0150e1fdf264471abebf6bd547f4ea06_free_segment_001.wav,3.284,0.35224680000101216,0.10726151035353598,الفلاميم,8,ok,
checkpoints/content_asr_whisper_medium_quran_v2_weighted,data\uploads\segments\user_0150e1fdf264471abebf6bd547f4ea06\free_detect\user_0150e1fdf264471abebf6bd547f4ea06_free_segment_002.wav,4.492,0.7670772999990731,0.1707652048083422,ذلك الكتاب لا ريب فيه غدا للمتقين,33,ok,
checkpoints/content_asr_whisper_medium_quran_v2_weighted,data\uploads\segments\user_0150e1fdf264471abebf6bd547f4ea06\free_detect\user_0150e1fdf264471abebf6bd547f4ea06_free_segment_003.wav,23.724,2.791418500011787,0.11766221969363458,الذين يؤمنون بالغيب ويقيمون الصلاه ومما رزقناهم ينفقون والذين يومنون بما انزل اليك وما انزل من قبلك وبالاخره هم يؤقنون اولئك علي هدي من ربهم واولئك هم المفلحون,159,ok,
checkpoints/content_asr_whisper_medium_quran_v2_weighted,data\uploads\segments\user_0150e1fdf264471abebf6bd547f4ea06\natural\user_0150e1fdf264471abebf6bd547f4ea06_natural_segment_001.wav,3.284,0.37867109998478554,0.11530788671887501,الفلاميم,8,ok,
checkpoints/content_asr_whisper_medium_quran_v2_weighted,data\uploads\segments\user_0150e1fdf264471abebf6bd547f4ea06\natural\user_0150e1fdf264471abebf6bd547f4ea06_natural_segment_002.wav,4.492,0.7855208000109997,0.17487105966406938,ذلك الكتاب لا ريب فيه غدا للمتقين,33,ok,
checkpoints/content_asr_whisper_medium_quran_v2_weighted,data\uploads\segments\user_0150e1fdf264471abebf6bd547f4ea06\natural\user_0150e1fdf264471abebf6bd547f4ea06_natural_segment_003.wav,23.724,2.905435699998634,0.12246820519299587,الذين يؤمنون بالغيب ويقيمون الصلاه ومما رزقناهم ينفقون والذين يومنون بما انزل اليك وما انزل من قبلك وبالاخره هم يؤقنون اولئك علي هدي من ربهم واولئك هم المفلحون,159,ok,
checkpoints/content_asr_whisper_medium_quran_v2_weighted,data\uploads\segments\user_05e371d92eed47babcbe42efde1265c9\free_detect\user_05e371d92eed47babcbe42efde1265c9_free_segment_001.wav,4.38,0.32639170001493767,0.07451865297144696,الفلاميم,8,ok,
checkpoints/content_asr_whisper_medium_quran_v2_weighted,data\uploads\segments\user_05e371d92eed47babcbe42efde1265c9\free_detect\user_05e371d92eed47babcbe42efde1265c9_free_segment_002.wav,6.921,0.7528143000090495,0.10877247507716363,ذلك الكتاب الاعريب فيه هدي للمتقين,34,ok,
checkpoints/content_asr_whisper_medium_quran_v2_weighted,data\uploads\segments\user_05e371d92eed47babcbe42efde1265c9\free_detect\user_05e371d92eed47babcbe42efde1265c9_free_segment_003.wav,9.939,1.2139234000060242,0.12213737800644171,الذين يؤمنون بالغيب ويقيمون الصلاه ومما رزقناهم ينفقون,54,ok,
checkpoints/content_asr_whisper_medium_quran_v2_weighted,data\uploads\segments\user_073f9aeeade04103a943757ec667572f\free_detect\user_073f9aeeade04103a943757ec667572f_free_segment_001.wav,4.379,0.5565358999883756,0.1270920073049499,قل يا ايها الكافرون,19,ok,
checkpoints/content_asr_whisper_medium_quran_v2_weighted,data\uploads\segments\user_10bfd7544c5348cf8a1138690e6e22bf\free_detect\user_10bfd7544c5348cf8a1138690e6e22bf_free_segment_001.wav,3.788,0.3601535000198055,0.09507748152581984,الافلامي,8,ok,
checkpoints/content_asr_whisper_medium_quran_v2_weighted,data\uploads\segments\user_10bfd7544c5348cf8a1138690e6e22bf\free_detect\user_10bfd7544c5348cf8a1138690e6e22bf_free_segment_002.wav,5.3,0.7906317999877501,0.14917581131844343,ذلك الكتاب لا ريب فيه هدي للمتاب,32,ok,
checkpoints/content_asr_whisper_medium_quran_v2_weighted,data\uploads\segments\user_10bfd7544c5348cf8a1138690e6e22bf\free_detect\user_10bfd7544c5348cf8a1138690e6e22bf_free_segment_003.wav,2.291,0.362446600018302,0.15820453951038935,المتقين,7,ok,
checkpoints/content_asr_whisper_medium_quran_v2_weighted,data\uploads\segments\user_10bfd7544c5348cf8a1138690e6e22bf\free_detect\user_10bfd7544c5348cf8a1138690e6e22bf_free_segment_004.wav,10.728,1.2272879000229295,0.11440043810802848,الذين يؤمنون بالغيب ويقيمون الصلاه ومما رزقناهم ينفقون,54,ok,
checkpoints/content_asr_whisper_medium_quran_v2_weighted,data\uploads\segments\user_10bfd7544c5348cf8a1138690e6e22bf\free_detect\user_10bfd7544c5348cf8a1138690e6e22bf_free_segment_005.wav,8.443,0.8677495999727398,0.10277740139437876,والذين يؤمنون بما انزل اليك وما هي انزل,39,ok,
checkpoints/content_asr_whisper_medium_quran_v2_weighted,data\uploads\segments\user_10bfd7544c5348cf8a1138690e6e22bf\free_detect\user_10bfd7544c5348cf8a1138690e6e22bf_free_segment_006.wav,6.834,0.7315857000066899,0.10705087796410447,زل من قبلك وبالاخره هم يوقنون,29,ok,
checkpoints/content_asr_whisper_medium_quran_v2_weighted,data\uploads\segments\user_10bfd7544c5348cf8a1138690e6e22bf\free_detect\user_10bfd7544c5348cf8a1138690e6e22bf_free_segment_007.wav,10.016,0.9320817000116222,0.09305927516090477,اولئك علي هدي من ربهم واولئك ام المفلحون,40,ok,
checkpoints/content_asr_whisper_medium_quran_v2_weighted,data\uploads\segments\user_12ab187cacc6421fadf7122f134e96d9\user_12ab187cacc6421fadf7122f134e96d9_segment_001.wav,4.706,0.5467793999996502,0.11618771780698048,بسم الله الرحمن الرحيم,22,ok,
checkpoints/content_asr_whisper_medium_quran_v2_weighted,data\uploads\segments\user_12ab187cacc6421fadf7122f134e96d9\user_12ab187cacc6421fadf7122f134e96d9_segment_002.wav,5.345,0.548533099994529,0.10262546304855548,الحمد لله رب العالمين,21,ok,
checkpoints/content_asr_whisper_medium_quran_v2_weighted,data\uploads\segments\user_12ab187cacc6421fadf7122f134e96d9\user_12ab187cacc6421fadf7122f134e96d9_segment_003.wav,3.517,0.48917049998999573,0.1390874324680113,الرحمن الرحيم,13,ok,
checkpoints/content_asr_whisper_medium_quran_v2_weighted,data\uploads\segments\user_12ab187cacc6421fadf7122f134e96d9\user_12ab187cacc6421fadf7122f134e96d9_segment_004.wav,4.244,0.4347137000004295,0.10243018378897963,ملك يوم الدين,13,ok,
checkpoints/content_asr_whisper_medium_quran_v2_weighted,data\uploads\segments\user_12ab187cacc6421fadf7122f134e96d9\user_12ab187cacc6421fadf7122f134e96d9_segment_005.wav,5.695,0.647326600010274,0.11366577699917015,اياك نعبد واياك نستعين,22,ok,
checkpoints/content_asr_whisper_medium_quran_v2_weighted,data\uploads\segments\user_12ab187cacc6421fadf7122f134e96d9\user_12ab187cacc6421fadf7122f134e96d9_segment_006.wav,4.473,0.5521692999755032,0.1234449586352567,اهدنا الصراط المستقيم,21,ok,
checkpoints/content_asr_whisper_medium_quran_v2_weighted,data\uploads\segments\user_12ab187cacc6421fadf7122f134e96d9\user_12ab187cacc6421fadf7122f134e96d9_segment_007.wav,11.44,0.8692469999950845,0.0759831293701997,صراط الذين انعمت عليهم غير المغطوب عليهم ولا الطالين,52,ok,
checkpoints/content_asr_whisper_medium_quran_v2_weighted,data\uploads\segments\user_140b3596cd7c419aa475bf4d2f63607b\natural\user_140b3596cd7c419aa475bf4d2f63607b_natural_segment_001.wav,3.022,0.35166299997945316,0.11636763731947491,الافلام,7,ok,
checkpoints/content_asr_whisper_medium_quran_v2_weighted,data\uploads\segments\user_140b3596cd7c419aa475bf4d2f63607b\natural\user_140b3596cd7c419aa475bf4d2f63607b_natural_segment_002.wav,2.859,0.5434669999813195,0.19008989156394526,ثلك الكتاب لا ريب فيه,21,ok,
checkpoints/content_asr_whisper_medium_quran_v2_weighted,data\uploads\segments\user_140b3596cd7c419aa475bf4d2f63607b\natural\user_140b3596cd7c419aa475bf4d2f63607b_natural_segment_003.wav,7.919,1.3107157000049483,0.1655153049633727,هدي للمتقين الذين يؤمنون بالغيب ويقيمون الصلاه ومما رزقناهم ينفقون,66,ok,
checkpoints/content_asr_whisper_medium_quran_v2_weighted,data\uploads\segments\user_14cc5a4fa4eb44caa6c21cf8e3888949\free_detect\user_14cc5a4fa4eb44caa6c21cf8e3888949_free_segment_001.wav,3.36,0.37712720001582056,0.1122402380999466,اليفلاميم,9,ok,
checkpoints/content_asr_whisper_medium_quran_v2_weighted,data\uploads\segments\user_14cc5a4fa4eb44caa6c21cf8e3888949\free_detect\user_14cc5a4fa4eb44caa6c21cf8e3888949_free_segment_002.wav,5.601,0.7569141999993008,0.1351391180145154,ذلك الكتاب لا ريب فيه هدي للمتقين,33,ok,
checkpoints/content_asr_whisper_medium_quran_v2_weighted,data\uploads\segments\user_14cc5a4fa4eb44caa6c21cf8e3888949\free_detect\user_14cc5a4fa4eb44caa6c21cf8e3888949_free_segment_003.wav,9.139,1.14095199998701,0.12484429368497757,الذين يؤمنون بالغيب ويقيمون الصلاه ومما رزقناهم ينفقون,54,ok,
checkpoints/content_asr_whisper_medium_quran_v2_weighted,data\uploads\segments\user_14cc5a4fa4eb44caa6c21cf8e3888949\natural\user_14cc5a4fa4eb44caa6c21cf8e3888949_natural_segment_001.wav,3.36,0.4033114000048954,0.12003315476336174,اليفلاميم,9,ok,
checkpoints/content_asr_whisper_medium_quran_v2_weighted,data\uploads\segments\user_14cc5a4fa4eb44caa6c21cf8e3888949\natural\user_14cc5a4fa4eb44caa6c21cf8e3888949_natural_segment_002.wav,5.601,0.8152908000047319,0.14556164970625457,ذلك الكتاب لا ريب فيه هدي للمتقين,33,ok,
checkpoints/content_asr_whisper_medium_quran_v2_weighted,data\uploads\segments\user_14cc5a4fa4eb44caa6c21cf8e3888949\natural\user_14cc5a4fa4eb44caa6c21cf8e3888949_natural_segment_003.wav,9.139,1.2199753999884706,0.13349112594249596,الذين يؤمنون بالغيب ويقيمون الصلاه ومما رزقناهم ينفقون,54,ok,
checkpoints/content_asr_whisper_medium_quran_v2_weighted,data\uploads\segments\user_153f566cbd834442804047bd0721d2e2\natural\user_153f566cbd834442804047bd0721d2e2_natural_segment_001.wav,2.964,0.3718718999880366,0.12546285424697592,الفلاميم,8,ok,
checkpoints/content_asr_whisper_medium_quran_v2_weighted,data\uploads\segments\user_153f566cbd834442804047bd0721d2e2\natural\user_153f566cbd834442804047bd0721d2e2_natural_segment_002.wav,4.813,0.7793869999877643,0.1619337211692841,ذلك الكتاب لا ريب فيه هدي للمتقين,33,ok,
checkpoints/content_asr_whisper_medium_quran_v2_weighted,data\uploads\segments\user_153f566cbd834442804047bd0721d2e2\natural\user_153f566cbd834442804047bd0721d2e2_natural_segment_003.wav,8.846,1.2112300000153482,0.13692403346318655,الذين يؤمنون بالغيب ويقيمون الصلاه ومما رزقناهم ينفقون,54,ok,
checkpoints/content_asr_whisper_medium_quran_v2_weighted,data\uploads\segments\user_16a82f0c6b5b4322b3a663bae910db56\expected_count\user_16a82f0c6b5b4322b3a663bae910db56_expected_segment_001.wav,2.796,0.3465857000264805,0.12395768956598015,الافلا,6,ok,
checkpoints/content_asr_whisper_medium_quran_v2_weighted,data\uploads\segments\user_16a82f0c6b5b4322b3a663bae910db56\expected_count\user_16a82f0c6b5b4322b3a663bae910db56_expected_segment_002.wav,8.422,0.7638776999956463,0.09070027309375994,ذلك الكتاب الاعريب فيه هدي للمتقين,34,ok,
checkpoints/content_asr_whisper_medium_quran_v2_weighted,data\uploads\segments\user_16a82f0c6b5b4322b3a663bae910db56\expected_count\user_16a82f0c6b5b4322b3a663bae910db56_expected_segment_003.wav,9.782,1.1490283999883104,0.11746354528606731,الذين يؤمنون بالغيب ويقيمون الصراط ومما رزقناهم يوفقون,54,ok,
checkpoints/content_asr_whisper_medium_quran_v2_weighted,data\uploads\segments\user_16a82f0c6b5b4322b3a663bae910db56\natural\user_16a82f0c6b5b4322b3a663bae910db56_natural_segment_001.wav,2.796,0.32462739999755286,0.11610422031386011,الافلا,6,ok,
checkpoints/content_asr_whisper_medium_quran_v2_weighted,data\uploads\segments\user_16a82f0c6b5b4322b3a663bae910db56\natural\user_16a82f0c6b5b4322b3a663bae910db56_natural_segment_002.wav,2.144,0.3503097999782767,0.163390764915241,مممم,4,ok,
checkpoints/content_asr_whisper_medium_quran_v2_weighted,data\uploads\segments\user_16a82f0c6b5b4322b3a663bae910db56\natural\user_16a82f0c6b5b4322b3a663bae910db56_natural_segment_003.wav,6.278,0.7507628999883309,0.11958631729664398,ذلك الكتاب الاعريب فيه هدي للمتقين,34,ok,
checkpoints/content_asr_whisper_medium_quran_v2_weighted,data\uploads\segments\user_16a82f0c6b5b4322b3a663bae910db56\natural\user_16a82f0c6b5b4322b3a663bae910db56_natural_segment_004.wav,9.782,1.160306200006744,0.11861645880257042,الذين يؤمنون بالغيب ويقيمون الصراط ومما رزقناهم يوفقون,54,ok,
checkpoints/content_asr_whisper_medium_quran_v2_weighted,data\uploads\segments\user_19df382adc6c48a3818ed3aeb2d05fcf\user_19df382adc6c48a3818ed3aeb2d05fcf_segment_001.wav,5.133,0.5267368000058923,0.10261772842507155,بسم الله الرحمن الرحيم,22,ok,
checkpoints/content_asr_whisper_medium_quran_v2_weighted,data\uploads\segments\user_19df382adc6c48a3818ed3aeb2d05fcf\user_19df382adc6c48a3818ed3aeb2d05fcf_segment_002.wav,3.978,0.5250305000226945,0.1319835344451218,الحمد لله رب العالم,19,ok,
checkpoints/content_asr_whisper_medium_quran_v2_weighted,data\uploads\segments\user_19df382adc6c48a3818ed3aeb2d05fcf\user_19df382adc6c48a3818ed3aeb2d05fcf_segment_003.wav,1.523,0.35532090000924654,0.2333032830001619,المصبحين,8,ok,
checkpoints/content_asr_whisper_medium_quran_v2_weighted,data\uploads\segments\user_19df382adc6c48a3818ed3aeb2d05fcf\user_19df382adc6c48a3818ed3aeb2d05fcf_segment_004.wav,1.163,0.3823376999935135,0.328751246770003,مرحبا,5,ok,
checkpoints/content_asr_whisper_medium_quran_v2_weighted,data\uploads\segments\user_19df382adc6c48a3818ed3aeb2d05fcf\user_19df382adc6c48a3818ed3aeb2d05fcf_segment_005.wav,3.656,0.440935000020545,0.12060585339730442,الرحمن الرحيم,13,ok,
checkpoints/content_asr_whisper_medium_quran_v2_weighted,data\uploads\segments\user_19df382adc6c48a3818ed3aeb2d05fcf\user_19df382adc6c48a3818ed3aeb2d05fcf_segment_006.wav,5.344,0.43719070000224747,0.08180963697646845,ملك يوم الدين,13,ok,
checkpoints/content_asr_whisper_medium_quran_v2_weighted,data\uploads\segments\user_19df382adc6c48a3818ed3aeb2d05fcf\user_19df382adc6c48a3818ed3aeb2d05fcf_segment_007.wav,7.71,0.5799293000018224,0.07521780804174091,ايا نمد واياك نستعين,20,ok,
checkpoints/content_asr_whisper_medium_quran_v2_weighted,data\uploads\segments\user_19df382adc6c48a3818ed3aeb2d05fcf\user_19df382adc6c48a3818ed3aeb2d05fcf_segment_008.wav,5.912,0.5570038000005297,0.09421579837627364,يهدر الصراط المستقيم,20,ok,
checkpoints/content_asr_whisper_medium_quran_v2_weighted,data\uploads\segments\user_19df382adc6c48a3818ed3aeb2d05fcf\user_19df382adc6c48a3818ed3aeb2d05fcf_segment_009.wav,10.281,0.8814345000137109,0.08573431572937563,صراط الذين انعمت عليهم غير المغضوب عليهم ولا الطالين,52,ok,
checkpoints/content_asr_whisper_medium_quran_v2_weighted,data\uploads\segments\user_1ca47a92cdb34b879bacdfd19c277387\expected_count\user_1ca47a92cdb34b879bacdfd19c277387_expected_segment_001.wav,3.593,0.3522048000013456,0.09802527136135418,الم,3,ok,
checkpoints/content_asr_whisper_medium_quran_v2_weighted,data\uploads\segments\user_1ca47a92cdb34b879bacdfd19c277387\expected_count\user_1ca47a92cdb34b879bacdfd19c277387_expected_segment_002.wav,5.724,0.7855424000008497,0.13723661774997375,ذلك الكتاب لا ريب فيه هدي للمتقين,33,ok,
checkpoints/content_asr_whisper_medium_quran_v2_weighted,data\uploads\segments\user_1ca47a92cdb34b879bacdfd19c277387\expected_count\user_1ca47a92cdb34b879bacdfd19c277387_expected_segment_003.wav,8.97,1.1390812000026926,0.12698787068034476,الذين يؤمنون بالغيب ويقيمون الصلاه ومما رزقناهم يوفقون,54,ok,
checkpoints/content_asr_whisper_medium_quran_v2_weighted,data\uploads\segments\user_1ca47a92cdb34b879bacdfd19c277387\expected_count\user_1ca47a92cdb34b879bacdfd19c277387_expected_segment_004.wav,21.073,1.8730570999905467,0.08888421676982616,والذين يؤمنون بما انزل اليك وما انزل من قبلك وبالاخره هم يوقنون اولئك علي هدي من ربهم واولئك هم المفلحون,104,ok,
checkpoints/content_asr_whisper_medium_quran_v2_weighted,data\uploads\segments\user_1ca47a92cdb34b879bacdfd19c277387\free_detect\user_1ca47a92cdb34b879bacdfd19c277387_free_segment_001.wav,3.593,0.3634093999862671,0.10114372390377598,الم,3,ok,
checkpoints/content_asr_whisper_medium_quran_v2_weighted,data\uploads\segments\user_1ca47a92cdb34b879bacdfd19c277387\free_detect\user_1ca47a92cdb34b879bacdfd19c277387_free_segment_002.wav,5.724,0.7967816999880597,0.1392001572306184,ذلك الكتاب لا ريب فيه هدي للمتقين,33,ok,
checkpoints/content_asr_whisper_medium_quran_v2_weighted,data\uploads\segments\user_1ca47a92cdb34b879bacdfd19c277387\free_detect\user_1ca47a92cdb34b879bacdfd19c277387_free_segment_003.wav,7.83,1.1481819999753498,0.1466388250287803,الذين يؤمنون بالغيب ويقيمون الصلاه ومما رزقناهم يوفقون,54,ok,
checkpoints/content_asr_whisper_medium_quran_v2_weighted,data\uploads\segments\user_1ca47a92cdb34b879bacdfd19c277387\free_detect\user_1ca47a92cdb34b879bacdfd19c277387_free_segment_004.wav,1.14,0.41580320001230575,0.3647396491336016,المصبحين,8,ok,
checkpoints/content_asr_whisper_medium_quran_v2_weighted,data\uploads\segments\user_1ca47a92cdb34b879bacdfd19c277387\free_detect\user_1ca47a92cdb34b879bacdfd19c277387_free_segment_005.wav,11.424,1.2329824000189546,0.10792913165432026,والذين يؤمنون بما انزل اليك وما انزل من قبلك وبالاخره هم يوقنون,63,ok,
checkpoints/content_asr_whisper_medium_quran_v2_weighted,data\uploads\segments\user_1ca47a92cdb34b879bacdfd19c277387\free_detect\user_1ca47a92cdb34b879bacdfd19c277387_free_segment_006.wav,9.649,0.8414161000109743,0.08720241475914338,اولئك علي هدي من ربهم واولئك هو المفلحون,40,ok,
checkpoints/content_asr_whisper_medium_quran_v2_weighted,data\uploads\segments\user_1ca47a92cdb34b879bacdfd19c277387\natural\user_1ca47a92cdb34b879bacdfd19c277387_natural_segment_001.wav,3.593,0.3538869999756571,0.09849345949781717,الم,3,ok,
checkpoints/content_asr_whisper_medium_quran_v2_weighted,data\uploads\segments\user_1ca47a92cdb34b879bacdfd19c277387\natural\user_1ca47a92cdb34b879bacdfd19c277387_natural_segment_002.wav,5.724,0.7735979999997653,0.13514989517815607,ذلك الكتاب لا ريب فيه هدي للمتقين,33,ok,
checkpoints/content_asr_whisper_medium_quran_v2_weighted,data\uploads\segments\user_1ca47a92cdb34b879bacdfd19c277387\natural\user_1ca47a92cdb34b879bacdfd19c277387_natural_segment_003.wav,7.83,1.1362631999945734,0.14511662835179737,الذين يؤمنون بالغيب ويقيمون الصلاه ومما رزقناهم يوفقون,54,ok,
checkpoints/content_asr_whisper_medium_quran_v2_weighted,data\uploads\segments\user_1ca47a92cdb34b879bacdfd19c277387\natural\user_1ca47a92cdb34b879bacdfd19c277387_natural_segment_004.wav,1.14,0.4100456000014674,0.3596891228083048,المصبحين,8,ok,
checkpoints/content_asr_whisper_medium_quran_v2_weighted,data\uploads\segments\user_1ca47a92cdb34b879bacdfd19c277387\natural\user_1ca47a92cdb34b879bacdfd19c277387_natural_segment_005.wav,11.424,1.2155358000018168,0.10640194327746996,والذين يؤمنون بما انزل اليك وما انزل من قبلك وبالاخره هم يوقنون,63,ok,
checkpoints/content_asr_whisper_medium_quran_v2_weighted,data\uploads\segments\user_1ca47a92cdb34b879bacdfd19c277387\natural\user_1ca47a92cdb34b879bacdfd19c277387_natural_segment_006.wav,9.649,0.8393485999840777,0.08698814384745339,اولئك علي هدي من ربهم واولئك هو المفلحون,40,ok,
checkpoints/content_asr_whisper_medium_quran_v2_weighted,data\uploads\segments\user_28fb6ec8a63f406c88c52e9fa0d0bec2\free_detect\user_28fb6ec8a63f406c88c52e9fa0d0bec2_free_segment_001.wav,7.078,0.8885693000047468,0.12553960158303853,الميم ذلك الكتاب لا ريب فيه هدي للمتقين,39,ok,
checkpoints/content_asr_whisper_medium_quran_v2_weighted,data\uploads\segments\user_28fb6ec8a63f406c88c52e9fa0d0bec2\free_detect\user_28fb6ec8a63f406c88c52e9fa0d0bec2_free_segment_002.wav,2.205,0.8011207999952603,0.3633200907007983,الذين يؤمنون بالغيب,19,ok,
checkpoints/content_asr_whisper_medium_quran_v2_weighted,data\uploads\segments\user_28fb6ec8a63f406c88c52e9fa0d0bec2\free_detect\user_28fb6ec8a63f406c88c52e9fa0d0bec2_free_segment_003.wav,5.264,0.8419838999980129,0.15995134878381703,ويقيمون الصلاه ومما رزقناهم ينفقون,34,ok,
checkpoints/content_asr_whisper_medium_quran_v2_weighted,data\uploads\segments\user_28fb6ec8a63f406c88c52e9fa0d0bec2\free_detect\user_28fb6ec8a63f406c88c52e9fa0d0bec2_free_segment_004.wav,16.293,1.8378818999917712,0.1128019333451035,الذين يؤمنون بما انزل اليك وما انزله من قبلك وبالاخره يؤقلون اولئك علي هدي من ربهم واولئك هم المفلحون,101,ok,
checkpoints/content_asr_whisper_medium_quran_v2_weighted,data\uploads\segments\user_2f56f607c60d4e50a4c7bc5e4d48ad1a\natural\user_2f56f607c60d4e50a4c7bc5e4d48ad1a_natural_segment_001.wav,3.113,0.38295539998216555,0.12301811756574543,الفلاميم,8,ok,
checkpoints/content_asr_whisper_medium_quran_v2_weighted,data\uploads\segments\user_2f56f607c60d4e50a4c7bc5e4d48ad1a\natural\user_2f56f607c60d4e50a4c7bc5e4d48ad1a_natural_segment_002.wav,4.973,0.7478250999993179,0.15037705610281882,ذلك الكتاب الاريب فيه هدي للمتقين,33,ok,
checkpoints/content_asr_whisper_medium_quran_v2_weighted,data\uploads\segments\user_2f56f607c60d4e50a4c7bc5e4d48ad1a\natural\user_2f56f607c60d4e50a4c7bc5e4d48ad1a_natural_segment_003.wav,8.174,1.1489635999896564,0.14056320039021977,الذين يؤمنون بالغيب ويقيمون الصلاه ومما رزقناهم يوفقون,54,ok,
checkpoints/content_asr_whisper_medium_quran_v2_weighted,data\uploads\segments\user_2f7da1249d4b4cfebcb1b36d386ba1cd\free_detect\user_2f7da1249d4b4cfebcb1b36d386ba1cd_free_segment_001.wav,4.083,0.3561942999949679,0.08723837864192208,الفلاميم,8,ok,
checkpoints/content_asr_whisper_medium_quran_v2_weighted,data\uploads\segments\user_2f7da1249d4b4cfebcb1b36d386ba1cd\free_detect\user_2f7da1249d4b4cfebcb1b36d386ba1cd_free_segment_002.wav,5.138,0.7421408999944106,0.14444159205807913,ذلك الكتاب الاريب فيه هدي للمتقين,33,ok,
checkpoints/content_asr_whisper_medium_quran_v2_weighted,data\uploads\segments\user_2f7da1249d4b4cfebcb1b36d386ba1cd\free_detect\user_2f7da1249d4b4cfebcb1b36d386ba1cd_free_segment_003.wav,7.411,1.1366600000183098,0.15337471326653757,الذين يؤمنون بالغيب ويقيمون الصلاه ومما رزقناهم ينفقون,54,ok,
checkpoints/content_asr_whisper_medium_quran_v2_weighted,data\uploads\segments\user_2f7da1249d4b4cfebcb1b36d386ba1cd\free_detect\user_2f7da1249d4b4cfebcb1b36d386ba1cd_free_segment_004.wav,11.972,1.2658017000067048,0.10573017875097768,والذين يؤمنون بما انزل اليك وما ازل من قبلك وبالاخره هم يوقنون,62,ok,
checkpoints/content_asr_whisper_medium_quran_v2_weighted,data\uploads\segments\user_2f7da1249d4b4cfebcb1b36d386ba1cd\free_detect\user_2f7da1249d4b4cfebcb1b36d386ba1cd_free_segment_005.wav,9.076,0.8942923999857157,0.09853375936378533,اولئك علي هدي من ربهم واولئك هم المفلحون,40,ok,
checkpoints/content_asr_whisper_medium_quran_v2_weighted,data\uploads\segments\user_32b01be596a2423f96937137745b4228\expected_count\user_32b01be596a2423f96937137745b4228_expected_segment_001.wav,4.331,0.49643810000270605,0.11462435927100116,بسم الله الرحمن الرحيم,22,ok,
checkpoints/content_asr_whisper_medium_quran_v2_weighted,data\uploads\segments\user_32b01be596a2423f96937137745b4228\expected_count\user_32b01be596a2423f96937137745b4228_expected_segment_002.wav,4.47,0.5196455999976024,0.11625181208000054,الحمد لله رب العالمين,21,ok,
checkpoints/content_asr_whisper_medium_quran_v2_weighted,data\uploads\segments\user_32b01be596a2423f96937137745b4228\expected_count\user_32b01be596a2423f96937137745b4228_expected_segment_003.wav,3.419,0.45442729999194853,0.13291234278793465,الرحمن الرحيم,13,ok,
checkpoints/content_asr_whisper_medium_quran_v2_weighted,data\uploads\segments\user_32b01be596a2423f96937137745b4228\expected_count\user_32b01be596a2423f96937137745b4228_expected_segment_004.wav,3.296,0.44068739999784157,0.13370370145565583,مالك يوم الدين,14,ok,
checkpoints/content_asr_whisper_medium_quran_v2_weighted,data\uploads\segments\user_32b01be596a2423f96937137745b4228\expected_count\user_32b01be596a2423f96937137745b4228_expected_segment_005.wav,5.287,0.6635959999985062,0.12551465859627506,اياك نعبد واياك نستعين,22,ok,
checkpoints/content_asr_whisper_medium_quran_v2_weighted,data\uploads\segments\user_32b01be596a2423f96937137745b4228\expected_count\user_32b01be596a2423f96937137745b4228_expected_segment_006.wav,4.143,0.5549874000134878,0.13395785662888918,اهدنا الصراط المستقيم,21,ok,
checkpoints/content_asr_whisper_medium_quran_v2_weighted,data\uploads\segments\user_32b01be596a2423f96937137745b4228\expected_count\user_32b01be596a2423f96937137745b4228_expected_segment_007.wav,11.534,0.9432660000165924,0.08178134212039123,صراط الذين انعمت عليهم غير المغضوب عليهم ولا الضالين,52,ok,
checkpoints/content_asr_whisper_medium_quran_v2_weighted,data\uploads\segments\user_32b01be596a2423f96937137745b4228\natural\user_32b01be596a2423f96937137745b4228_natural_segment_001.wav,3.588,0.5427130999742076,0.151257831653904,بسم الله الرحمن الرحيم,22,ok,
checkpoints/content_asr_whisper_medium_quran_v2_weighted,data\uploads\segments\user_32b01be596a2423f96937137745b4228\natural\user_32b01be596a2423f96937137745b4228_natural_segment_002.wav,4.47,0.5505043999874033,0.12315534675333407,الحمد لله رب العالمين,21,ok,
checkpoints/content_asr_whisper_medium_quran_v2_weighted,data\uploads\segments\user_32b01be596a2423f96937137745b4228\natural\user_32b01be596a2423f96937137745b4228_natural_segment_003.wav,3.419,0.4561376000056043,0.1334125767784745,الرحمن الرحيم,13,ok,
checkpoints/content_asr_whisper_medium_quran_v2_weighted,data\uploads\segments\user_32b01be596a2423f96937137745b4228\natural\user_32b01be596a2423f96937137745b4228_natural_segment_004.wav,3.296,0.455120500002522,0.13808267597163898,مالك يوم الدين,14,ok,
checkpoints/content_asr_whisper_medium_quran_v2_weighted,data\uploads\segments\user_32b01be596a2423f96937137745b4228\natural\user_32b01be596a2423f96937137745b4228_natural_segment_005.wav,5.287,0.6548680999840144,0.12386383582069499,اياك نعبد واياك نستعين,22,ok,
checkpoints/content_asr_whisper_medium_quran_v2_weighted,data\uploads\segments\user_32b01be596a2423f96937137745b4228\natural\user_32b01be596a2423f96937137745b4228_natural_segment_006.wav,4.143,0.5492015999916475,0.13256133236583334,اهدنا الصراط المستقيم,21,ok,
checkpoints/content_asr_whisper_medium_quran_v2_weighted,data\uploads\segments\user_32b01be596a2423f96937137745b4228\natural\user_32b01be596a2423f96937137745b4228_natural_segment_007.wav,4.714,0.5534112000023015,0.11739736953803594,صراط الذين انعمت عليهم,22,ok,
checkpoints/content_asr_whisper_medium_quran_v2_weighted,data\uploads\segments\user_32b01be596a2423f96937137745b4228\natural\user_32b01be596a2423f96937137745b4228_natural_segment_008.wav,6.82,0.641379800013965,0.09404395894632918,غير المغضوب عليهم ونالظالين,27,ok,
checkpoints/content_asr_whisper_medium_quran_v2_weighted,data\uploads\segments\user_32fea45f950a4a928ca3a8d7ec92aca5\user_32fea45f950a4a928ca3a8d7ec92aca5_segment_001.wav,4.706,0.5227454999985639,0.11108064173365148,بسم الله الرحمن الرحيم,22,ok,
checkpoints/content_asr_whisper_medium_quran_v2_weighted,data\uploads\segments\user_32fea45f950a4a928ca3a8d7ec92aca5\user_32fea45f950a4a928ca3a8d7ec92aca5_segment_002.wav,5.345,0.5265051999886055,0.09850424695764368,الحمد لله رب العالمين,21,ok,
checkpoints/content_asr_whisper_medium_quran_v2_weighted,data\uploads\segments\user_32fea45f950a4a928ca3a8d7ec92aca5\user_32fea45f950a4a928ca3a8d7ec92aca5_segment_003.wav,3.517,0.4896086000080686,0.13921199886496122,الرحمن الرحيم,13,ok,
checkpoints/content_asr_whisper_medium_quran_v2_weighted,data\uploads\segments\user_32fea45f950a4a928ca3a8d7ec92aca5\user_32fea45f950a4a928ca3a8d7ec92aca5_segment_004.wav,4.244,0.42617399999289773,0.10041800188334066,ملك يوم الدين,13,ok,
checkpoints/content_asr_whisper_medium_quran_v2_weighted,data\uploads\segments\user_32fea45f950a4a928ca3a8d7ec92aca5\user_32fea45f950a4a928ca3a8d7ec92aca5_segment_005.wav,5.695,0.6620858999958728,0.11625740122842365,اياك نعبد واياك نستعين,22,ok,
checkpoints/content_asr_whisper_medium_quran_v2_weighted,data\uploads\segments\user_32fea45f950a4a928ca3a8d7ec92aca5\user_32fea45f950a4a928ca3a8d7ec92aca5_segment_006.wav,4.473,0.5683664999960456,0.12706606304405224,اهدنا الصراط المستقيم,21,ok,
checkpoints/content_asr_whisper_medium_quran_v2_weighted,data\uploads\segments\user_32fea45f950a4a928ca3a8d7ec92aca5\user_32fea45f950a4a928ca3a8d7ec92aca5_segment_007.wav,11.44,0.9260263000032865,0.08094635489539218,صراط الذين انعمت عليهم غير المغطوب عليهم ولا الطالين,52,ok,
checkpoints/content_asr_whisper_medium_quran_v2_weighted,data\uploads\segments\user_36bda2780c8a488f9ef1ade790301280\natural\user_36bda2780c8a488f9ef1ade790301280_natural_segment_001.wav,3.74,0.5302591999934521,0.1417805347576075,بسم الله الرحمن الرحيم,22,ok,
checkpoints/content_asr_whisper_medium_quran_v2_weighted,data\uploads\segments\user_36bda2780c8a488f9ef1ade790301280\natural\user_36bda2780c8a488f9ef1ade790301280_natural_segment_002.wav,3.551,0.5496902000159025,0.15479870459473458,الحمد لله رب العالمين,21,ok,
checkpoints/content_asr_whisper_medium_quran_v2_weighted,data\uploads\segments\user_36bda2780c8a488f9ef1ade790301280\natural\user_36bda2780c8a488f9ef1ade790301280_natural_segment_003.wav,3.269,0.48489839999820106,0.1483323340465589,الرحمن الرحيم,13,ok,
checkpoints/content_asr_whisper_medium_quran_v2_weighted,data\uploads\segments\user_3c2c32cdce1a4ce48ce5596cd79a1687\free_detect\user_3c2c32cdce1a4ce48ce5596cd79a1687_free_segment_001.wav,3.602,0.3757251999923028,0.10431016101951772,الفلاميم,8,ok,
checkpoints/content_asr_whisper_medium_quran_v2_weighted,data\uploads\segments\user_3c2c32cdce1a4ce48ce5596cd79a1687\free_detect\user_3c2c32cdce1a4ce48ce5596cd79a1687_free_segment_002.wav,5.095,0.7978824999881908,0.156601079487378,ذلك الكتاب العريب فيه هدي للمتقين,33,ok,
checkpoints/content_asr_whisper_medium_quran_v2_weighted,data\uploads\segments\user_3c2c32cdce1a4ce48ce5596cd79a1687\free_detect\user_3c2c32cdce1a4ce48ce5596cd79a1687_free_segment_003.wav,23.273,2.975811900018016,0.1278654191560184,الذين يؤمنون بالغيب ويقيمون الصلاه ومما رزقنا هم ينفقون والذين اؤمنون بما انزل اليك وما انذل من قبلك ومن اخره هم يؤقنون اولئك علي هدي من ربهم واولئك او المفلحون,160,ok,
checkpoints/content_asr_whisper_medium_quran_v2_weighted,data\uploads\segments\user_3c2c32cdce1a4ce48ce5596cd79a1687\free_detect\user_3c2c32cdce1a4ce48ce5596cd79a1687_free_segment_004.wav,1.561,0.454639200004749,0.29124868674231197,مرحبا,5,ok,
checkpoints/content_asr_whisper_medium_quran_v2_weighted,data\uploads\segments\user_4c585f860ccf4b5fac45ed948c415066\natural\user_4c585f860ccf4b5fac45ed948c415066_natural_segment_001.wav,2.684,0.3703160000150092,0.13797168405924337,الفلام,6,ok,
checkpoints/content_asr_whisper_medium_quran_v2_weighted,data\uploads\segments\user_4c585f860ccf4b5fac45ed948c415066\natural\user_4c585f860ccf4b5fac45ed948c415066_natural_segment_002.wav,4.665,0.7757343999983277,0.1662881886384411,ذلك الكتاب لا ريب فيه هدي للمتقين,33,ok,
checkpoints/content_asr_whisper_medium_quran_v2_weighted,data\uploads\segments\user_4c585f860ccf4b5fac45ed948c415066\natural\user_4c585f860ccf4b5fac45ed948c415066_natural_segment_003.wav,8.047,1.2462257999868598,0.15486837330518946,الذين يؤمنون بالغيب ويقيمون الصلاه ومما رزقناهم ينفقون,54,ok,
checkpoints/content_asr_whisper_medium_quran_v2_weighted,data\uploads\segments\user_4cb2d81dfe43491e9532056a4169f59e\natural\user_4cb2d81dfe43491e9532056a4169f59e_natural_segment_001.wav,3.306,0.40410309997969307,0.12223324258308925,الم,3,ok,
checkpoints/content_asr_whisper_medium_quran_v2_weighted,data\uploads\segments\user_4cb2d81dfe43491e9532056a4169f59e\natural\user_4cb2d81dfe43491e9532056a4169f59e_natural_segment_002.wav,4.602,0.7897743000066839,0.17161544980588525,ذلك الكتاب لا ريب فيه هدي للمتقين,33,ok,
checkpoints/content_asr_whisper_medium_quran_v2_weighted,data\uploads\segments\user_4cb2d81dfe43491e9532056a4169f59e\natural\user_4cb2d81dfe43491e9532056a4169f59e_natural_segment_003.wav,7.512,1.1569159000064246,0.15400903887199477,الذين يؤمنون بالغيب ويقيمون الصلاه ومما رزقناهم ينفقون,54,ok,
checkpoints/content_asr_whisper_medium_quran_v2_weighted,data\uploads\segments\user_4ee9685a0c2d4f8d9b9e49983e5b737c\expected_count\user_4ee9685a0c2d4f8d9b9e49983e5b737c_expected_segment_001.wav,4.041,0.36552900000242516,0.09045508537550734,الم,3,ok,
checkpoints/content_asr_whisper_medium_quran_v2_weighted,data\uploads\segments\user_4ee9685a0c2d4f8d9b9e49983e5b737c\expected_count\user_4ee9685a0c2d4f8d9b9e49983e5b737c_expected_segment_002.wav,6.015,0.7143254999828059,0.11875735660562027,ذلك الكتاب لا ريب فيه ومنتقين,29,ok,
checkpoints/content_asr_whisper_medium_quran_v2_weighted,data\uploads\segments\user_4ee9685a0c2d4f8d9b9e49983e5b737c\expected_count\user_4ee9685a0c2d4f8d9b9e49983e5b737c_expected_segment_003.wav,15.964,1.7532434999884572,0.10982482460463901,الذين يؤمنون بالغيب ويقيمون الصلاه ومما رزقناهم يوفقون والذين يومنون بما انزل اليك وما,86,ok,
checkpoints/content_asr_whisper_medium_quran_v2_weighted,data\uploads\segments\user_4ee9685a0c2d4f8d9b9e49983e5b737c\expected_count\user_4ee9685a0c2d4f8d9b9e49983e5b737c_expected_segment_004.wav,13.7,1.4535776999837253,0.10610056204260769,زل من قبلك وبالاخره هم يواخنون اولئك علي هدي من ربهم واولئك هم المفلحون,71,ok,
checkpoints/content_asr_whisper_medium_quran_v2_weighted,data\uploads\segments\user_4ee9685a0c2d4f8d9b9e49983e5b737c\free_detect\user_4ee9685a0c2d4f8d9b9e49983e5b737c_free_segment_001.wav,4.041,0.37360849999822676,0.09245446671572055,الم,3,ok,
checkpoints/content_asr_whisper_medium_quran_v2_weighted,data\uploads\segments\user_4ee9685a0c2d4f8d9b9e49983e5b737c\free_detect\user_4ee9685a0c2d4f8d9b9e49983e5b737c_free_segment_002.wav,3.678,0.5768380000081379,0.15683469277002118,ذلك الكتاب لا ريب فيه,21,ok,
checkpoints/content_asr_whisper_medium_quran_v2_weighted,data\uploads\segments\user_4ee9685a0c2d4f8d9b9e49983e5b737c\free_detect\user_4ee9685a0c2d4f8d9b9e49983e5b737c_free_segment_003.wav,2.337,0.39422889999696054,0.16869015832133527,متقين,5,ok,
checkpoints/content_asr_whisper_medium_quran_v2_weighted,data\uploads\segments\user_4ee9685a0c2d4f8d9b9e49983e5b737c\free_detect\user_4ee9685a0c2d4f8d9b9e49983e5b737c_free_segment_004.wav,9.457,1.1783673999889288,0.12460266469164943,الذين يؤمنون بالغيب ويقيمون الصلاه ومما رزقناهم يوفقون,54,ok,
checkpoints/content_asr_whisper_medium_quran_v2_weighted,data\uploads\segments\user_4ee9685a0c2d4f8d9b9e49983e5b737c\free_detect\user_4ee9685a0c2d4f8d9b9e49983e5b737c_free_segment_005.wav,6.507,0.8003606999991462,0.12299995389567331,والذين يؤمنون بما انزل اليك وما,31,ok,
checkpoints/content_asr_whisper_medium_quran_v2_weighted,data\uploads\segments\user_4ee9685a0c2d4f8d9b9e49983e5b737c\free_detect\user_4ee9685a0c2d4f8d9b9e49983e5b737c_free_segment_006.wav,5.681,0.7584421999927144,0.1335050519261951,زل من قبلك وبالاخره هم يواخنون,30,ok,
checkpoints/content_asr_whisper_medium_quran_v2_weighted,data\uploads\segments\user_4ee9685a0c2d4f8d9b9e49983e5b737c\free_detect\user_4ee9685a0c2d4f8d9b9e49983e5b737c_free_segment_007.wav,8.019,0.8455609999946319,0.10544469385143183,اولئك علي هدي من ربهم واولئك هم المفلحون,40,ok,
checkpoints/content_asr_whisper_medium_quran_v2_weighted,data\uploads\segments\user_4ee9685a0c2d4f8d9b9e49983e5b737c\natural\user_4ee9685a0c2d4f8d9b9e49983e5b737c_natural_segment_001.wav,4.041,0.3504401000100188,0.08672113338530531,الم,3,ok,
checkpoints/content_asr_whisper_medium_quran_v2_weighted,data\uploads\segments\user_4ee9685a0c2d4f8d9b9e49983e5b737c\natural\user_4ee9685a0c2d4f8d9b9e49983e5b737c_natural_segment_002.wav,3.678,0.5430949000001419,0.14766038607942958,ذلك الكتاب لا ريب فيه,21,ok,
checkpoints/content_asr_whisper_medium_quran_v2_weighted,data\uploads\segments\user_4ee9685a0c2d4f8d9b9e49983e5b737c\natural\user_4ee9685a0c2d4f8d9b9e49983e5b737c_natural_segment_003.wav,2.337,0.3990609000029508,0.17075776636839998,متقين,5,ok,
checkpoints/content_asr_whisper_medium_quran_v2_weighted,data\uploads\segments\user_4ee9685a0c2d4f8d9b9e49983e5b737c\natural\user_4ee9685a0c2d4f8d9b9e49983e5b737c_natural_segment_004.wav,9.457,1.1669624999922235,0.12339669028150824,الذين يؤمنون بالغيب ويقيمون الصلاه ومما رزقناهم يوفقون,54,ok,
checkpoints/content_asr_whisper_medium_quran_v2_weighted,data\uploads\segments\user_4ee9685a0c2d4f8d9b9e49983e5b737c\natural\user_4ee9685a0c2d4f8d9b9e49983e5b737c_natural_segment_005.wav,6.507,0.7911694000067655,0.12158742892373836,والذين يؤمنون بما انزل اليك وما,31,ok,
checkpoints/content_asr_whisper_medium_quran_v2_weighted,data\uploads\segments\user_4ee9685a0c2d4f8d9b9e49983e5b737c\natural\user_4ee9685a0c2d4f8d9b9e49983e5b737c_natural_segment_006.wav,5.681,0.7550786999927368,0.13291299066937806,زل من قبلك وبالاخره هم يواخنون,30,ok,
checkpoints/content_asr_whisper_medium_quran_v2_weighted,data\uploads\segments\user_4ee9685a0c2d4f8d9b9e49983e5b737c\natural\user_4ee9685a0c2d4f8d9b9e49983e5b737c_natural_segment_007.wav,8.019,0.9017540999921039,0.11245218855120387,اولئك علي هدي من ربهم واولئك هم المفلحون,40,ok,
checkpoints/content_asr_whisper_medium_quran_v2_weighted,data\uploads\segments\user_4fdd1fdb18694844a382c6ee718929da\free_detect\user_4fdd1fdb18694844a382c6ee718929da_free_segment_001.wav,4.217,0.36022510001203045,0.08542212473607552,الفلام,6,ok,
checkpoints/content_asr_whisper_medium_quran_v2_weighted,data\uploads\segments\user_4fdd1fdb18694844a382c6ee718929da\free_detect\user_4fdd1fdb18694844a382c6ee718929da_free_segment_002.wav,5.762,0.7647388999757823,0.1327210864241205,ذلك الكتابنا ريب فيه هدي للمتقين,32,ok,
checkpoints/content_asr_whisper_medium_quran_v2_weighted,data\uploads\segments\user_4fdd1fdb18694844a382c6ee718929da\free_detect\user_4fdd1fdb18694844a382c6ee718929da_free_segment_003.wav,9.445,1.1549353000009432,0.12228007411338732,الذين يؤمنون بالغيب ويقيمون الصلاه ومما رزقناهم يوفقون,54,ok,
checkpoints/content_asr_whisper_medium_quran_v2_weighted,data\uploads\segments\user_4fdd1fdb18694844a382c6ee718929da\free_detect\user_4fdd1fdb18694844a382c6ee718929da_free_segment_004.wav,7.666,0.8713301000243519,0.1136616357975935,والذين يؤمنون بما انزل اليك وما انزل,36,ok,
checkpoints/content_asr_whisper_medium_quran_v2_weighted,data\uploads\segments\user_4fdd1fdb18694844a382c6ee718929da\free_detect\user_4fdd1fdb18694844a382c6ee718929da_free_segment_005.wav,5.728,0.7814743000199087,0.1364305691375539,ازل من قبلك ومن اخيرتهم يوقنون,30,ok,
checkpoints/content_asr_whisper_medium_quran_v2_weighted,data\uploads\segments\user_4fdd1fdb18694844a382c6ee718929da\free_detect\user_4fdd1fdb18694844a382c6ee718929da_free_segment_006.wav,9.252,0.9319606999924872,0.10073072849032502,اولئك علي هلا من ربهم واولئك هم المفلحون,40,ok,
checkpoints/content_asr_whisper_medium_quran_v2_weighted,data\uploads\segments\user_538bf9826ba5403f9790a437aa771e16\free_detect\user_538bf9826ba5403f9790a437aa771e16_free_segment_001.wav,3.74,0.37720220000483096,0.10085620320984784,الم,3,ok,
checkpoints/content_asr_whisper_medium_quran_v2_weighted,data\uploads\segments\user_538bf9826ba5403f9790a437aa771e16\free_detect\user_538bf9826ba5403f9790a437aa771e16_free_segment_002.wav,4.979,0.7856354000105057,0.1577897971501317,ذلك الكتاب لا ريب فيه هدي للمتقين,33,ok,
checkpoints/content_asr_whisper_medium_quran_v2_weighted,data\uploads\segments\user_538bf9826ba5403f9790a437aa771e16\free_detect\user_538bf9826ba5403f9790a437aa771e16_free_segment_003.wav,25.721,2.7524514000106137,0.107011834688022,الذين يؤمنون بالغيب ويقيمون الصلاه ومما رزقناهم ينفقون والذين اؤمنون بما انزل اليك وما انزلا من قبلك وبالاخره هم يؤقنون اولئك علي هدي من ربهم واولئك هو المفلحون,160,ok,
checkpoints/content_asr_whisper_medium_quran_v2_weighted,data\uploads\segments\user_5441c14ba6344179b291f3d0c78dc264\natural\user_5441c14ba6344179b291f3d0c78dc264_natural_segment_001.wav,3.565,0.4968870999873616,0.13937927068369188,بسم الله الرحمن الرحيم,22,ok,
checkpoints/content_asr_whisper_medium_quran_v2_weighted,data\uploads\segments\user_5441c14ba6344179b291f3d0c78dc264\natural\user_5441c14ba6344179b291f3d0c78dc264_natural_segment_002.wav,3.523,0.5512323000002652,0.1564667328981735,الحمد لله رب العالمين,21,ok,
checkpoints/content_asr_whisper_medium_quran_v2_weighted,data\uploads\segments\user_5441c14ba6344179b291f3d0c78dc264\natural\user_5441c14ba6344179b291f3d0c78dc264_natural_segment_003.wav,3.023,0.4405407000158448,0.14572963943627018,الرحمن الرحيم,13,ok,
checkpoints/content_asr_whisper_medium_quran_v2_weighted,data\uploads\segments\user_5441c14ba6344179b291f3d0c78dc264\natural\user_5441c14ba6344179b291f3d0c78dc264_natural_segment_004.wav,3.051,0.47982609999598935,0.15726846935299552,مالك يومتين,11,ok,
checkpoints/content_asr_whisper_medium_quran_v2_weighted,data\uploads\segments\user_5441c14ba6344179b291f3d0c78dc264\natural\user_5441c14ba6344179b291f3d0c78dc264_natural_segment_005.wav,3.923,0.6135254999971949,0.1563919194486859,اياك نعبد واياك نستعين,22,ok,
checkpoints/content_asr_whisper_medium_quran_v2_weighted,data\uploads\segments\user_5441c14ba6344179b291f3d0c78dc264\natural\user_5441c14ba6344179b291f3d0c78dc264_natural_segment_006.wav,2.966,0.5453926999762189,0.18388155764538733,يهدنا الصيراض المستقيم,22,ok,
checkpoints/content_asr_whisper_medium_quran_v2_weighted,data\uploads\segments\user_5441c14ba6344179b291f3d0c78dc264\natural\user_5441c14ba6344179b291f3d0c78dc264_natural_segment_007.wav,7.794,0.9647600000025705,0.12378239671575192,صراض الذين انعمت عنهم ويرد مغضوب عنهم ورطانين,45,ok,
checkpoints/content_asr_whisper_medium_quran_v2_weighted,data\uploads\segments\user_61cdcdaa87eb4d83af34df6280b042bf\free_detect\user_61cdcdaa87eb4d83af34df6280b042bf_free_segment_001.wav,2.852,0.3645002999983262,0.12780515427711298,الفلاميم,8,ok,
checkpoints/content_asr_whisper_medium_quran_v2_weighted,data\uploads\segments\user_61cdcdaa87eb4d83af34df6280b042bf\free_detect\user_61cdcdaa87eb4d83af34df6280b042bf_free_segment_002.wav,4.948,0.8399433000013232,0.16975410266801197,ذلك الكتاب لا ريب فيه هدي للمتقين,33,ok,
checkpoints/content_asr_whisper_medium_quran_v2_weighted,data\uploads\segments\user_61cdcdaa87eb4d83af34df6280b042bf\natural\user_61cdcdaa87eb4d83af34df6280b042bf_natural_segment_001.wav,2.852,0.3693066000123508,0.12949039271120297,الفلاميم,8,ok,
checkpoints/content_asr_whisper_medium_quran_v2_weighted,data\uploads\segments\user_61cdcdaa87eb4d83af34df6280b042bf\natural\user_61cdcdaa87eb4d83af34df6280b042bf_natural_segment_002.wav,4.948,0.7777418000041507,0.1571830638650264,ذلك الكتاب لا ريب فيه هدي للمتقين,33,ok,
checkpoints/content_asr_whisper_medium_quran_v2_weighted,data\uploads\segments\user_64a62bd456da4b6b840590b70eabc2dd\natural\user_64a62bd456da4b6b840590b70eabc2dd_natural_segment_001.wav,4.098,0.35397500000544824,0.08637750122143686,ارفلامي,7,ok,
checkpoints/content_asr_whisper_medium_quran_v2_weighted,data\uploads\segments\user_64a62bd456da4b6b840590b70eabc2dd\natural\user_64a62bd456da4b6b840590b70eabc2dd_natural_segment_002.wav,5.457,0.7573071999941021,0.13877720359063628,ذلك الكتاب لا ريب فيه هدي للمتقين,33,ok,
checkpoints/content_asr_whisper_medium_quran_v2_weighted,data\uploads\segments\user_64a62bd456da4b6b840590b70eabc2dd\natural\user_64a62bd456da4b6b840590b70eabc2dd_natural_segment_003.wav,8.385,1.1608085999905597,0.1384387119845629,الذين يؤمنون بالغيب ويوقيمون الصلاه ومما رزقناهم ينفقون,55,ok,
checkpoints/content_asr_whisper_medium_quran_v2_weighted,data\uploads\segments\user_661fe355a9524f0b85e68cb23343e5bf\free_detect\user_661fe355a9524f0b85e68cb23343e5bf_free_segment_001.wav,6.6,0.5869636999850627,0.08893389393713072,ولا انتم عابدون ما اعبد,23,ok,
checkpoints/content_asr_whisper_medium_quran_v2_weighted,data\uploads\segments\user_6b87342b6b0e41a0871d8f77711f844e\user_6b87342b6b0e41a0871d8f77711f844e_segment_001.wav,4.909,0.5331564999942202,0.10860796496113674,بسم الله الرحمن الرحيم,22,ok,
checkpoints/content_asr_whisper_medium_quran_v2_weighted,data\uploads\segments\user_6b87342b6b0e41a0871d8f77711f844e\user_6b87342b6b0e41a0871d8f77711f844e_segment_002.wav,6.126,0.5451911000127438,0.08899626183688276,الحمد لله رب العالمين,21,ok,
checkpoints/content_asr_whisper_medium_quran_v2_weighted,data\uploads\segments\user_6b87342b6b0e41a0871d8f77711f844e\user_6b87342b6b0e41a0871d8f77711f844e_segment_003.wav,4.007,0.5467037000053097,0.1364371599713775,الرحمن الرحيم,13,ok,
checkpoints/content_asr_whisper_medium_quran_v2_weighted,data\uploads\segments\user_6b87342b6b0e41a0871d8f77711f844e\user_6b87342b6b0e41a0871d8f77711f844e_segment_004.wav,4.119,0.4469488999748137,0.1085090798676411,منك يغم الدين,13,ok,
checkpoints/content_asr_whisper_medium_quran_v2_weighted,data\uploads\segments\user_6b87342b6b0e41a0871d8f77711f844e\user_6b87342b6b0e41a0871d8f77711f844e_segment_005.wav,5.783,0.6114991999929771,0.10574082655939426,اياك نعبد واياك نستعيد,22,ok,
checkpoints/content_asr_whisper_medium_quran_v2_weighted,data\uploads\segments\user_6b87342b6b0e41a0871d8f77711f844e\user_6b87342b6b0e41a0871d8f77711f844e_segment_006.wav,4.569,0.5573394999955781,0.12198281899662466,اهدنا الصراط المستقيم,21,ok,
checkpoints/content_asr_whisper_medium_quran_v2_weighted,data\uploads\segments\user_6b87342b6b0e41a0871d8f77711f844e\user_6b87342b6b0e41a0871d8f77711f844e_segment_007.wav,10.687,0.9574771999905352,0.08959270141204596,صراض الذين انعمت عليهم غير المغضوب عليهم ولا الطالين,52,ok,
checkpoints/content_asr_whisper_medium_quran_v2_weighted,data\uploads\segments\user_6ccbdac702be4dbcb9236d631cf625d6\free_detect\user_6ccbdac702be4dbcb9236d631cf625d6_free_segment_001.wav,3.842,0.36989190001622774,0.0962758719459208,الافلامي,8,ok,
checkpoints/content_asr_whisper_medium_quran_v2_weighted,data\uploads\segments\user_6ccbdac702be4dbcb9236d631cf625d6\free_detect\user_6ccbdac702be4dbcb9236d631cf625d6_free_segment_002.wav,7.376,0.8135721000144258,0.11029990509956966,ذلك الكتاب لا ريب فيه هدي للمتقين,33,ok,
checkpoints/content_asr_whisper_medium_quran_v2_weighted,data\uploads\segments\user_6ccbdac702be4dbcb9236d631cf625d6\free_detect\user_6ccbdac702be4dbcb9236d631cf625d6_free_segment_003.wav,10.894,1.1561547000019345,0.10612765742628369,الذين يؤمنون بالغيب ويقيمون الصلاه ومما رزقناهم ينفقون,54,ok,
checkpoints/content_asr_whisper_medium_quran_v2_weighted,data\uploads\segments\user_6ccbdac702be4dbcb9236d631cf625d6\free_detect\user_6ccbdac702be4dbcb9236d631cf625d6_free_segment_004.wav,13.198,1.2651225000154227,0.095857137446236,والذين يؤمنون بما انزل اليك وما اوزل من قبلك وبالاخره هم يوقنون,63,ok,
checkpoints/content_asr_whisper_medium_quran_v2_weighted,data\uploads\segments\user_6ccbdac702be4dbcb9236d631cf625d6\natural\user_6ccbdac702be4dbcb9236d631cf625d6_natural_segment_001.wav,3.842,0.3596204000059515,0.09360239458770211,الافلامي,8,ok,
checkpoints/content_asr_whisper_medium_quran_v2_weighted,data\uploads\segments\user_6ccbdac702be4dbcb9236d631cf625d6\natural\user_6ccbdac702be4dbcb9236d631cf625d6_natural_segment_002.wav,7.376,0.7722283999901265,0.10469473969497375,ذلك الكتاب لا ريب فيه هدي للمتقين,33,ok,
checkpoints/content_asr_whisper_medium_quran_v2_weighted,data\uploads\segments\user_6ccbdac702be4dbcb9236d631cf625d6\natural\user_6ccbdac702be4dbcb9236d631cf625d6_natural_segment_003.wav,10.894,1.1406473999959417,0.10470418578997077,الذين يؤمنون بالغيب ويقيمون الصلاه ومما رزقناهم ينفقون,54,ok,
checkpoints/content_asr_whisper_medium_quran_v2_weighted,data\uploads\segments\user_6ccbdac702be4dbcb9236d631cf625d6\natural\user_6ccbdac702be4dbcb9236d631cf625d6_natural_segment_004.wav,13.198,1.236366699973587,0.09367833762491187,والذين يؤمنون بما انزل اليك وما اوزل من قبلك وبالاخره هم يوقنون,63,ok,
checkpoints/content_asr_whisper_medium_quran_v2_weighted,data\uploads\segments\user_756fc1a0e110499c9e2085b269f2c0af\user_756fc1a0e110499c9e2085b269f2c0af_segment_001.wav,1.009,0.37870939998538233,0.3753314172303096,المصبحين,8,ok,
checkpoints/content_asr_whisper_medium_quran_v2_weighted,data\uploads\segments\user_756fc1a0e110499c9e2085b269f2c0af\user_756fc1a0e110499c9e2085b269f2c0af_segment_002.wav,3.947,0.5151486999820918,0.13051651887055785,بسم الله الرحمن الرحيم,22,ok,
checkpoints/content_asr_whisper_medium_quran_v2_weighted,data\uploads\segments\user_756fc1a0e110499c9e2085b269f2c0af\user_756fc1a0e110499c9e2085b269f2c0af_segment_003.wav,0.766,0.43450730000040494,0.5672419060057505,المصبحين,8,ok,
checkpoints/content_asr_whisper_medium_quran_v2_weighted,data\uploads\segments\user_756fc1a0e110499c9e2085b269f2c0af\user_756fc1a0e110499c9e2085b269f2c0af_segment_004.wav,4.674,0.5437363999953959,0.11633213521510395,الحمد لله رب العالمين,21,ok,
checkpoints/content_asr_whisper_medium_quran_v2_weighted,data\uploads\segments\user_756fc1a0e110499c9e2085b269f2c0af\user_756fc1a0e110499c9e2085b269f2c0af_segment_005.wav,4.633,0.43310419999761507,0.09348245197444746,الرحمن الرحيم,13,ok,
checkpoints/content_asr_whisper_medium_quran_v2_weighted,data\uploads\segments\user_756fc1a0e110499c9e2085b269f2c0af\user_756fc1a0e110499c9e2085b269f2c0af_segment_006.wav,4.398,0.4050123000051826,0.09209010914169682,ملك يوم الدين,13,ok,
checkpoints/content_asr_whisper_medium_quran_v2_weighted,data\uploads\segments\user_756fc1a0e110499c9e2085b269f2c0af\user_756fc1a0e110499c9e2085b269f2c0af_segment_007.wav,5.726,0.696476499986602,0.12163403772032867,اياك نعبد واياك نستعين,22,ok,
checkpoints/content_asr_whisper_medium_quran_v2_weighted,data\uploads\segments\user_756fc1a0e110499c9e2085b269f2c0af\user_756fc1a0e110499c9e2085b269f2c0af_segment_008.wav,0.734,0.4300482000107877,0.5858967302599287,مرحبا,5,ok,
checkpoints/content_asr_whisper_medium_quran_v2_weighted,data\uploads\segments\user_756fc1a0e110499c9e2085b269f2c0af\user_756fc1a0e110499c9e2085b269f2c0af_segment_009.wav,4.016,0.5531479999772273,0.13773605577122194,اهدنا الصراط المستقيم,21,ok,
checkpoints/content_asr_whisper_medium_quran_v2_weighted,data\uploads\segments\user_756fc1a0e110499c9e2085b269f2c0af\user_756fc1a0e110499c9e2085b269f2c0af_segment_010.wav,7.506,0.7735971999936737,0.10306384225868288,صراط الذي لانعمت عليهم غير المغضوب عليهم ولا,44,ok,
checkpoints/content_asr_whisper_medium_quran_v2_weighted,data\uploads\segments\user_756fc1a0e110499c9e2085b269f2c0af\user_756fc1a0e110499c9e2085b269f2c0af_segment_011.wav,5.251,0.3268586000194773,0.06224692439906252,طاليت,5,ok,
checkpoints/content_asr_whisper_medium_quran_v2_weighted,data\uploads\segments\user_797063addc5f4de589a44aba3b26fa94\free_detect\user_797063addc5f4de589a44aba3b26fa94_free_segment_001.wav,4.055,0.297279599995818,0.07331186189785895,الم,3,ok,
checkpoints/content_asr_whisper_medium_quran_v2_weighted,data\uploads\segments\user_797063addc5f4de589a44aba3b26fa94\free_detect\user_797063addc5f4de589a44aba3b26fa94_free_segment_002.wav,6.416,0.7197869999799877,0.11218625311408786,ذلك الكتاب العريب فيه هدي للمتقين,33,ok,
checkpoints/content_asr_whisper_medium_quran_v2_weighted,data\uploads\segments\user_797063addc5f4de589a44aba3b26fa94\free_detect\user_797063addc5f4de589a44aba3b26fa94_free_segment_003.wav,9.517,1.1436007999873254,0.12016400125956977,الذين يؤمنون بالغيب ويوقيمون الصلاه ومما رزقناهم ينفقون,55,ok,
checkpoints/content_asr_whisper_medium_quran_v2_weighted,data\uploads\segments\user_797063addc5f4de589a44aba3b26fa94\free_detect\user_797063addc5f4de589a44aba3b26fa94_free_segment_004.wav,12.54,1.2676824000081979,0.10109110047912265,والذين يؤمنون بما انزل اليك وما انزل من قبلك وبالاخره هم يوقنون,63,ok,
checkpoints/content_asr_whisper_medium_quran_v2_weighted,data\uploads\segments\user_797063addc5f4de589a44aba3b26fa94\free_detect\user_797063addc5f4de589a44aba3b26fa94_free_segment_005.wav,8.844,0.8424636000127066,0.09525820895666064,اولئك علي هدي من ربهم واولئك هم المفلحون,40,ok,
checkpoints/content_asr_whisper_medium_quran_v2_weighted,data\uploads\segments\user_797063addc5f4de589a44aba3b26fa94\natural\user_797063addc5f4de589a44aba3b26fa94_natural_segment_001.wav,4.055,0.2927514000039082,0.07219516646212287,الم,3,ok,
checkpoints/content_asr_whisper_medium_quran_v2_weighted,data\uploads\segments\user_797063addc5f4de589a44aba3b26fa94\natural\user_797063addc5f4de589a44aba3b26fa94_natural_segment_002.wav,6.416,0.7082372999866493,0.11038611284081191,ذلك الكتاب العريب فيه هدي للمتقين,33,ok,
checkpoints/content_asr_whisper_medium_quran_v2_weighted,data\uploads\segments\user_797063addc5f4de589a44aba3b26fa94\natural\user_797063addc5f4de589a44aba3b26fa94_natural_segment_003.wav,9.517,1.150508999999147,0.12088988126501492,الذين يؤمنون بالغيب ويوقيمون الصلاه ومما رزقناهم ينفقون,55,ok,
checkpoints/content_asr_whisper_medium_quran_v2_weighted,data\uploads\segments\user_797063addc5f4de589a44aba3b26fa94\natural\user_797063addc5f4de589a44aba3b26fa94_natural_segment_004.wav,12.54,1.2434288999938872,0.09915700956889054,والذين يؤمنون بما انزل اليك وما انزل من قبلك وبالاخره هم يوقنون,63,ok,
checkpoints/content_asr_whisper_medium_quran_v2_weighted,data\uploads\segments\user_797063addc5f4de589a44aba3b26fa94\natural\user_797063addc5f4de589a44aba3b26fa94_natural_segment_005.wav,8.844,0.8452270000125282,0.09557066938178745,اولئك علي هدي من ربهم واولئك هم المفلحون,40,ok,
checkpoints/content_asr_whisper_medium_quran_v2_weighted,data\uploads\segments\user_7c619fc776f44f8c8449dcb29c4d8851\user_7c619fc776f44f8c8449dcb29c4d8851_segment_001.wav,4.716,0.5151244000007864,0.1092290924513966,بسم الله الرحمن الرحيم,22,ok,
checkpoints/content_asr_whisper_medium_quran_v2_weighted,data\uploads\segments\user_7c619fc776f44f8c8449dcb29c4d8851\user_7c619fc776f44f8c8449dcb29c4d8851_segment_002.wav,4.911,0.5308536000084132,0.10809480757654515,الحمد لله رب العالمين,21,ok,
checkpoints/content_asr_whisper_medium_quran_v2_weighted,data\uploads\segments\user_7c619fc776f44f8c8449dcb29c4d8851\user_7c619fc776f44f8c8449dcb29c4d8851_segment_003.wav,3.201,0.46106160001363605,0.14403673852347268,الرحمن الرحيم,13,ok,
checkpoints/content_asr_whisper_medium_quran_v2_weighted,data\uploads\segments\user_7c619fc776f44f8c8449dcb29c4d8851\user_7c619fc776f44f8c8449dcb29c4d8851_segment_004.wav,3.215,0.4125785000214819,0.12832923795380463,منك يوم الدين,13,ok,
checkpoints/content_asr_whisper_medium_quran_v2_weighted,data\uploads\segments\user_7c619fc776f44f8c8449dcb29c4d8851\user_7c619fc776f44f8c8449dcb29c4d8851_segment_005.wav,5.007,0.6034956999938004,0.1205303974423408,اياك نعبد واياك نستعين,22,ok,
checkpoints/content_asr_whisper_medium_quran_v2_weighted,data\uploads\segments\user_7c619fc776f44f8c8449dcb29c4d8851\user_7c619fc776f44f8c8449dcb29c4d8851_segment_006.wav,13.27,1.1522305000107735,0.08682972871219093,اهدنا الصراط المستقيم صراط الذين انعمت عليهم غير المغضوم عليهم ولا الطالين,74,ok,
checkpoints/content_asr_whisper_medium_quran_v2_weighted,data\uploads\segments\user_80d7a099719e4c3e8bb9b262ef87b399\expected_count\user_80d7a099719e4c3e8bb9b262ef87b399_expected_segment_001.wav,4.189,0.5152225999918301,0.12299417521886609,بسم الله الرحمن الرحيم,22,ok,
checkpoints/content_asr_whisper_medium_quran_v2_weighted,data\uploads\segments\user_80d7a099719e4c3e8bb9b262ef87b399\expected_count\user_80d7a099719e4c3e8bb9b262ef87b399_expected_segment_002.wav,4.241,0.5249987999850418,0.12379127563901011,الحمد لله رب العالمين,21,ok,
checkpoints/content_asr_whisper_medium_quran_v2_weighted,data\uploads\segments\user_80d7a099719e4c3e8bb9b262ef87b399\expected_count\user_80d7a099719e4c3e8bb9b262ef87b399_expected_segment_003.wav,3.132,0.4525220000068657,0.14448339719248585,الرحمن الرحيم,13,ok,
checkpoints/content_asr_whisper_medium_quran_v2_weighted,data\uploads\segments\user_80d7a099719e4c3e8bb9b262ef87b399\expected_count\user_80d7a099719e4c3e8bb9b262ef87b399_expected_segment_004.wav,2.998,0.43450059997849166,0.1449301534284495,ملك يوم الدين,13,ok,
checkpoints/content_asr_whisper_medium_quran_v2_weighted,data\uploads\segments\user_80d7a099719e4c3e8bb9b262ef87b399\expected_count\user_80d7a099719e4c3e8bb9b262ef87b399_expected_segment_005.wav,4.405,0.6395378000161145,0.1451845175973018,اياك نعبد واياك نستعين,22,ok,
checkpoints/content_asr_whisper_medium_quran_v2_weighted,data\uploads\segments\user_80d7a099719e4c3e8bb9b262ef87b399\expected_count\user_80d7a099719e4c3e8bb9b262ef87b399_expected_segment_006.wav,9.775,1.321624600008363,0.13520456266070208,اهدنا الصراط المستقيم وصراط الذين انامت عليهم ويري المغضوب عليهم ورضطالين,73,ok,
checkpoints/content_asr_whisper_medium_quran_v2_weighted,data\uploads\segments\user_80d7a099719e4c3e8bb9b262ef87b399\natural\user_80d7a099719e4c3e8bb9b262ef87b399_natural_segment_001.wav,4.189,0.5372192999930121,0.1282452375251879,بسم الله الرحمن الرحيم,22,ok,
checkpoints/content_asr_whisper_medium_quran_v2_weighted,data\uploads\segments\user_80d7a099719e4c3e8bb9b262ef87b399\natural\user_80d7a099719e4c3e8bb9b262ef87b399_natural_segment_002.wav,4.241,0.524611399974674,0.12369992925599482,الحمد لله رب العالمين,21,ok,
checkpoints/content_asr_whisper_medium_quran_v2_weighted,data\uploads\segments\user_80d7a099719e4c3e8bb9b262ef87b399\natural\user_80d7a099719e4c3e8bb9b262ef87b399_natural_segment_003.wav,3.132,0.4329460000153631,0.1382330779103969,الرحمن الرحيم,13,ok,
checkpoints/content_asr_whisper_medium_quran_v2_weighted,data\uploads\segments\user_80d7a099719e4c3e8bb9b262ef87b399\natural\user_80d7a099719e4c3e8bb9b262ef87b399_natural_segment_004.wav,2.998,0.43305610000970773,0.14444833222471903,ملك يوم الدين,13,ok,
checkpoints/content_asr_whisper_medium_quran_v2_weighted,data\uploads\segments\user_80d7a099719e4c3e8bb9b262ef87b399\natural\user_80d7a099719e4c3e8bb9b262ef87b399_natural_segment_005.wav,4.405,0.6323802999977488,0.143559659477355,اياك نعبد واياك نستعين,22,ok,
checkpoints/content_asr_whisper_medium_quran_v2_weighted,data\uploads\segments\user_80d7a099719e4c3e8bb9b262ef87b399\natural\user_80d7a099719e4c3e8bb9b262ef87b399_natural_segment_006.wav,9.775,1.3041119999834336,0.13341299232567094,اهدنا الصراط المستقيم وصراط الذين انامت عليهم ويري المغضوب عليهم ورضطالين,73,ok,
checkpoints/content_asr_whisper_medium_quran_v2_weighted,data\uploads\segments\user_82f3fad1cb9844c89c8e73ac9e0f75d7\free_detect\user_82f3fad1cb9844c89c8e73ac9e0f75d7_free_segment_001.wav,3.438,0.3232009999919683,0.09400843513437122,الفلام,6,ok,
checkpoints/content_asr_whisper_medium_quran_v2_weighted,data\uploads\segments\user_82f3fad1cb9844c89c8e73ac9e0f75d7\free_detect\user_82f3fad1cb9844c89c8e73ac9e0f75d7_free_segment_002.wav,1.228,0.4029162999941036,0.3281077361515502,مرحبا,5,ok,
checkpoints/content_asr_whisper_medium_quran_v2_weighted,data\uploads\segments\user_82f3fad1cb9844c89c8e73ac9e0f75d7\free_detect\user_82f3fad1cb9844c89c8e73ac9e0f75d7_free_segment_003.wav,1.435,0.47023010000702925,0.32768648084113533,اشترك في القناه,15,ok,
checkpoints/content_asr_whisper_medium_quran_v2_weighted,data\uploads\segments\user_82f3fad1cb9844c89c8e73ac9e0f75d7\free_detect\user_82f3fad1cb9844c89c8e73ac9e0f75d7_free_segment_004.wav,5.994,0.7629519000183791,0.1272859359390022,ذلك الكتاب لا ريب فيه هنا للمتقين,33,ok,
checkpoints/content_asr_whisper_medium_quran_v2_weighted,data\uploads\segments\user_903a00606b734faa8a92068465b9ebf3\user_903a00606b734faa8a92068465b9ebf3_segment_001.wav,4.909,0.5124325999931898,0.1043863515977164,بسم الله الرحمن الرحيم,22,ok,
checkpoints/content_asr_whisper_medium_quran_v2_weighted,data\uploads\segments\user_903a00606b734faa8a92068465b9ebf3\user_903a00606b734faa8a92068465b9ebf3_segment_002.wav,1.165,0.4322727999824565,0.37104961371884676,مرحبا,5,ok,
checkpoints/content_asr_whisper_medium_quran_v2_weighted,data\uploads\segments\user_903a00606b734faa8a92068465b9ebf3\user_903a00606b734faa8a92068465b9ebf3_segment_003.wav,4.961,0.5138009000220336,0.10356801048619907,الحمد لله رب العالمين,21,ok,
checkpoints/content_asr_whisper_medium_quran_v2_weighted,data\uploads\segments\user_903a00606b734faa8a92068465b9ebf3\user_903a00606b734faa8a92068465b9ebf3_segment_004.wav,4.007,0.4549416999798268,0.11353673570746864,الرحمن الرحيم,13,ok,
checkpoints/content_asr_whisper_medium_quran_v2_weighted,data\uploads\segments\user_903a00606b734faa8a92068465b9ebf3\user_903a00606b734faa8a92068465b9ebf3_segment_005.wav,4.119,0.46215370000572875,0.1122004612783998,منك يغم الدين,13,ok,
checkpoints/content_asr_whisper_medium_quran_v2_weighted,data\uploads\segments\user_903a00606b734faa8a92068465b9ebf3\user_903a00606b734faa8a92068465b9ebf3_segment_006.wav,5.783,0.638372099987464,0.11038770534107971,اياك نعبد واياك نستعيد,22,ok,
checkpoints/content_asr_whisper_medium_quran_v2_weighted,data\uploads\segments\user_903a00606b734faa8a92068465b9ebf3\user_903a00606b734faa8a92068465b9ebf3_segment_007.wav,4.569,0.5740517000085674,0.1256405559222078,اهدنا الصراط المستقيم,21,ok,
checkpoints/content_asr_whisper_medium_quran_v2_weighted,data\uploads\segments\user_903a00606b734faa8a92068465b9ebf3\user_903a00606b734faa8a92068465b9ebf3_segment_008.wav,10.687,0.9022498000122141,0.08442498362610781,صراض الذين انعمت عليهم غير المغضوب عليهم ولا الطالين,52,ok,
checkpoints/content_asr_whisper_medium_quran_v2_weighted,data\uploads\segments\user_9115069d6f0c48a8a312dddf09d0c142\natural\user_9115069d6f0c48a8a312dddf09d0c142_natural_segment_001.wav,3.06,0.3539110999845434,0.11565722221717105,الفلاميم,8,ok,
checkpoints/content_asr_whisper_medium_quran_v2_weighted,data\uploads\segments\user_9115069d6f0c48a8a312dddf09d0c142\natural\user_9115069d6f0c48a8a312dddf09d0c142_natural_segment_002.wav,4.918,0.7826342000043951,0.15913668157877087,ذلك الكتاب لا ريب فيه هدي للمتقين,33,ok,
checkpoints/content_asr_whisper_medium_quran_v2_weighted,data\uploads\segments\user_9115069d6f0c48a8a312dddf09d0c142\natural\user_9115069d6f0c48a8a312dddf09d0c142_natural_segment_003.wav,8.402,1.1564605000021402,0.13764109735802668,الذين يؤمنون بالغيب ويقيمون الصلاتهم مما رزقناهم ينفقون,55,ok,
checkpoints/content_asr_whisper_medium_quran_v2_weighted,data\uploads\segments\user_9cafdbcf709940d1a422dd612d33c714\natural\user_9cafdbcf709940d1a422dd612d33c714_natural_segment_001.wav,3.688,0.3763381000026129,0.10204395336296446,الم,3,ok,
checkpoints/content_asr_whisper_medium_quran_v2_weighted,data\uploads\segments\user_9cafdbcf709940d1a422dd612d33c714\natural\user_9cafdbcf709940d1a422dd612d33c714_natural_segment_002.wav,4.565,0.7718775999965146,0.16908600218981698,ذلك الكتاب لا ريب فيه هدي للوتقين,33,ok,
checkpoints/content_asr_whisper_medium_quran_v2_weighted,data\uploads\segments\user_9cafdbcf709940d1a422dd612d33c714\natural\user_9cafdbcf709940d1a422dd612d33c714_natural_segment_003.wav,8.367,1.186531700019259,0.14181088801473155,الذين يؤمنون بالغيب ويقيمون الصلاه ومما رزقناهم ينفقون,54,ok,
checkpoints/content_asr_whisper_medium_quran_v2_weighted,data\uploads\segments\user_a91a31dfbfda4e3188d6e9d86a7d7def\natural\user_a91a31dfbfda4e3188d6e9d86a7d7def_natural_segment_001.wav,2.92,0.3562404999975115,0.12200017123202449,الم,3,ok,
checkpoints/content_asr_whisper_medium_quran_v2_weighted,data\uploads\segments\user_a91a31dfbfda4e3188d6e9d86a7d7def\natural\user_a91a31dfbfda4e3188d6e9d86a7d7def_natural_segment_002.wav,5.115,0.7369859000027645,0.14408326490767634,ذلك الكتاب الارب فيه هودا للمتقين,33,ok,
checkpoints/content_asr_whisper_medium_quran_v2_weighted,data\uploads\segments\user_a91a31dfbfda4e3188d6e9d86a7d7def\natural\user_a91a31dfbfda4e3188d6e9d86a7d7def_natural_segment_003.wav,8.67,1.1484921000082977,0.1324673702431716,الذين يؤمنون بالغيب ويقيمون الصلاه ومما رزقناهم يوفقون,54,ok,
checkpoints/content_asr_whisper_medium_quran_v2_weighted,data\uploads\segments\user_ad3f7df582ee4bd3bedb9eac16cfd897\natural\user_ad3f7df582ee4bd3bedb9eac16cfd897_natural_segment_001.wav,3.694,0.3430954999930691,0.09287912831431215,الفلام,6,ok,
checkpoints/content_asr_whisper_medium_quran_v2_weighted,data\uploads\segments\user_ad3f7df582ee4bd3bedb9eac16cfd897\natural\user_ad3f7df582ee4bd3bedb9eac16cfd897_natural_segment_002.wav,5.642,0.7642831999983173,0.13546316908867728,ذلك الكتاب الاريب فيه هدي للمتقين,33,ok,
checkpoints/content_asr_whisper_medium_quran_v2_weighted,data\uploads\segments\user_ad3f7df582ee4bd3bedb9eac16cfd897\natural\user_ad3f7df582ee4bd3bedb9eac16cfd897_natural_segment_003.wav,7.824,1.1178781999915373,0.14287809304595314,الذين يؤمنون بالغيب ويقيمون الصلاه ومما رزقناهم ينفقون,54,ok,
checkpoints/content_asr_whisper_medium_quran_v2_weighted,data\uploads\segments\user_b17c310f031a4e3baa1d4fd41cfd6171\natural\user_b17c310f031a4e3baa1d4fd41cfd6171_natural_segment_001.wav,3.067,0.3482524999999441,0.11354825562437043,ارفلاميم,8,ok,
checkpoints/content_asr_whisper_medium_quran_v2_weighted,data\uploads\segments\user_b17c310f031a4e3baa1d4fd41cfd6171\natural\user_b17c310f031a4e3baa1d4fd41cfd6171_natural_segment_002.wav,5.903,0.7283683000132442,0.12338951380878269,ذلك الكتاب لا ريب فيه هدي للمتقين,33,ok,
checkpoints/content_asr_whisper_medium_quran_v2_weighted,data\uploads\segments\user_b17c310f031a4e3baa1d4fd41cfd6171\natural\user_b17c310f031a4e3baa1d4fd41cfd6171_natural_segment_003.wav,8.85,1.0901394999818876,0.12317960451772743,الذين يؤمنون بالغيب يقيمون الصلاه ومما رزقناهم يوفقون,53,ok,
checkpoints/content_asr_whisper_medium_quran_v2_weighted,data\uploads\segments\user_b2a83a09e012434b99c1618f17dd7dbb\expected_count\user_b2a83a09e012434b99c1618f17dd7dbb_expected_segment_001.wav,0.84,0.47002330000395887,0.5595515476237606,مرحبا,5,ok,
checkpoints/content_asr_whisper_medium_quran_v2_weighted,data\uploads\segments\user_b2a83a09e012434b99c1618f17dd7dbb\expected_count\user_b2a83a09e012434b99c1618f17dd7dbb_expected_segment_002.wav,8.106,0.8162054999847896,0.10069152479457065,الفلاميم ذلك الكتاب العرب فيه هدي للمتقين,41,ok,
checkpoints/content_asr_whisper_medium_quran_v2_weighted,data\uploads\segments\user_b2a83a09e012434b99c1618f17dd7dbb\expected_count\user_b2a83a09e012434b99c1618f17dd7dbb_expected_segment_003.wav,8.454,1.184423999977298,0.14010220013925928,الذين يؤمنون بالغيب ويقيمون الصلاه ومما رزقناهم يوفقون,54,ok,
checkpoints/content_asr_whisper_medium_quran_v2_weighted,data\uploads\segments\user_b2a83a09e012434b99c1618f17dd7dbb\natural\user_b2a83a09e012434b99c1618f17dd7dbb_natural_segment_001.wav,3.03,0.36475339997559786,0.1203806600579531,الفلاميم,8,ok,
checkpoints/content_asr_whisper_medium_quran_v2_weighted,data\uploads\segments\user_b2a83a09e012434b99c1618f17dd7dbb\natural\user_b2a83a09e012434b99c1618f17dd7dbb_natural_segment_002.wav,5.076,0.7560349000268616,0.14894304571057163,ذلك الكتاب الارب فيه هدي للمتقين,32,ok,
checkpoints/content_asr_whisper_medium_quran_v2_weighted,data\uploads\segments\user_b2a83a09e012434b99c1618f17dd7dbb\natural\user_b2a83a09e012434b99c1618f17dd7dbb_natural_segment_003.wav,4.553,0.878816900018137,0.193019305956103,الذين يؤمنون بالغيب ويقيمون الصلاه ومم,38,ok,
checkpoints/content_asr_whisper_medium_quran_v2_weighted,data\uploads\segments\user_b2a83a09e012434b99c1618f17dd7dbb\natural\user_b2a83a09e012434b99c1618f17dd7dbb_natural_segment_004.wav,3.901,0.5573547000240069,0.1428748269735983,ما رزقناهم ينفقون,17,ok,
checkpoints/content_asr_whisper_medium_quran_v2_weighted,data\uploads\segments\user_b4f9d0dae5494de08eb78b92bc9cd691\expected_count\user_b4f9d0dae5494de08eb78b92bc9cd691_expected_segment_001.wav,3.351,0.3604114999761805,0.10755341688337228,الافلام,7,ok,
checkpoints/content_asr_whisper_medium_quran_v2_weighted,data\uploads\segments\user_b4f9d0dae5494de08eb78b92bc9cd691\expected_count\user_b4f9d0dae5494de08eb78b92bc9cd691_expected_segment_002.wav,1.657,0.33177630000864156,0.20022709716876377,ميم,3,ok,
checkpoints/content_asr_whisper_medium_quran_v2_weighted,data\uploads\segments\user_b4f9d0dae5494de08eb78b92bc9cd691\expected_count\user_b4f9d0dae5494de08eb78b92bc9cd691_expected_segment_003.wav,13.892,1.6887960000021849,0.12156608119796897,ذلك الكتاب الاعريب فيه هدي للمتقين الذين يؤمنون بالغيب ويقيمون الصلاه ومما رزقناهم يوفقون,89,ok,
checkpoints/content_asr_whisper_medium_quran_v2_weighted,data\uploads\segments\user_b4f9d0dae5494de08eb78b92bc9cd691\natural\user_b4f9d0dae5494de08eb78b92bc9cd691_natural_segment_001.wav,3.351,0.35004900000058115,0.10446105640124773,الافلام,7,ok,
checkpoints/content_asr_whisper_medium_quran_v2_weighted,data\uploads\segments\user_b4f9d0dae5494de08eb78b92bc9cd691\natural\user_b4f9d0dae5494de08eb78b92bc9cd691_natural_segment_002.wav,1.657,0.322771900013322,0.19479293905450937,ميم,3,ok,
checkpoints/content_asr_whisper_medium_quran_v2_weighted,data\uploads\segments\user_b4f9d0dae5494de08eb78b92bc9cd691\natural\user_b4f9d0dae5494de08eb78b92bc9cd691_natural_segment_003.wav,6.038,0.7371836999955121,0.1220907088432448,ذلك الكتاب الاعرب فيه هدي للمتقين,33,ok,
checkpoints/content_asr_whisper_medium_quran_v2_weighted,data\uploads\segments\user_b4f9d0dae5494de08eb78b92bc9cd691\natural\user_b4f9d0dae5494de08eb78b92bc9cd691_natural_segment_004.wav,7.854,1.1178988000028767,0.1423349630765058,الذين يؤمنون بالغيب ويقيمون الصلاه ومما رزقناهم يوفقون,54,ok,
checkpoints/content_asr_whisper_medium_quran_v2_weighted,data\uploads\segments\user_bac7859cc08a4c3abeab7cc889350d7c\natural\user_bac7859cc08a4c3abeab7cc889350d7c_natural_segment_001.wav,4.116,0.3483496999833733,0.08463306607953676,الافلاميم,9,ok,
checkpoints/content_asr_whisper_medium_quran_v2_weighted,data\uploads\segments\user_bac7859cc08a4c3abeab7cc889350d7c\natural\user_bac7859cc08a4c3abeab7cc889350d7c_natural_segment_002.wav,5.745,0.7574078000034206,0.13183773716334563,ذلك الكتاب الاريب فيه هذل المتقين,33,ok,
checkpoints/content_asr_whisper_medium_quran_v2_weighted,data\uploads\segments\user_bac7859cc08a4c3abeab7cc889350d7c\natural\user_bac7859cc08a4c3abeab7cc889350d7c_natural_segment_003.wav,9.279,1.1515772999846376,0.12410575492883259,الذين يؤمنون بالغيب ويقيمون الصلاه ومما رزقناهم ينفقون,54,ok,
checkpoints/content_asr_whisper_medium_quran_v2_weighted,data\uploads\segments\user_be8667796a874785b5299a3ee534bfef\expected_count\user_be8667796a874785b5299a3ee534bfef_expected_segment_001.wav,3.237,0.34858550000353716,0.10768782823711373,الم,3,ok,
checkpoints/content_asr_whisper_medium_quran_v2_weighted,data\uploads\segments\user_be8667796a874785b5299a3ee534bfef\expected_count\user_be8667796a874785b5299a3ee534bfef_expected_segment_002.wav,9.764,0.7714430000050925,0.0790089102831926,ذلك الكتاب لا ريب فيه هدي للمتقين,33,ok,
checkpoints/content_asr_whisper_medium_quran_v2_weighted,data\uploads\segments\user_be8667796a874785b5299a3ee534bfef\expected_count\user_be8667796a874785b5299a3ee534bfef_expected_segment_003.wav,11.059,1.1361415999999736,0.10273456912921364,الذين يؤمنون بالغيب ويقيمون الصلاه ومما رزقناهم ينفقون,54,ok,
checkpoints/content_asr_whisper_medium_quran_v2_weighted,data\uploads\segments\user_be8667796a874785b5299a3ee534bfef\natural\user_be8667796a874785b5299a3ee534bfef_natural_segment_001.wav,3.237,0.35155190000659786,0.10860423231590913,الم,3,ok,
checkpoints/content_asr_whisper_medium_quran_v2_weighted,data\uploads\segments\user_be8667796a874785b5299a3ee534bfef\natural\user_be8667796a874785b5299a3ee534bfef_natural_segment_002.wav,2.295,0.3215490000147838,0.1401084967384679,ميم,3,ok,
checkpoints/content_asr_whisper_medium_quran_v2_weighted,data\uploads\segments\user_be8667796a874785b5299a3ee534bfef\natural\user_be8667796a874785b5299a3ee534bfef_natural_segment_003.wav,7.469,0.7454431999940425,0.09980495380827989,ذلك الكتاب لا ريب فيه هدي للمتقين,33,ok,
checkpoints/content_asr_whisper_medium_quran_v2_weighted,data\uploads\segments\user_be8667796a874785b5299a3ee534bfef\natural\user_be8667796a874785b5299a3ee534bfef_natural_segment_004.wav,11.059,1.1206073999928776,0.10132990324558076,الذين يؤمنون بالغيب ويقيمون الصلاه ومما رزقناهم ينفقون,54,ok,
checkpoints/content_asr_whisper_medium_quran_v2_weighted,data\uploads\segments\user_c41c197221e04ae39c064525cd753bbe\expected_count\user_c41c197221e04ae39c064525cd753bbe_expected_segment_001.wav,1.228,0.42796940001426265,0.3485092833992367,المصبحين,8,ok,
checkpoints/content_asr_whisper_medium_quran_v2_weighted,data\uploads\segments\user_c41c197221e04ae39c064525cd753bbe\expected_count\user_c41c197221e04ae39c064525cd753bbe_expected_segment_002.wav,3.317,0.3484873000124935,0.10506098884910868,الفلاميم,8,ok,
checkpoints/content_asr_whisper_medium_quran_v2_weighted,data\uploads\segments\user_c41c197221e04ae39c064525cd753bbe\expected_count\user_c41c197221e04ae39c064525cd753bbe_expected_segment_003.wav,13.155,1.5990744000009727,0.12155639680737156,ذلك الكتاب العريب فيه هدي للمتقين الذين يؤمنون بالغيب ويقيمون الصلاه ومما رزقناهم ينفقون,88,ok,
checkpoints/content_asr_whisper_medium_quran_v2_weighted,data\uploads\segments\user_c41c197221e04ae39c064525cd753bbe\natural\user_c41c197221e04ae39c064525cd753bbe_natural_segment_001.wav,1.228,0.4332216999900993,0.35278640064340333,المصبحين,8,ok,
checkpoints/content_asr_whisper_medium_quran_v2_weighted,data\uploads\segments\user_c41c197221e04ae39c064525cd753bbe\natural\user_c41c197221e04ae39c064525cd753bbe_natural_segment_002.wav,3.317,0.34882690000813454,0.10516337051797846,الفلاميم,8,ok,
checkpoints/content_asr_whisper_medium_quran_v2_weighted,data\uploads\segments\user_c41c197221e04ae39c064525cd753bbe\natural\user_c41c197221e04ae39c064525cd753bbe_natural_segment_003.wav,5.59,0.7496364999969956,0.13410313058980242,ذلك الكتاب الاريب فيه هدي للمتقين,33,ok,
checkpoints/content_asr_whisper_medium_quran_v2_weighted,data\uploads\segments\user_c41c197221e04ae39c064525cd753bbe\natural\user_c41c197221e04ae39c064525cd753bbe_natural_segment_004.wav,7.565,1.1784596999932546,0.15577788499580364,الذين يؤمنون بالغيب ويوقيمون الصلاه ومما رزقناهم ينفقون,55,ok,
checkpoints/content_asr_whisper_medium_quran_v2_weighted,data\uploads\segments\user_d0f6199fa6a24c17b44faf9a1015746c\free_detect\user_d0f6199fa6a24c17b44faf9a1015746c_free_segment_001.wav,4.934,0.35270499999751337,0.07148459667562086,الفلام,6,ok,
checkpoints/content_asr_whisper_medium_quran_v2_weighted,data\uploads\segments\user_d0f6199fa6a24c17b44faf9a1015746c\free_detect\user_d0f6199fa6a24c17b44faf9a1015746c_free_segment_002.wav,7.315,0.731805199990049,0.10004172248667792,ذلك الكتاب لا ريب فيه هدي للمتقين,33,ok,
checkpoints/content_asr_whisper_medium_quran_v2_weighted,data\uploads\segments\user_d0f6199fa6a24c17b44faf9a1015746c\free_detect\user_d0f6199fa6a24c17b44faf9a1015746c_free_segment_003.wav,9.56,1.1119151999882888,0.1163091213376871,الذين يؤمنون بالغيب يقيمون الصلاه ومما رزقناهم ينفقون,53,ok,
checkpoints/content_asr_whisper_medium_quran_v2_weighted,data\uploads\segments\user_d0f6199fa6a24c17b44faf9a1015746c\free_detect\user_d0f6199fa6a24c17b44faf9a1015746c_free_segment_004.wav,14.248,1.2043023999722209,0.08452431218221652,والذين يؤمنون بما انزل اليك وما انزل من قبلك وبالاخره هم يوقنون,63,ok,
checkpoints/content_asr_whisper_medium_quran_v2_weighted,data\uploads\segments\user_d0f6199fa6a24c17b44faf9a1015746c\free_detect\user_d0f6199fa6a24c17b44faf9a1015746c_free_segment_005.wav,9.383,0.8492204000067431,0.09050627731074744,اولئك علي هدي من ربهم واولئك اهم المفلحون,41,ok,
checkpoints/content_asr_whisper_medium_quran_v2_weighted,data\uploads\segments\user_d0f6199fa6a24c17b44faf9a1015746c\natural\user_d0f6199fa6a24c17b44faf9a1015746c_natural_segment_001.wav,4.934,0.3503966999996919,0.07101676124841749,الفلام,6,ok,
checkpoints/content_asr_whisper_medium_quran_v2_weighted,data\uploads\segments\user_d0f6199fa6a24c17b44faf9a1015746c\natural\user_d0f6199fa6a24c17b44faf9a1015746c_natural_segment_002.wav,7.315,0.7363895000016782,0.100668421052861,ذلك الكتاب لا ريب فيه هدي للمتقين,33,ok,
checkpoints/content_asr_whisper_medium_quran_v2_weighted,data\uploads\segments\user_d0f6199fa6a24c17b44faf9a1015746c\natural\user_d0f6199fa6a24c17b44faf9a1015746c_natural_segment_003.wav,9.56,1.1281022999901325,0.1180023326349511,الذين يؤمنون بالغيب يقيمون الصلاه ومما رزقناهم ينفقون,53,ok,
checkpoints/content_asr_whisper_medium_quran_v2_weighted,data\uploads\segments\user_d0f6199fa6a24c17b44faf9a1015746c\natural\user_d0f6199fa6a24c17b44faf9a1015746c_natural_segment_004.wav,14.248,1.2071211999864317,0.08472215047630768,والذين يؤمنون بما انزل اليك وما انزل من قبلك وبالاخره هم يوقنون,63,ok,
checkpoints/content_asr_whisper_medium_quran_v2_weighted,data\uploads\segments\user_d0f6199fa6a24c17b44faf9a1015746c\natural\user_d0f6199fa6a24c17b44faf9a1015746c_natural_segment_005.wav,9.383,0.8593863999994937,0.09158972610034039,اولئك علي هدي من ربهم واولئك اهم المفلحون,41,ok,
checkpoints/content_asr_whisper_medium_quran_v2_weighted,data\uploads\segments\user_d2365a6e0287446da76c6ef86020f70b\free_detect\user_d2365a6e0287446da76c6ef86020f70b_free_segment_001.wav,1.338,0.43641560000833124,0.3261701046400084,مرحبا,5,ok,
checkpoints/content_asr_whisper_medium_quran_v2_weighted,data\uploads\segments\user_d2365a6e0287446da76c6ef86020f70b\free_detect\user_d2365a6e0287446da76c6ef86020f70b_free_segment_002.wav,2.378,0.35790080000879243,0.1505049621567672,الفلام,6,ok,
checkpoints/content_asr_whisper_medium_quran_v2_weighted,data\uploads\segments\user_d2365a6e0287446da76c6ef86020f70b\free_detect\user_d2365a6e0287446da76c6ef86020f70b_free_segment_003.wav,1.442,0.34363659998052754,0.23830554783670427,ميم,3,ok,
checkpoints/content_asr_whisper_medium_quran_v2_weighted,data\uploads\segments\user_d2365a6e0287446da76c6ef86020f70b\free_detect\user_d2365a6e0287446da76c6ef86020f70b_free_segment_004.wav,8.611,0.7569952000048943,0.08791025432643064,ذلك الكتاب لا ريب فيه هدي للمتقين,33,ok,
checkpoints/content_asr_whisper_medium_quran_v2_weighted,data\uploads\segments\user_d2365a6e0287446da76c6ef86020f70b\free_detect\user_d2365a6e0287446da76c6ef86020f70b_free_segment_005.wav,11.342,1.2255385000025854,0.10805312114288355,الذين يؤمنون بالغيب ويوخيمون الصلاه ومما رزقناهم ينفقون,55,ok,
checkpoints/content_asr_whisper_medium_quran_v2_weighted,data\uploads\segments\user_d2365a6e0287446da76c6ef86020f70b\free_detect\user_d2365a6e0287446da76c6ef86020f70b_free_segment_006.wav,1.456,0.3220572999853175,0.22119320053936642,الان,4,ok,
checkpoints/content_asr_whisper_medium_quran_v2_weighted,data\uploads\segments\user_d2365a6e0287446da76c6ef86020f70b\free_detect\user_d2365a6e0287446da76c6ef86020f70b_free_segment_007.wav,9.549,0.8321959000022616,0.08715005759789106,والذين يؤمنون بما انزل اليك وما,31,ok,
checkpoints/content_asr_whisper_medium_quran_v2_weighted,data\uploads\segments\user_d2365a6e0287446da76c6ef86020f70b\free_detect\user_d2365a6e0287446da76c6ef86020f70b_free_segment_008.wav,6.878,0.7593366999935824,0.11040079965012829,مزل من قبلك وبلاخره هم يوقنون,29,ok,
checkpoints/content_asr_whisper_medium_quran_v2_weighted,data\uploads\segments\user_d2365a6e0287446da76c6ef86020f70b\free_detect\user_d2365a6e0287446da76c6ef86020f70b_free_segment_009.wav,1.499,0.41859019998810254,0.27924629752375085,مرحبا,5,ok,
checkpoints/content_asr_whisper_medium_quran_v2_weighted,data\uploads\segments\user_d2365a6e0287446da76c6ef86020f70b\free_detect\user_d2365a6e0287446da76c6ef86020f70b_free_segment_010.wav,11.787,0.8715642000024673,0.07394283532726455,اولئك علي هدي من ربهم واولئك هم المفلحون,40,ok,
checkpoints/content_asr_whisper_medium_quran_v2_weighted,data\uploads\segments\user_e1ab731b3e5849e2ba2633f2387d1590\user_e1ab731b3e5849e2ba2633f2387d1590_segment_001.wav,1.009,0.3905193000100553,0.387035976224039,المصبحين,8,ok,
checkpoints/content_asr_whisper_medium_quran_v2_weighted,data\uploads\segments\user_e1ab731b3e5849e2ba2633f2387d1590\user_e1ab731b3e5849e2ba2633f2387d1590_segment_002.wav,3.947,0.5302532000059728,0.13434334938078862,بسم الله الرحمن الرحيم,22,ok,
checkpoints/content_asr_whisper_medium_quran_v2_weighted,data\uploads\segments\user_e1ab731b3e5849e2ba2633f2387d1590\user_e1ab731b3e5849e2ba2633f2387d1590_segment_003.wav,0.766,0.4480747999914456,0.5849540469862214,المصبحين,8,ok,
checkpoints/content_asr_whisper_medium_quran_v2_weighted,data\uploads\segments\user_e1ab731b3e5849e2ba2633f2387d1590\user_e1ab731b3e5849e2ba2633f2387d1590_segment_004.wav,4.674,0.5594055000110529,0.11968453145294243,الحمد لله رب العالمين,21,ok,
checkpoints/content_asr_whisper_medium_quran_v2_weighted,data\uploads\segments\user_e1ab731b3e5849e2ba2633f2387d1590\user_e1ab731b3e5849e2ba2633f2387d1590_segment_005.wav,4.633,0.45280470000579953,0.09773466436559454,الرحمن الرحيم,13,ok,
checkpoints/content_asr_whisper_medium_quran_v2_weighted,data\uploads\segments\user_e1ab731b3e5849e2ba2633f2387d1590\user_e1ab731b3e5849e2ba2633f2387d1590_segment_006.wav,4.398,0.41848429999663495,0.0951533196900034,ملك يوم الدين,13,ok,
checkpoints/content_asr_whisper_medium_quran_v2_weighted,data\uploads\segments\user_e1ab731b3e5849e2ba2633f2387d1590\user_e1ab731b3e5849e2ba2633f2387d1590_segment_007.wav,5.726,0.63083639999968,0.11017052043305624,اياك نعبد واياك نستعين,22,ok,
checkpoints/content_asr_whisper_medium_quran_v2_weighted,data\uploads\segments\user_e1ab731b3e5849e2ba2633f2387d1590\user_e1ab731b3e5849e2ba2633f2387d1590_segment_008.wav,0.734,0.44294999999692664,0.6034741144372298,مرحبا,5,ok,
checkpoints/content_asr_whisper_medium_quran_v2_weighted,data\uploads\segments\user_e1ab731b3e5849e2ba2633f2387d1590\user_e1ab731b3e5849e2ba2633f2387d1590_segment_009.wav,4.016,0.5658818999945652,0.14090684760820846,اهدنا الصراط المستقيم,21,ok,
checkpoints/content_asr_whisper_medium_quran_v2_weighted,data\uploads\segments\user_e1ab731b3e5849e2ba2633f2387d1590\user_e1ab731b3e5849e2ba2633f2387d1590_segment_010.wav,7.506,0.7838645000010729,0.10443172128977789,صراط الذي لانعمت عليهم غير المغضوب عليهم ولا,44,ok,
checkpoints/content_asr_whisper_medium_quran_v2_weighted,data\uploads\segments\user_e1ab731b3e5849e2ba2633f2387d1590\user_e1ab731b3e5849e2ba2633f2387d1590_segment_011.wav,5.251,0.333215199992992,0.0634574747653765,طاليت,5,ok,
checkpoints/content_asr_whisper_medium_quran_v2_weighted,data\uploads\segments\user_e317f16ebe734d2ebfc89f43239bfba3\free_detect\user_e317f16ebe734d2ebfc89f43239bfba3_free_segment_001.wav,4.117,0.35745609999867156,0.08682441097854543,الافلام,7,ok,
checkpoints/content_asr_whisper_medium_quran_v2_weighted,data\uploads\segments\user_e317f16ebe734d2ebfc89f43239bfba3\free_detect\user_e317f16ebe734d2ebfc89f43239bfba3_free_segment_002.wav,6.369,0.7991269000049215,0.12547132987987464,ذلك الكتاب لا ريب فيه هدي للمتقين,33,ok,
checkpoints/content_asr_whisper_medium_quran_v2_weighted,data\uploads\segments\user_e317f16ebe734d2ebfc89f43239bfba3\free_detect\user_e317f16ebe734d2ebfc89f43239bfba3_free_segment_003.wav,4.455,0.7263857999932952,0.16304956228805728,الذين يؤمنون بالعيب ويقيمون,27,ok,
checkpoints/content_asr_whisper_medium_quran_v2_weighted,data\uploads\segments\user_e317f16ebe734d2ebfc89f43239bfba3\free_detect\user_e317f16ebe734d2ebfc89f43239bfba3_free_segment_004.wav,4.769,0.6188498999981675,0.12976512895746856,ومما رزقناهم ينفقون,19,ok,
checkpoints/content_asr_whisper_medium_quran_v2_weighted,data\uploads\segments\user_e41b3700646140dda067a526d8cc614a\natural\user_e41b3700646140dda067a526d8cc614a_natural_segment_001.wav,3.538,0.3614238000009209,0.10215483323937843,الفلام,6,ok,
checkpoints/content_asr_whisper_medium_quran_v2_weighted,data\uploads\segments\user_e41b3700646140dda067a526d8cc614a\natural\user_e41b3700646140dda067a526d8cc614a_natural_segment_002.wav,4.57,0.7535945999843534,0.16490035010598542,ذلك الكتاب الارب فيه هدي للمتقين,32,ok,
checkpoints/content_asr_whisper_medium_quran_v2_weighted,data\uploads\segments\user_e41b3700646140dda067a526d8cc614a\natural\user_e41b3700646140dda067a526d8cc614a_natural_segment_003.wav,6.412,1.1565002000133973,0.1803649719297251,الذين يؤمنون بالغيب ويقيمون الصلاه ومما رزقناهم ينفقون,54,ok,
checkpoints/content_asr_whisper_medium_quran_v2_weighted,data\uploads\segments\user_ed2721c8d0e74a3eb6ca21aa1ab7a3e9\free_detect\user_ed2721c8d0e74a3eb6ca21aa1ab7a3e9_free_segment_001.wav,3.822,0.5357801999780349,0.14018320250602692,بسم الله الرحمن الرحيم,22,ok,
checkpoints/content_asr_whisper_medium_quran_v2_weighted,data\uploads\segments\user_ed2721c8d0e74a3eb6ca21aa1ab7a3e9\free_detect\user_ed2721c8d0e74a3eb6ca21aa1ab7a3e9_free_segment_002.wav,4.176,0.5356897999881767,0.12827820880942928,الحمد لله رب العالمين,21,ok,
checkpoints/content_asr_whisper_medium_quran_v2_weighted,data\uploads\segments\user_ed2721c8d0e74a3eb6ca21aa1ab7a3e9\free_detect\user_ed2721c8d0e74a3eb6ca21aa1ab7a3e9_free_segment_003.wav,2.837,0.45261539999046363,0.1595401480403467,الرحمن الرحيم,13,ok,
checkpoints/content_asr_whisper_medium_quran_v2_weighted,data\uploads\segments\user_ed2721c8d0e74a3eb6ca21aa1ab7a3e9\free_detect\user_ed2721c8d0e74a3eb6ca21aa1ab7a3e9_free_segment_004.wav,2.858,0.43637710000621155,0.1526861791484295,مالك يوم الدين,14,ok,
checkpoints/content_asr_whisper_medium_quran_v2_weighted,data\uploads\segments\user_ed2721c8d0e74a3eb6ca21aa1ab7a3e9\free_detect\user_ed2721c8d0e74a3eb6ca21aa1ab7a3e9_free_segment_005.wav,4.455,0.599434800009476,0.13455326599539305,اياك نعبد واياك نستعين,22,ok,
checkpoints/content_asr_whisper_medium_quran_v2_weighted,data\uploads\segments\user_ed2721c8d0e74a3eb6ca21aa1ab7a3e9\free_detect\user_ed2721c8d0e74a3eb6ca21aa1ab7a3e9_free_segment_006.wav,3.288,0.539103300019633,0.1639608576702047,اهدنا الصراط المستقيم,21,ok,
checkpoints/content_asr_whisper_medium_quran_v2_weighted,data\uploads\segments\user_ed2721c8d0e74a3eb6ca21aa1ab7a3e9\free_detect\user_ed2721c8d0e74a3eb6ca21aa1ab7a3e9_free_segment_007.wav,8.744,0.8888354999944568,0.10165090347603577,صراط الذين انعمت عليهم غير المغضوب عليهم ولا الضالين,52,ok,
checkpoints/content_asr_whisper_medium_quran_v2_weighted,data\uploads\segments\user_ed2721c8d0e74a3eb6ca21aa1ab7a3e9\natural\user_ed2721c8d0e74a3eb6ca21aa1ab7a3e9_natural_segment_001.wav,3.822,0.5174249000265263,0.13538066458046213,بسم الله الرحمن الرحيم,22,ok,
checkpoints/content_asr_whisper_medium_quran_v2_weighted,data\uploads\segments\user_ed2721c8d0e74a3eb6ca21aa1ab7a3e9\natural\user_ed2721c8d0e74a3eb6ca21aa1ab7a3e9_natural_segment_002.wav,4.176,0.5235049000184517,0.12536036877836487,الحمد لله رب العالمين,21,ok,
checkpoints/content_asr_whisper_medium_quran_v2_weighted,data\uploads\segments\user_ed2721c8d0e74a3eb6ca21aa1ab7a3e9\natural\user_ed2721c8d0e74a3eb6ca21aa1ab7a3e9_natural_segment_003.wav,2.837,0.44168879999779165,0.15568868523009927,الرحمن الرحيم,13,ok,
checkpoints/content_asr_whisper_medium_quran_v2_weighted,data\uploads\segments\user_ed2721c8d0e74a3eb6ca21aa1ab7a3e9\natural\user_ed2721c8d0e74a3eb6ca21aa1ab7a3e9_natural_segment_004.wav,2.858,0.4312848999979906,0.15090444366619685,مالك يوم الدين,14,ok,
checkpoints/content_asr_whisper_medium_quran_v2_weighted,data\uploads\segments\user_ed2721c8d0e74a3eb6ca21aa1ab7a3e9\natural\user_ed2721c8d0e74a3eb6ca21aa1ab7a3e9_natural_segment_005.wav,4.455,0.6385951999982353,0.14334347923641647,اياك نعبد واياك نستعين,22,ok,
checkpoints/content_asr_whisper_medium_quran_v2_weighted,data\uploads\segments\user_ed2721c8d0e74a3eb6ca21aa1ab7a3e9\natural\user_ed2721c8d0e74a3eb6ca21aa1ab7a3e9_natural_segment_006.wav,3.288,0.5660818999749608,0.17216602797291997,اهدنا الصراط المستقيم,21,ok,
checkpoints/content_asr_whisper_medium_quran_v2_weighted,data\uploads\segments\user_ed2721c8d0e74a3eb6ca21aa1ab7a3e9\natural\user_ed2721c8d0e74a3eb6ca21aa1ab7a3e9_natural_segment_007.wav,8.744,0.9174368999956641,0.10492187785860752,صراط الذين انعمت عليهم غير المغضوب عليهم ولا الضالين,52,ok,
checkpoints/content_asr_whisper_medium_quran_v2_weighted,data\uploads\segments\user_ed87da28ee4245fd8ec6a0c1c7a83126\expected_count\user_ed87da28ee4245fd8ec6a0c1c7a83126_expected_segment_001.wav,3.536,0.35850740000023507,0.10138783936658231,الفلاميم,8,ok,
checkpoints/content_asr_whisper_medium_quran_v2_weighted,data\uploads\segments\user_ed87da28ee4245fd8ec6a0c1c7a83126\expected_count\user_ed87da28ee4245fd8ec6a0c1c7a83126_expected_segment_002.wav,14.464,1.7063030000135768,0.11796895741244308,ذلك الكتاب لا ريب فيه يدل المتقين الذين يؤمنون بالغيب ويقيمون الصلاه ومما رزقناهم ينفقون,88,ok,
checkpoints/content_asr_whisper_medium_quran_v2_weighted,data\uploads\segments\user_ed87da28ee4245fd8ec6a0c1c7a83126\natural\user_ed87da28ee4245fd8ec6a0c1c7a83126_natural_segment_001.wav,3.536,0.3753458999854047,0.10614985859315744,الفلاميم,8,ok,
checkpoints/content_asr_whisper_medium_quran_v2_weighted,data\uploads\segments\user_ed87da28ee4245fd8ec6a0c1c7a83126\natural\user_ed87da28ee4245fd8ec6a0c1c7a83126_natural_segment_002.wav,14.464,1.6196846999810077,0.11198041343895242,ذلك الكتاب لا ريب فيه يدل المتقين الذين يؤمنون بالغيب ويقيمون الصلاه ومما رزقناهم ينفقون,88,ok,
checkpoints/content_asr_whisper_medium_quran_v2_weighted,data\uploads\segments\user_f3e3ca728f634337af1cfafe34c6ac6f\free_detect\user_f3e3ca728f634337af1cfafe34c6ac6f_free_segment_001.wav,2.315,0.3506249999918509,0.15145788336581034,الفلامين,8,ok,
checkpoints/content_asr_whisper_medium_quran_v2_weighted,data\uploads\segments\user_f3e3ca728f634337af1cfafe34c6ac6f\free_detect\user_f3e3ca728f634337af1cfafe34c6ac6f_free_segment_002.wav,4.794,0.7459774000162724,0.15560646641974812,ذلك الكتاب العريب فيه هدي للمتقين,33,ok,
checkpoints/content_asr_whisper_medium_quran_v2_weighted,data\uploads\segments\user_f96c795b03364eec9b79db01e1fd734d\expected_count\user_f96c795b03364eec9b79db01e1fd734d_expected_segment_001.wav,14.34,0.5704798999940977,0.03978241980433038,اشتركوا في القناه,17,ok,
checkpoints/content_asr_whisper_medium_quran_v2_weighted,data\uploads\segments\user_f96c795b03364eec9b79db01e1fd734d\expected_count\user_f96c795b03364eec9b79db01e1fd734d_expected_segment_002.wav,14.34,0.5460514999867883,0.0380789051594692,المصبحين,8,ok,
checkpoints/content_asr_whisper_medium_quran_v2_weighted,data\uploads\segments\user_f96c795b03364eec9b79db01e1fd734d\natural\user_f96c795b03364eec9b79db01e1fd734d_natural_segment_001.wav,14.34,0.5744195000152104,0.04005714783927548,اشتركوا في القناه,17,ok,
checkpoints/content_asr_whisper_medium_quran_v2_weighted,data\uploads\segments\user_f96c795b03364eec9b79db01e1fd734d\natural\user_f96c795b03364eec9b79db01e1fd734d_natural_segment_002.wav,14.34,0.5490384000004269,0.03828719665274943,المصبحين,8,ok,
checkpoints/content_asr_whisper_medium_quran_v2_weighted,data\uploads\segments\user_fb811f48e9e64a17aa7e5885cf03b5c1\expected_count\user_fb811f48e9e64a17aa7e5885cf03b5c1_expected_segment_001.wav,4.19,0.4944225000217557,0.1180005966639035,بسم الله الرحمن الرحيم,22,ok,
checkpoints/content_asr_whisper_medium_quran_v2_weighted,data\uploads\segments\user_fb811f48e9e64a17aa7e5885cf03b5c1\expected_count\user_fb811f48e9e64a17aa7e5885cf03b5c1_expected_segment_002.wav,3.778,0.5205137000011746,0.13777493382773282,الحمد لله رب العالمين,21,ok,
checkpoints/content_asr_whisper_medium_quran_v2_weighted,data\uploads\segments\user_fb811f48e9e64a17aa7e5885cf03b5c1\expected_count\user_fb811f48e9e64a17aa7e5885cf03b5c1_expected_segment_003.wav,2.94,0.4403427999932319,0.14977646258273195,الرحمن الرحيم,13,ok,
checkpoints/content_asr_whisper_medium_quran_v2_weighted,data\uploads\segments\user_fb811f48e9e64a17aa7e5885cf03b5c1\expected_count\user_fb811f48e9e64a17aa7e5885cf03b5c1_expected_segment_004.wav,3.715,0.4391641999827698,0.11821378196036872,ملك يوم الدين,13,ok,
checkpoints/content_asr_whisper_medium_quran_v2_weighted,data\uploads\segments\user_fb811f48e9e64a17aa7e5885cf03b5c1\expected_count\user_fb811f48e9e64a17aa7e5885cf03b5c1_expected_segment_005.wav,5.267,0.6017130000109319,0.11424207328857638,ياك نعبد واياك نسلعين,21,ok,
checkpoints/content_asr_whisper_medium_quran_v2_weighted,data\uploads\segments\user_fb811f48e9e64a17aa7e5885cf03b5c1\expected_count\user_fb811f48e9e64a17aa7e5885cf03b5c1_expected_segment_006.wav,3.648,0.5452258000150323,0.14945882675850666,يهدنا الصراط المستقي,20,ok,
checkpoints/content_asr_whisper_medium_quran_v2_weighted,data\uploads\segments\user_fb811f48e9e64a17aa7e5885cf03b5c1\expected_count\user_fb811f48e9e64a17aa7e5885cf03b5c1_expected_segment_007.wav,8.862,0.9263521999819204,0.10453082825343268,صراط الذين انعمت عنهم غير المغضوب عنهم ونطانين,46,ok,
checkpoints/content_asr_whisper_medium_quran_v2_weighted,data\uploads\segments\user_fb811f48e9e64a17aa7e5885cf03b5c1\natural\user_fb811f48e9e64a17aa7e5885cf03b5c1_natural_segment_001.wav,3.413,0.5217538000142667,0.1528724875517922,بسم الله الرحمن الرحيم,22,ok,
checkpoints/content_asr_whisper_medium_quran_v2_weighted,data\uploads\segments\user_fb811f48e9e64a17aa7e5885cf03b5c1\natural\user_fb811f48e9e64a17aa7e5885cf03b5c1_natural_segment_002.wav,3.778,0.5155546000169124,0.13646230810400012,الحمد لله رب العالمين,21,ok,
checkpoints/content_asr_whisper_medium_quran_v2_weighted,data\uploads\segments\user_fb811f48e9e64a17aa7e5885cf03b5c1\natural\user_fb811f48e9e64a17aa7e5885cf03b5c1_natural_segment_003.wav,2.94,0.4259833999967668,0.14489231292407034,الرحمن الرحيم,13,ok,
checkpoints/content_asr_whisper_medium_quran_v2_weighted,data\uploads\segments\user_fb811f48e9e64a17aa7e5885cf03b5c1\natural\user_fb811f48e9e64a17aa7e5885cf03b5c1_natural_segment_004.wav,3.715,0.4432172999950126,0.11930479138492937,ملك يوم الدين,13,ok,
checkpoints/content_asr_whisper_medium_quran_v2_weighted,data\uploads\segments\user_fb811f48e9e64a17aa7e5885cf03b5c1\natural\user_fb811f48e9e64a17aa7e5885cf03b5c1_natural_segment_005.wav,1.133,0.4314865999913309,0.38083548101617903,مرحبا,5,ok,
checkpoints/content_asr_whisper_medium_quran_v2_weighted,data\uploads\segments\user_fb811f48e9e64a17aa7e5885cf03b5c1\natural\user_fb811f48e9e64a17aa7e5885cf03b5c1_natural_segment_006.wav,4.134,0.6255254999850877,0.15131240928521714,اياك نعبد واياك نسلعين,22,ok,
checkpoints/content_asr_whisper_medium_quran_v2_weighted,data\uploads\segments\user_fb811f48e9e64a17aa7e5885cf03b5c1\natural\user_fb811f48e9e64a17aa7e5885cf03b5c1_natural_segment_007.wav,3.648,0.5415049999719486,0.14843887060634556,يهدنا الصراط المستقي,20,ok,
checkpoints/content_asr_whisper_medium_quran_v2_weighted,data\uploads\segments\user_fb811f48e9e64a17aa7e5885cf03b5c1\natural\user_fb811f48e9e64a17aa7e5885cf03b5c1_natural_segment_008.wav,7.059,0.8810755000158679,0.12481590877119533,صراط الذين انعمت عنهم غير المغضوب عنهم ونطان,44,ok,
checkpoints/content_asr_whisper_medium_quran_v2_weighted,data\uploads\segments\user_fb811f48e9e64a17aa7e5885cf03b5c1\natural\user_fb811f48e9e64a17aa7e5885cf03b5c1_natural_segment_009.wav,1.803,0.32062039998709224,0.17782606765784373,نهيد,4,ok,
checkpoints/content_asr_whisper_medium_quran_v2_weighted,data\uploads\segments\user_fcdf07de24cd482c86ebbd90f47d5b26\user_fcdf07de24cd482c86ebbd90f47d5b26_segment_001.wav,4.909,0.520692499994766,0.10606895497958158,بسم الله الرحمن الرحيم,22,ok,
checkpoints/content_asr_whisper_medium_quran_v2_weighted,data\uploads\segments\user_fcdf07de24cd482c86ebbd90f47d5b26\user_fcdf07de24cd482c86ebbd90f47d5b26_segment_002.wav,1.165,0.43496460001915693,0.3733601716902635,مرحبا,5,ok,
checkpoints/content_asr_whisper_medium_quran_v2_weighted,data\uploads\segments\user_fcdf07de24cd482c86ebbd90f47d5b26\user_fcdf07de24cd482c86ebbd90f47d5b26_segment_003.wav,4.961,0.521191000007093,0.1050576496688355,الحمد لله رب العالمين,21,ok,
checkpoints/content_asr_whisper_medium_quran_v2_weighted,data\uploads\segments\user_fcdf07de24cd482c86ebbd90f47d5b26\user_fcdf07de24cd482c86ebbd90f47d5b26_segment_004.wav,4.007,0.4342989000142552,0.10838505116402676,الرحمن الرحيم,13,ok,
checkpoints/content_asr_whisper_medium_quran_v2_weighted,data\uploads\segments\user_fcdf07de24cd482c86ebbd90f47d5b26\user_fcdf07de24cd482c86ebbd90f47d5b26_segment_005.wav,4.119,0.4404099000093993,0.10692155863301755,منك يغم الدين,13,ok,
checkpoints/content_asr_whisper_medium_quran_v2_weighted,data\uploads\segments\user_fcdf07de24cd482c86ebbd90f47d5b26\user_fcdf07de24cd482c86ebbd90f47d5b26_segment_006.wav,5.783,0.6002309999894351,0.10379232232222636,اياك نعبد واياك نستعيد,22,ok,
checkpoints/content_asr_whisper_medium_quran_v2_weighted,data\uploads\segments\user_fcdf07de24cd482c86ebbd90f47d5b26\user_fcdf07de24cd482c86ebbd90f47d5b26_segment_007.wav,4.569,0.5471878999960609,0.11976097614271414,اهدنا الصراط المستقيم,21,ok,
checkpoints/content_asr_whisper_medium_quran_v2_weighted,data\uploads\segments\user_fcdf07de24cd482c86ebbd90f47d5b26\user_fcdf07de24cd482c86ebbd90f47d5b26_segment_008.wav,10.687,0.9155520000203978,0.08566969215124898,صراض الذين انعمت عليهم غير المغضوب عليهم ولا الطالين,52,ok,
checkpoints/content_asr_whisper_medium_quran_v2_weighted,data\uploads\up_1_ayah\user_07b3e407299c4b7cb20230c57752eb87.wav,3.5004375,0.5465401000110433,0.15613479743918962,الحمد لله رب العالمين,21,ok,
checkpoints/content_asr_whisper_medium_quran_v2_weighted,data\uploads\up_1_ayah\user_0863003ea1ac4792b15497b611b2eff3.wav,11.34,1.0910051999962889,0.09620857142824417,ان الذين كفروا سواء عليهم اانغرتهم ام لم تنذرهم لا يؤمنون,57,ok,
checkpoints/content_asr_whisper_medium_quran_v2_weighted,data\uploads\up_1_ayah\user_099d8c947d3f4df6910873656f58c20e.wav,11.52,1.078745999984676,0.09364114583200313,ان الذين كفروا سواء عليهم ان غرتهم ام لم تنذرهم لا يوملون,57,ok,
checkpoints/content_asr_whisper_medium_quran_v2_weighted,data\uploads\up_1_ayah\user_0a370e79f5ee40e1b980c8f4830d7003.wav,3.5004375,0.5513568000169471,0.15751082543737666,الحمد لله رب العالمين,21,ok,
checkpoints/content_asr_whisper_medium_quran_v2_weighted,data\uploads\up_1_ayah\user_0f07582d3afc401ebe3056a53bcb2c28.wav,7.32,0.5898965000233147,0.08058695355509764,ولا انتم عابدون ما عبد,22,ok,
checkpoints/content_asr_whisper_medium_quran_v2_weighted,data\uploads\up_1_ayah\user_12f8020171194cad8dfe679164459b79.wav,11.7,1.1498589999973774,0.09827854700832286,ان الذين كفروا سواء عليهم اانذرتهم ام لم تنذرهم لا يؤمنون,57,ok,
checkpoints/content_asr_whisper_medium_quran_v2_weighted,data\uploads\up_1_ayah\user_130e418160bc41c9b3788881e5e24eee.wav,3.5004375,0.540056400001049,0.15428254325382157,الحمد لله رب العالمين,21,ok,
checkpoints/content_asr_whisper_medium_quran_v2_weighted,data\uploads\up_1_ayah\user_160fc54a4aee4b3e8fbf471e9a663c1b.wav,3.5004375,0.5296895999927074,0.15132097059087826,الحمد لله رب العالمين,21,ok,
checkpoints/content_asr_whisper_medium_quran_v2_weighted,data\uploads\up_1_ayah\user_17b53b4e8c3e4d4ba59089ec36d89861.wav,3.5004375,0.5185918000061065,0.14815056689516853,الحمد لله رب العالمين,21,ok,
checkpoints/content_asr_whisper_medium_quran_v2_weighted,data\uploads\up_1_ayah\user_22cf99906eef40d3ac1999621fe44e70.wav,7.5,0.569805399980396,0.07597405333071947,ولا انتم عابدون ما اعبد,23,ok,
checkpoints/content_asr_whisper_medium_quran_v2_weighted,data\uploads\up_1_ayah\user_22d710744a3a4bc0b589048f70d62dc5.wav,13.68,1.0754544999799691,0.07861509502777553,ان الذين كفروا سواء عليهم انذرتهم ام لم تنذرهم لا يؤمنون,56,ok,
checkpoints/content_asr_whisper_medium_quran_v2_weighted,data\uploads\up_1_ayah\user_257eddfdc2324af2bd0abb2c5b948a4d.wav,5.28,0.435103199997684,0.08240590909047045,الرحمن الرحيم,13,ok,
checkpoints/content_asr_whisper_medium_quran_v2_weighted,data\uploads\up_1_ayah\user_27db6da367a4423b9ef7b46b7cf328e3.wav,6.48,0.5179787999950349,0.07993499999923379,الحمد لله رب العالمين,21,ok,
checkpoints/content_asr_whisper_medium_quran_v2_weighted,data\uploads\up_1_ayah\user_2979716a2ffc4c4eb459ee45cfe1ba70.wav,3.5004375,0.5268835999886505,0.1505193565057655,الحمد لله رب العالمين,21,ok,
checkpoints/content_asr_whisper_medium_quran_v2_weighted,data\uploads\up_1_ayah\user_29909ad8eb2248cfb000f12e88121678.wav,6.9,0.5755980999965686,0.08342001449225632,ولا انتم عابدون ما اعبد,23,ok,
checkpoints/content_asr_whisper_medium_quran_v2_weighted,data\uploads\up_1_ayah\user_315ecc7e916446e8ba9000cec1917413.wav,3.5004375,0.5227039000019431,0.14932530576590586,الحمد لله رب العالمين,21,ok,
checkpoints/content_asr_whisper_medium_quran_v2_weighted,data\uploads\up_1_ayah\user_369c06a5b198454ba9a31c88e2de74df.wav,12.12,1.0798839000053704,0.08909933168361142,ان الذين كفروا سواء عليهم وانذرتهم ام لم تنذرهم لا يؤمنون,57,ok,
checkpoints/content_asr_whisper_medium_quran_v2_weighted,data\uploads\up_1_ayah\user_3fb9d5c2edd34bbd990d437d38968c2e.wav,5.52,0.5503939999907743,0.09970905796934318,وما انت عابد ما عابد,20,ok,
checkpoints/content_asr_whisper_medium_quran_v2_weighted,data\uploads\up_1_ayah\user_3fef967749ed4e66abc24114bae88f27.wav,12.48,1.0402782000019215,0.08335562500015396,ان الذين كفروا سواء عليهم انظرتهم ام لم تنذرهم لا يؤمنون,56,ok,
checkpoints/content_asr_whisper_medium_quran_v2_weighted,data\uploads\up_1_ayah\user_433c0f99571948bdbf8ba36a7af232c8.wav,14.58,1.1148896999948192,0.07646705761281339,ان الذين كفروا سواء عليهم اينذرتهم ام لم تنذرهم لا يؤمنون,57,ok,
checkpoints/content_asr_whisper_medium_quran_v2_weighted,data\uploads\up_1_ayah\user_4a5e3fa063264582a9d44496af043a58.wav,4.02,0.48574740000185557,0.12083268656762577,ولا انت عابد مع,15,ok,
checkpoints/content_asr_whisper_medium_quran_v2_weighted,data\uploads\up_1_ayah\user_4fce2bc870504971bc8feddff1718cf6.wav,9.6,0.8420603999984451,0.08771462499983804,كهيعص ذكر رحمتي ربك عبده زكريا,30,ok,
checkpoints/content_asr_whisper_medium_quran_v2_weighted,data\uploads\up_1_ayah\user_504528112f574a808125add84138640b.wav,6.9,0.7942082000081427,0.11510263768233953,بل الساعه موعدهم والساعه ادهي وامر,34,ok,
checkpoints/content_asr_whisper_medium_quran_v2_weighted,data\uploads\up_1_ayah\user_51eb14984432470db9d4c4b9ba7a8fd8.wav,9.84,0.6123359999910463,0.06222926829177299,ولا انتم عابتون ما اعبد,23,ok,
checkpoints/content_asr_whisper_medium_quran_v2_weighted,data\uploads\up_1_ayah\user_57576278687a43669f3825b4edd00e5f.wav,12.0,1.0653117999900132,0.0887759833325011,ان الذين كفروا سواء عليهم ان ظرتهم ام لم تنظرهم لا يؤمنون,57,ok,
checkpoints/content_asr_whisper_medium_quran_v2_weighted,data\uploads\up_1_ayah\user_5d2b1f8210ec496a8245d770e675e3b0.wav,3.5004375,0.5316260000108741,0.15187415859042594,الحمد لله رب العالمين,21,ok,
checkpoints/content_asr_whisper_medium_quran_v2_weighted,data\uploads\up_1_ayah\user_5d2f11aff02443aa8a3a0310a12bb80a.wav,10.08,0.8563414000091143,0.08495450396915816,ولولا اذ جنتك قلت ما شاء الله لا قوه الا بالله,46,ok,
checkpoints/content_asr_whisper_medium_quran_v2_weighted,data\uploads\up_1_ayah\user_5df4f4c0bdcc44eba150ed4999ea81d1.wav,3.5004375,0.5133529999875464,0.14665395396648173,الحمد لله رب العالمين,21,ok,
checkpoints/content_asr_whisper_medium_quran_v2_weighted,data\uploads\up_1_ayah\user_624ff55ce1ac4e719b06ddce204f35a9.wav,8.04,0.5965257000061683,0.07419473880673737,ولا انتم عابدون ما اعبد,23,ok,
checkpoints/content_asr_whisper_medium_quran_v2_weighted,data\uploads\up_1_ayah\user_63547fb7307a4444a0c6c2925f266fdf.wav,11.22,1.1185065000026952,0.09968863636387658,ان الذين كفروا سواء عليهم اانظرتهم ام لم تظذرهم لا يؤمنون,57,ok,
checkpoints/content_asr_whisper_medium_quran_v2_weighted,data\uploads\up_1_ayah\user_6e3de7acf08642258214d9f3935e3c63.wav,3.5004375,0.5165806000004523,0.14757601014171864,الحمد لله رب العالمين,21,ok,
checkpoints/content_asr_whisper_medium_quran_v2_weighted,data\uploads\up_1_ayah\user_7255225f8d8240949d92f4a1733302f1.wav,3.5004375,0.5145178999810014,0.14698674093766892,الحمد لله رب العالمين,21,ok,
checkpoints/content_asr_whisper_medium_quran_v2_weighted,data\uploads\up_1_ayah\user_75c59742475b40fd9ed4c8339138dbb1.wav,6.66,0.6775429999979679,0.10173318318287805,ذكر رحمت ربك عبده زكريا,23,ok,
checkpoints/content_asr_whisper_medium_quran_v2_weighted,data\uploads\up_1_ayah\user_77805e8edef947cab0f4bda71072c3f6.wav,8.82,0.4847003000031691,0.05495468254004185,لا اعبد ما تعبدون,17,ok,
checkpoints/content_asr_whisper_medium_quran_v2_weighted,data\uploads\up_1_ayah\user_85b02ee75c454e77a3e26b77e8b7d4b4.wav,11.1,1.0457858999725431,0.09421494594347235,ان الذين كفروا سواء عليهم ان ذرتهم ام لم تنظرهم لا يؤمنون,57,ok,
checkpoints/content_asr_whisper_medium_quran_v2_weighted,data\uploads\up_1_ayah\user_90c63facb45c4b10a8331fa56c3ce547.wav,3.5004375,0.5115714999847114,0.14614501758271972,الحمد لله رب العالمين,21,ok,
checkpoints/content_asr_whisper_medium_quran_v2_weighted,data\uploads\up_1_ayah\user_94791e0ee5d34f2d9deb464d594d1ad1.wav,4.26,0.518580000003567,0.12173239436703451,وما انا عابد اولي,17,ok,
checkpoints/content_asr_whisper_medium_quran_v2_weighted,data\uploads\up_1_ayah\user_95dff5f5e1104b3683326345d91c963c.wav,5.34,0.4299002999905497,0.08050567415553365,قل هو الله احد,14,ok,
checkpoints/content_asr_whisper_medium_quran_v2_weighted,data\uploads\up_1_ayah\user_9d8d26f6c41644fbac30fe547c59d0f0.wav,5.52,0.7610622000065632,0.13787358695771074,بل الساعه موعلهم والساعه اتهي وامر,34,ok,
checkpoints/content_asr_whisper_medium_quran_v2_weighted,data\uploads\up_1_ayah\user_a5a17cb05b154c0bb130e7418102d661.wav,8.7,0.9817386000067927,0.11284351724216009,ولولا اذ دخلت جنتك قلت ما شاء الله لا قوه الا بالله,51,ok,
checkpoints/content_asr_whisper_medium_quran_v2_weighted,data\uploads\up_1_ayah\user_a5f26de421bb4f238041b95ce25a363d.wav,6.3,0.5948265000188258,0.09441690476489298,ولا انتم حابدون باعبد,21,ok,
checkpoints/content_asr_whisper_medium_quran_v2_weighted,data\uploads\up_1_ayah\user_b44749b6c7274239ae0d213b1136c5ca.wav,4.7543125,0.6326742999954149,0.13307377249505895,اياك نعبد واياك نستعين,22,ok,
checkpoints/content_asr_whisper_medium_quran_v2_weighted,data\uploads\up_1_ayah\user_b811d51822284464be0e84ce27814069.wav,6.9,0.7148334999801591,0.103599057968139,قيما لينظر باسا شديدا من لدنا,29,ok,
checkpoints/content_asr_whisper_medium_quran_v2_weighted,data\uploads\up_1_ayah\user_ba62c7efb9a04184b69afc7688d64bf6.wav,8.76,0.5960224999871571,0.0680390981720499,ولا انتم عابدون ما اعبد,23,ok,
checkpoints/content_asr_whisper_medium_quran_v2_weighted,data\uploads\up_1_ayah\user_bd2021439c524b34bd18910be6e1ca15.wav,7.5,0.5790327000140678,0.07720436000187571,وما انا عابد ما تعبدون,22,ok,
checkpoints/content_asr_whisper_medium_quran_v2_weighted,data\uploads\up_1_ayah\user_bd26dc48d4b74e49b16b71910e3b392e.wav,7.14,0.6010393000033218,0.08417917366993304,ولا انتم عابدون ما اعبد,23,ok,
checkpoints/content_asr_whisper_medium_quran_v2_weighted,data\uploads\up_1_ayah\user_bf5f5eaeb5704a98902e34d8e089fb80.wav,3.5004375,0.5187949000101071,0.14820858821507515,الحمد لله رب العالمين,21,ok,
checkpoints/content_asr_whisper_medium_quran_v2_weighted,data\uploads\up_1_ayah\user_bf639e3e3b3e43fa957c24a5ed17cf59.wav,11.52,1.058427500014659,0.09187738715405026,ان الذين كفروا سواء عليهم اانذرتهم ام لم تنذرهم لا يؤمنون,57,ok,
checkpoints/content_asr_whisper_medium_quran_v2_weighted,data\uploads\up_1_ayah\user_c0d77c4f3e7c4e8e959331287d6381f1.wav,6.12,0.5761411999992561,0.0941407189541268,ولا انتم عابدون ما اعبد,23,ok,
checkpoints/content_asr_whisper_medium_quran_v2_weighted,data\uploads\up_1_ayah\user_c80347b6d09d4cb184eb5dfa3a233dfe.wav,3.5004375,0.5229688000108581,0.14940098202320656,الحمد لله رب العالمين,21,ok,
checkpoints/content_asr_whisper_medium_quran_v2_weighted,data\uploads\up_1_ayah\user_cb5c05fd2e404d148337ab3977e1d8d9.wav,4.2,0.431891899992479,0.10283140476011404,قل هو الله احد,14,ok,
checkpoints/content_asr_whisper_medium_quran_v2_weighted,data\uploads\up_1_ayah\user_d0fcd6393bec4133a57de32b89ebb118.wav,3.5004375,0.5135672999895178,0.14671517488585864,الحمد لله رب العالمين,21,ok,
checkpoints/content_asr_whisper_medium_quran_v2_weighted,data\uploads\up_1_ayah\user_d88c6f6fc11a4046896d873116d257f0.wav,7.98,0.5779329999932088,0.07242268170340962,ولا انتم حابدون ما اعبد,23,ok,
checkpoints/content_asr_whisper_medium_quran_v2_weighted,data\uploads\up_1_ayah\user_dec65ee882ad4d379baed258c99921d8.wav,3.84,0.40046750000328757,0.10428841145918948,قل هو الله احد,14,ok,
checkpoints/content_asr_whisper_medium_quran_v2_weighted,data\uploads\up_1_ayah\user_e02c3a3bfc8c45d9839e428f5f6183c7.wav,3.5004375,0.5134486999886576,0.1466812934065121,الحمد لله رب العالمين,21,ok,
checkpoints/content_asr_whisper_medium_quran_v2_weighted,data\uploads\up_1_ayah\user_e5aa7454add54248acf9d04993a52bc5.wav,16.14,1.068215200008126,0.06618433705130891,قل هو الله احد الله الصمد لم يلد ولم يولد ولم ياكل له كف انا حد,63,ok,
checkpoints/content_asr_whisper_medium_quran_v2_weighted,data\uploads\up_1_ayah\user_e823f04c95314192bf8d3187ab125a7b.wav,6.9,0.6764895000087563,0.09804195652300815,ذكر رحمت ربك عبده زكريا,23,ok,
checkpoints/content_asr_whisper_medium_quran_v2_weighted,data\uploads\up_1_ayah\user_eb55dff40ba048c1b8b042cd8c2c709b.wav,4.08,0.43090240002493374,0.10561333333944455,قل هو الله احد,14,ok,
checkpoints/content_asr_whisper_medium_quran_v2_weighted,data\uploads\up_1_ayah\user_ed44f59895314905874d52cd16f96828.wav,10.14,0.868517900002189,0.08565265286017643,كهيعص ذكر رحمت ربك عبدله زكريا,30,ok,
checkpoints/content_asr_whisper_medium_quran_v2_weighted,data\uploads\up_1_ayah\user_efc64b59d7934b0dbd916de09d7ed5da.wav,5.16,0.5713713000004645,0.11073087209311328,ما لهم به من علم ولا لابائهم,28,ok,
checkpoints/content_asr_whisper_medium_quran_v2_weighted,data\uploads\up_1_ayah\user_f014083640bf416384030223b4238d51.wav,7.26,0.6049744999909308,0.08332982093538992,ولا انتم عابدون ما اعبد,23,ok,
checkpoints/content_asr_whisper_medium_quran_v2_weighted,data\uploads\up_1_ayah\user_f46474fbbded4bd5a1d6d5a1a3df8cb7.wav,12.66,1.0612634999852162,0.08382808056755262,ان الذين كفروا سواء عليهم اانذرتهم ام لم تنذرهم لا يوبدون,57,ok,
checkpoints/content_asr_whisper_medium_quran_v2_weighted,data\uploads\up_1_ayah\user_f8cb17b700694a0b9e874cbfe96448b8.wav,4.86,0.48092089997953735,0.09895491769126283,الرحمن الرحيم,13,ok,
checkpoints/content_asr_whisper_medium_quran_v2_weighted,data\uploads\up_1_ayah\user_f9438b47cac04fbbbc68b299713a46dd.wav,5.4,0.45106989998021163,0.08353146295929845,يحب بالعالمين,13,ok,
checkpoints/content_asr_whisper_medium_quran_v2_weighted,data\uploads\up_1_ayah\user_f972707f6a504012a21787110cd56b3f.wav,11.52,1.0640037000121083,0.09236143229271773,ان الذين كفروا سواء عليهم عن ذرته ام لم تنذرهم لا يؤمنون,56,ok,
checkpoints/content_asr_whisper_medium_quran_v2_weighted,data\uploads\up_1_ayah\user_fc2919227a4a48f58a72acddd66cf647.wav,8.22,0.6076146000123117,0.07391905109638829,ولا انتم عابدون ما اعبد,23,ok,
checkpoints/content_asr_whisper_medium_quran_v2_weighted,data\uploads\user_010ea2e45774412abc851fe43b40a35b.wav,44.7,1.145481799991103,0.025625991051255098,الحمد لله رب العالين الرحمن الرحيم ملك يوم الدين ايا ابد واياك نستعين,69,ok,
checkpoints/content_asr_whisper_medium_quran_v2_weighted,data\uploads\user_0150e1fdf264471abebf6bd547f4ea06.wav,31.5,3.3630177000013646,0.10676246666671,الفلا ميم ذلك الكتاب لا ريب فيه هودا للمتقين الذين يؤمنون بالغيب ويقيمون الصلاه ومما رزقناهم ينفقون والذين يؤمنون بما انزل اليك ولا انزل من قبلك وبالاخره هم يوقنون اولئك علي هدي من ربهم واولئك هم المفلحون,204,ok,
checkpoints/content_asr_whisper_medium_quran_v2_weighted,data\uploads\user_05e371d92eed47babcbe42efde1265c9.wav,21.24,1.7068297000078019,0.08035921374801328,الفلاميم ذلك الكتاب الاعريب فيه هدي للمتقين الذين يؤمنون بالغيب ويقيمون الصلاه ومما رزقناهم ينفقون,98,ok,
checkpoints/content_asr_whisper_medium_quran_v2_weighted,data\uploads\user_073f9aeeade04103a943757ec667572f.wav,5.1,0.5410681999928784,0.10609180392017223,قل يا ايها الكافرون,19,ok,
checkpoints/content_asr_whisper_medium_quran_v2_weighted,data\uploads\user_0bed53fd663d45db8fe11a07d817f09a.wav,39.42,0.491964500019094,0.012480073567201775,بسم الله الرحمن الرحيم,22,ok,
checkpoints/content_asr_whisper_medium_quran_v2_weighted,data\uploads\user_0c08d8a2c5c340e4937838bee026063d.wav,18.78,1.762180299992906,0.09383281682603332,الفلاميم ذلك الكتاب لا ريب فيه يهدل المتقين الذين يؤمنون بالغيب ويوقيمون الصلاه ومما رزقناهم ينفقون,99,ok,
checkpoints/content_asr_whisper_medium_quran_v2_weighted,data\uploads\user_0f62d180ba6b47baacef7a527326a02b.wav,34.38,0.5511035000090487,0.016029770215504616,الحمد لله رب العالمين,21,ok,
checkpoints/content_asr_whisper_medium_quran_v2_weighted,data\uploads\user_10bfd7544c5348cf8a1138690e6e22bf.wav,45.3,0.8671984999964479,0.019143454746058455,الفلاميم ذلك الكتاب لا ريب فيه هدي للمتقين,42,ok,
checkpoints/content_asr_whisper_medium_quran_v2_weighted,data\uploads\user_12ab187cacc6421fadf7122f134e96d9.wav,39.42,0.4894771999970544,0.012416976154161704,بسم الله الرحمن الرحيم,22,ok,
checkpoints/content_asr_whisper_medium_quran_v2_weighted,data\uploads\user_140b3596cd7c419aa475bf4d2f63607b.wav,13.8,1.7007184000103734,0.12324046376886763,الفلام ذلك الكتاب العريب فيه هدي للمتقين الذين يؤمنون بالغيب ويقيمون الصلاه ومما رزقناهم ينفقون,95,ok,
checkpoints/content_asr_whisper_medium_quran_v2_weighted,data\uploads\user_14cc5a4fa4eb44caa6c21cf8e3888949.wav,17.4,1.7287573000066914,0.09935386781647652,الميم ذلك الكتاب لا ريب فيه يودا للمتقين الذين يؤمنون بالغيب ويقيمون الصلاه ومما رزقناهم ينفقون,95,ok,
checkpoints/content_asr_whisper_medium_quran_v2_weighted,data\uploads\user_153f566cbd834442804047bd0721d2e2.wav,17.52,1.720305599999847,0.09819095890410086,الفلاميم ذلك الكتاب لا ريب فيه هدي للمتقين الذين يؤمنون بالغيب ويقيمون الصلاه ومما رزقناهم يوفقون,97,ok,
checkpoints/content_asr_whisper_medium_quran_v2_weighted,data\uploads\user_16a82f0c6b5b4322b3a663bae910db56.wav,21.0,1.7031266999838408,0.08110127142780195,الميم ذلك الكتاب لا ريب فيه هدي للمتقين الذين يؤمنون بالغيب ويقيمون الصراط ومما رزقناهم يوفقون,94,ok,
checkpoints/content_asr_whisper_medium_quran_v2_weighted,data\uploads\user_19df382adc6c48a3818ed3aeb2d05fcf.wav,44.7,1.1522641999763437,0.025777722594549073,الحمد لله رب العالين الرحمن الرحيم ملك يوم الدين ايا ابد واياك نستعين,69,ok,
checkpoints/content_asr_whisper_medium_quran_v2_weighted,data\uploads\user_1ca47a92cdb34b879bacdfd19c277387.wav,39.36,2.7260652000259142,0.06925978658602425,الف لا ميم ذلك الكتاب لا ريب فيه هدي للمتقين الذين يؤمنون بالغيب ويقيمون الصلاه ومما رزقناهم يوفقون والذين يؤمنون بما انزل اليك وما انزل من قبلك وبالاخره هم يوقنون,163,ok,
checkpoints/content_asr_whisper_medium_quran_v2_weighted,data\uploads\user_28c1f3aa129049199599cb1530bac0f2.wav,18.0,1.6862887000024784,0.09368270555569325,الفلام ذلك الكتاب مع ريب فيه هدي للمتقين الذين يؤمنون بالغيب ويوقيمون الصلاه ومما رزقناهم ينفقون,96,ok,
checkpoints/content_asr_whisper_medium_quran_v2_weighted,data\uploads\user_28fb6ec8a63f406c88c52e9fa0d0bec2.wav,30.84,3.188321599998744,0.1033826718546934,الميم ذلك الكتاب لا ريب فيه هدي للمتقين الذين يؤمنون بالغيب ويقيمون الصلاه ومما رزقناهم يوفقون,94,ok,
checkpoints/content_asr_whisper_medium_quran_v2_weighted,data\uploads\user_2a46d75fae4841ea9f27d96279315b45.wav,3.6,0.38325449998956174,0.10645958333043382,ارفلاميم,8,ok,
checkpoints/content_asr_whisper_medium_quran_v2_weighted,data\uploads\user_2f56f607c60d4e50a4c7bc5e4d48ad1a.wav,16.26,1.8061775999958627,0.11108103321007765,الميم ذلك الكتاب الاريب فيه هدي للمتاقين الذين يؤمنون بالغيب ويقيمون الصلاه ومما رزقناهم يوفقون,95,ok,
checkpoints/content_asr_whisper_medium_quran_v2_weighted,data\uploads\user_2f7da1249d4b4cfebcb1b36d386ba1cd.wav,37.68,2.772877100011101,0.07359015658203559,الفلا ميم ذلك الكتاب لا ريب فيه هدي للمتقين الذين يؤمنون بالغيب ويقيمون الصلاه ومما رزقناهم يوفقون والذين يؤمنون بما اوزل اليك وما ازل من قبلك وبالاخره هم يوقنون,161,ok,
checkpoints/content_asr_whisper_medium_quran_v2_weighted,data\uploads\user_32b01be596a2423f96937137745b4228.wav,36.48,0.4955550000013318,0.013584292763194403,بسم الله الرحمن الرحيم,22,ok,
checkpoints/content_asr_whisper_medium_quran_v2_weighted,data\uploads\user_32fea45f950a4a928ca3a8d7ec92aca5.wav,39.42,0.48609819999546744,0.012331258244430933,بسم الله الرحمن الرحيم,22,ok,
checkpoints/content_asr_whisper_medium_quran_v2_weighted,data\uploads\user_36bda2780c8a488f9ef1ade790301280.wav,10.56,0.457555599976331,0.043329128785637404,المعلمين,8,ok,
checkpoints/content_asr_whisper_medium_quran_v2_weighted,data\uploads\user_376dce11b8c6406f899f7e824bc78f18.wav,39.42,0.4909805000061169,0.012455111618622956,بسم الله الرحمن الرحيم,22,ok,
checkpoints/content_asr_whisper_medium_quran_v2_weighted,data\uploads\user_3c2c32cdce1a4ce48ce5596cd79a1687.wav,34.44,3.443837099999655,0.09999527003483319,اليفلا ميم ذلك الكتاب الاريب في هودا للمتقين الذين يؤمنون بالغيب ويقيمون الصلاه ومما رزقناهم ينفقون والذين يؤمنون بما انزل اليك وما انزل من قبلك ومن اخره هم يؤقنون اولئك علي هدي من ربهم واولئك,192,ok,
checkpoints/content_asr_whisper_medium_quran_v2_weighted,data\uploads\user_4c585f860ccf4b5fac45ed948c415066.wav,16.38,1.9481839000072796,0.11893674603219045,الميم ذلك الكتاب لا غريب فيه هدي للمتقين الذين يؤمنون بالغيب ويقيمون الصلاه ومما رزقناهم ينفقون,95,ok,
checkpoints/content_asr_whisper_medium_quran_v2_weighted,data\uploads\user_4cb2d81dfe43491e9532056a4169f59e.wav,15.42,1.89423049998004,0.12284244487548897,الميم ذلك الكتاب لا ريب فيه يدل المتقين الذين يومنون بالغيب ويقيمون الصلاه ومما رزقناهم ينفقون,94,ok,
checkpoints/content_asr_whisper_medium_quran_v2_weighted,data\uploads\user_4ee9685a0c2d4f8d9b9e49983e5b737c.wav,39.72,2.776001999998698,0.06988927492443853,الف لا ميم ذلك الكتاب لا ريب فيه انتقين الذين يؤمنون بالغيب ويقيمون الصلاه ومه رزقناهم ينفقون والذين يؤمنون بما انزل اليك ومه انزل من قبلك وبالاخره هم يونفقون,158,ok,
checkpoints/content_asr_whisper_medium_quran_v2_weighted,data\uploads\user_4fdd1fdb18694844a382c6ee718929da.wav,40.32,2.8364602999936324,0.07034871775777858,الف لا ميم ذلك الكتاب لا ريب فيه هدي للمتقين الذين يؤمنون بالغيب ويقيمون الصلاه ومما رزقناهم ينفقون والذين يؤمنون بما انزل اليك وما انزل من قبلك ومن اخره هم يوقنون,163,ok,
checkpoints/content_asr_whisper_medium_quran_v2_weighted,data\uploads\user_538bf9826ba5403f9790a437aa771e16.wav,34.44,3.314275799988536,0.09623332752579955,الميم ذلك الكتاب لا ريب فيه هدي للمتقين,39,ok,
checkpoints/content_asr_whisper_medium_quran_v2_weighted,data\uploads\user_5441c14ba6344179b291f3d0c78dc264.wav,28.56,2.1319524999998976,0.0746481967787079,الحمد لله رب العالمين مالك يوم الدين اياك نعبد واياك نستعين اهدنا الصراض المستقيم صراض الذين انعمت عليهم ويريد مغضوب عليهم ورطاردين,131,ok,
checkpoints/content_asr_whisper_medium_quran_v2_weighted,data\uploads\user_61cdcdaa87eb4d83af34df6280b042bf.wav,7.8,0.9098823000094853,0.116651576924293,الفلام ميم ذلك الكتاب لا ريب فيه هدي للمتقين,44,ok,
checkpoints/content_asr_whisper_medium_quran_v2_weighted,data\uploads\user_64a62bd456da4b6b840590b70eabc2dd.wav,17.94,1.8496293000061996,0.10310085284315493,الفلاميم ذلك الكتاب لا ريب فيه هدي للمتقين الذين يؤمنون بالغيب ويوقيمون الصلاه ومما رزقناهم ينفقون,98,ok,
checkpoints/content_asr_whisper_medium_quran_v2_weighted,data\uploads\user_661fe355a9524f0b85e68cb23343e5bf.wav,6.6,0.5940968000213616,0.09001466666990326,ولا انتم عابدون ما اعبد,23,ok,
checkpoints/content_asr_whisper_medium_quran_v2_weighted,data\uploads\user_6b87342b6b0e41a0871d8f77711f844e.wav,40.2,0.5178315999801271,0.012881383084082761,بسم الله الرحمن الرحيم,22,ok,
checkpoints/content_asr_whisper_medium_quran_v2_weighted,data\uploads\user_6ccbdac702be4dbcb9236d631cf625d6.wav,34.26,2.5712032000010367,0.07504971395216103,الف لا ميم ذلك الكتاب لا ريب فيه هدي للمتقين الذين يؤمنون بالغيب ويقيمون الصلاه ومما رزقناهم ينفقون والذين اؤمنون بما انزل اليك وما انزلي من قبولك,146,ok,
checkpoints/content_asr_whisper_medium_quran_v2_weighted,data\uploads\user_756fc1a0e110499c9e2085b269f2c0af.wav,42.66,1.3771731000160798,0.03228253867829536,الحمد لله رب العالمين الملك يوم الدين اياك نعبد واياك نستعين اهدنا الصراط المستقيم,82,ok,
checkpoints/content_asr_whisper_medium_quran_v2_weighted,data\uploads\user_797063addc5f4de589a44aba3b26fa94.wav,43.26,2.6191035000083502,0.06054330790587957,الفلا ميم ذلك الكتاب العريب في هدي للمتقين الذين يؤمنون بالغيب ويقيمون الصلاه ومما رزقناهم ينفقون,97,ok,
checkpoints/content_asr_whisper_medium_quran_v2_weighted,data\uploads\user_7a5add68ac034563a991015a28f6f0d7.wav,33.6,0.5044144999992568,0.01501233630950169,بسم الله الرحمن الرحيم,22,ok,
checkpoints/content_asr_whisper_medium_quran_v2_weighted,data\uploads\user_7c619fc776f44f8c8449dcb29c4d8851.wav,34.32,0.4133510999963619,0.012044029720173714,المعلمين,8,ok,
checkpoints/content_asr_whisper_medium_quran_v2_weighted,data\uploads\user_7fc12d8ad29f41199c8282f8c3daabc0.wav,4.44,0.4063499000039883,0.091520247748646,ارف لام ميم,11,ok,
checkpoints/content_asr_whisper_medium_quran_v2_weighted,data\uploads\user_80d7a099719e4c3e8bb9b262ef87b399.wav,28.74,2.2667986000014935,0.07887260264445002,الحمد لله رب العالمين الرحمن الرحيم ملك يوم الدين اياك نعبد واياك نستعين اهدر الصراط المستقيم صراط الذين انامت عليهم واري المغضوب عليهم مرطالين,143,ok,
checkpoints/content_asr_whisper_medium_quran_v2_weighted,data\uploads\user_82f3fad1cb9844c89c8e73ac9e0f75d7.wav,12.84,0.8493386999762151,0.06614787382992329,الفلام ذلك الكتاب لا ريب فيه هنا للمتقين,40,ok,
checkpoints/content_asr_whisper_medium_quran_v2_weighted,data\uploads\user_86f8420925ff4c1abf256d63f366315a.wav,3.0,0.33400109998183325,0.11133369999394442,الم,3,ok,
checkpoints/content_asr_whisper_medium_quran_v2_weighted,data\uploads\user_903a00606b734faa8a92068465b9ebf3.wav,40.2,0.5405944999947678,0.013447624377979299,بسم الله الرحمن الرحيم,22,ok,
checkpoints/content_asr_whisper_medium_quran_v2_weighted,data\uploads\user_9115069d6f0c48a8a312dddf09d0c142.wav,16.38,1.813376199977938,0.11070672771538084,الميم ذلك الكتاب لا ريب فيه هدي للمتقين الذين يؤمنون بالغيب ويقيمون الصلاه مما رزقناهم ينفقون,93,ok,
checkpoints/content_asr_whisper_medium_quran_v2_weighted,data\uploads\user_9cafdbcf709940d1a422dd612d33c714.wav,16.62,1.802128699986497,0.10843132972241257,الفلاميم ذلك الكتاب لا ريب فيه هدي للمتقين الذين يؤمنون بالغيب ويقيمون الصلاه ومما رزقناهم ينفقون,97,ok,
checkpoints/content_asr_whisper_medium_quran_v2_weighted,data\uploads\user_9dad0550fda74d51a3b34cabfe4f84f5.wav,35.46,0.5216709000233095,0.014711531303533826,بسم الله الرحمن الرحيم,22,ok,
checkpoints/content_asr_whisper_medium_quran_v2_weighted,data\uploads\user_a91a31dfbfda4e3188d6e9d86a7d7def.wav,17.52,1.8823528999928385,0.10744023401785609,الميم ذلك الكتاب الارب فيه هودا للمتقين الذين يؤمنون بالغيب ويقيمون الصلاه ومما رزقناهم يوفقون,94,ok,
checkpoints/content_asr_whisper_medium_quran_v2_weighted,data\uploads\user_ad3f7df582ee4bd3bedb9eac16cfd897.wav,17.16,1.8971997000044212,0.11055942307718072,الفلاميم ذلك الكتاب الاريب فيه هدي للمتقين الذين يؤمنون بالغيب ويقيمون الصلاه ومما رزقناهم ينفقون,97,ok,
checkpoints/content_asr_whisper_medium_quran_v2_weighted,data\uploads\user_b17c310f031a4e3baa1d4fd41cfd6171.wav,17.82,1.8499218000215478,0.10381154882275802,الميم ذلك الكتاب لا ريب فيه هدي للمتقين الذين يؤمنون بالغيب ويقيمون الصلاه ومما رزقناهم يوفقون,94,ok,
checkpoints/content_asr_whisper_medium_quran_v2_weighted,data\uploads\user_b2a83a09e012434b99c1618f17dd7dbb.wav,17.4,1.831569900008617,0.10526263793152972,الميم ذلك الكتاب العريب فيه هدي للمتقين الذين يؤمنون بالغيب ويقيمون الصلاه ومما رزقناهم يوفقون,94,ok,
checkpoints/content_asr_whisper_medium_quran_v2_weighted,data\uploads\user_b4f9d0dae5494de08eb78b92bc9cd691.wav,18.9,1.8727687999780755,0.09908829629513628,ارف لا ميم ذلك الكتاب الاعريب فيه هدي للمتقين الذين يؤمنون بالغيب ويقيمون الصلاه ومما رزقناهم يوفقون,100,ok,
checkpoints/content_asr_whisper_medium_quran_v2_weighted,data\uploads\user_bac7859cc08a4c3abeab7cc889350d7c.wav,19.14,1.8787163999804761,0.09815655172311787,ادفلاميم ذلك الكتاب الاريب فيه هدي للمتقين الذين يؤمنون بالغيب ويقيمون الصلاه ومما رزقناهم يوفقون,97,ok,
checkpoints/content_asr_whisper_medium_quran_v2_weighted,data\uploads\user_be8667796a874785b5299a3ee534bfef.wav,24.06,1.8149483000161126,0.07543426018354583,الفلاميم ذلك الكتاب لا ريب فيه هدي للمتقين الذين يؤمنون بالغيب ويقيمون الصلاه ومما رزقناهم ينفقون,97,ok,
checkpoints/content_asr_whisper_medium_quran_v2_weighted,data\uploads\user_c16e9c99d93a474fbf3bf021a717c586.wav,39.42,0.5010229999898002,0.012709868087006599,بسم الله الرحمن الرحيم,22,ok,
checkpoints/content_asr_whisper_medium_quran_v2_weighted,data\uploads\user_c41c197221e04ae39c064525cd753bbe.wav,17.7,1.7577160999935586,0.09930599434991857,الفلاميم ذلك الكتاب العريب فيه هدي للمتقين الذين يؤمنون بالغيب ويقيمون الصلاه ومما رزقناهم ينفقون,97,ok,
checkpoints/content_asr_whisper_medium_quran_v2_weighted,data\uploads\user_d0f6199fa6a24c17b44faf9a1015746c.wav,44.04,1.7561928000068292,0.03987722070860193,الفلامي ذلك الكتاب لا ريب فيه هدي للمتقين الذين يؤمنون بالغيب ويقيمون الصلاه ومما رزقناهم ينفقون,96,ok,
checkpoints/content_asr_whisper_medium_quran_v2_weighted,data\uploads\user_d2365a6e0287446da76c6ef86020f70b.wav,56.28,0.8815789000072982,0.015664159559475803,الفلاميم ذلك الكتاب لا ريب فيه هدي للمتقين,42,ok,
checkpoints/content_asr_whisper_medium_quran_v2_weighted,data\uploads\user_e1ab731b3e5849e2ba2633f2387d1590.wav,42.66,1.4054917999892496,0.0329463619312998,الحمد لله رب العالمين الملك يوم الدين اياك نعبد واياك نستعين اهدنا الصراط المستقيم,82,ok,
checkpoints/content_asr_whisper_medium_quran_v2_weighted,data\uploads\user_e317f16ebe734d2ebfc89f43239bfba3.wav,18.66,1.874245700018946,0.10044189174806785,الفلا ميم ذلك الكتاب لا ريب فيه هدي للمتقين الذين يؤمنون بالغيب ويقيمون المنه ومما رزقناهم ينفقون,97,ok,
checkpoints/content_asr_whisper_medium_quran_v2_weighted,data\uploads\user_e41b3700646140dda067a526d8cc614a.wav,14.52,1.7897226999921259,0.123259139117915,الفلاميم ذلك الكتاب الارب فيه هدي للمتقين الذين يؤمنون بالغيب ويقيمون الصلاه ومما رسقناهم ينفقون,96,ok,
checkpoints/content_asr_whisper_medium_quran_v2_weighted,data\uploads\user_ed2721c8d0e74a3eb6ca21aa1ab7a3e9.wav,30.18,1.6365971000050195,0.054227869450133186,الحمد لله رب العالمين الرحمن الرحيم مالك يوم الدين اياك نعبد واياك نستعين اهدنا الصراط المستقيم,95,ok,
checkpoints/content_asr_whisper_medium_quran_v2_weighted,data\uploads\user_ed87da28ee4245fd8ec6a0c1c7a83126.wav,18.0,1.8149141000176314,0.10082856111209064,الفلاميم ذلك الكتاب لا ريب فيه هدي للمتقين الذين يؤمنون بالغيب ويوقيمون الصلاه ومما رزقناهم يغفقون,98,ok,
checkpoints/content_asr_whisper_medium_quran_v2_weighted,data\uploads\user_f3e3ca728f634337af1cfafe34c6ac6f.wav,7.86,0.8882660000235774,0.11301094147882663,الفلاميم ذلك الكتاب العريب فيه هدي للمتقين,42,ok,
checkpoints/content_asr_whisper_medium_quran_v2_weighted,data\uploads\user_f96c795b03364eec9b79db01e1fd734d.wav,28.68,0.49145859997952357,0.01713593444837948,المصبحين,8,ok,
checkpoints/content_asr_whisper_medium_quran_v2_weighted,data\uploads\user_fb811f48e9e64a17aa7e5885cf03b5c1.wav,32.4,0.41955059999600053,0.012949092592469152,المعلمين,8,ok,
checkpoints/content_asr_whisper_medium_quran_v2_weighted,data\uploads\user_fcdf07de24cd482c86ebbd90f47d5b26.wav,40.2,0.5148482999939006,0.012807171641639317,بسم الله الرحمن الرحيم,22,ok,
checkpoints/content_asr_whisper_medium_quran_v2_weighted,data\uploads\user_ff8c3b01487341758e92bfee1195c0ab.wav,3.66,0.3621614000003319,0.09895120218588303,الفلام,6,ok,
tarteel-ai/whisper-base-ar-quran,data\uploads\segments\sweep_db30_sil025_segment_001.wav,0.737,0.43033929998637177,0.5839067842420241,والمسلم,7,ok,
tarteel-ai/whisper-base-ar-quran,data\uploads\segments\sweep_db30_sil025_segment_002.wav,4.711,0.3553060000122059,0.07542050520318529,الحمد لله رب العالمين,21,ok,
tarteel-ai/whisper-base-ar-quran,data\uploads\segments\sweep_db30_sil025_segment_003.wav,3.885,0.20821119999163784,0.05359361647146405,الرحمن الرحيم,13,ok,
tarteel-ai/whisper-base-ar-quran,data\uploads\segments\sweep_db30_sil025_segment_004.wav,3.461,0.22002209999482147,0.06357182894967393,ملك يوم الدين,13,ok,
tarteel-ai/whisper-base-ar-quran,data\uploads\segments\sweep_db30_sil025_segment_005.wav,4.907,0.4342512000002898,0.08849627063384753,اياك نعبد وايياكا نستعين,24,ok,
tarteel-ai/whisper-base-ar-quran,data\uploads\segments\sweep_db30_sil025_segment_006.wav,6.642,0.7842192999960389,0.11806975308582338,اهدنا الصراط المستقيم سرط الذين انعمت عليهم,43,ok,
tarteel-ai/whisper-base-ar-quran,data\uploads\segments\sweep_db30_sil025_segment_007.wav,3.558,0.4669265999982599,0.13123288364200672,غير المغضوب عليهم ولكري,23,ok,
tarteel-ai/whisper-base-ar-quran,data\uploads\segments\sweep_db30_sil025_segment_008.wav,4.079,0.05125910000060685,0.012566584947439778,طسم,3,ok,
tarteel-ai/whisper-base-ar-quran,data\uploads\segments\sweep_db30_sil025_segment_009.wav,0.72,0.17848790000425652,0.24789986111702295,والمؤمنين,9,ok,
tarteel-ai/whisper-base-ar-quran,data\uploads\segments\sweep_db30_sil035_segment_001.wav,0.737,0.1635734000010416,0.22194491180602657,والمسلم,7,ok,
tarteel-ai/whisper-base-ar-quran,data\uploads\segments\sweep_db30_sil035_segment_002.wav,4.711,0.36398679998819716,0.07726317129870455,الحمد لله رب العالمين,21,ok,
tarteel-ai/whisper-base-ar-quran,data\uploads\segments\sweep_db30_sil035_segment_003.wav,3.885,0.22165570000652224,0.05705423423591306,الرحمن الرحيم,13,ok,
tarteel-ai/whisper-base-ar-quran,data\uploads\segments\sweep_db30_sil035_segment_004.wav,3.461,0.2263039999816101,0.06538688239861604,ملك يوم الدين,13,ok,
tarteel-ai/whisper-base-ar-quran,data\uploads\segments\sweep_db30_sil035_segment_005.wav,4.907,0.45615840001846664,0.0929607499528157,اياك نعبد وايياكا نستعين,24,ok,
tarteel-ai/whisper-base-ar-quran,data\uploads\segments\sweep_db30_sil035_segment_006.wav,6.642,0.7403669999912381,0.11146747967347757,اهدنا الصراط المستقيم سرط الذين انعمت عليهم,43,ok,
tarteel-ai/whisper-base-ar-quran,data\uploads\segments\sweep_db30_sil035_segment_007.wav,3.558,0.43003930000122637,0.12086545812288543,غير المغضوب عليهم ولكري,23,ok,
tarteel-ai/whisper-base-ar-quran,data\uploads\segments\sweep_db30_sil035_segment_008.wav,4.079,0.05274949999875389,0.012931968619454252,طسم,3,ok,
tarteel-ai/whisper-base-ar-quran,data\uploads\segments\sweep_db30_sil035_segment_009.wav,0.72,0.1896505999902729,0.26340361109760124,والمؤمنين,9,ok,
tarteel-ai/whisper-base-ar-quran,data\uploads\segments\sweep_db30_sil05_segment_001.wav,0.737,0.15753379999659956,0.21375006783799125,والمسلم,7,ok,
tarteel-ai/whisper-base-ar-quran,data\uploads\segments\sweep_db30_sil05_segment_002.wav,4.711,0.360016499995254,0.07642039906500826,الحمد لله رب العالمين,21,ok,
tarteel-ai/whisper-base-ar-quran,data\uploads\segments\sweep_db30_sil05_segment_003.wav,3.885,0.20960919998469763,0.053953462029523204,الرحمن الرحيم,13,ok,
tarteel-ai/whisper-base-ar-quran,data\uploads\segments\sweep_db30_sil05_segment_004.wav,3.461,0.21935989998746663,0.06338049696257343,ملك يوم الدين,13,ok,
tarteel-ai/whisper-base-ar-quran,data\uploads\segments\sweep_db30_sil05_segment_005.wav,4.907,0.4390951000095811,0.08948341145497882,اياك نعبد وايياكا نستعين,24,ok,
tarteel-ai/whisper-base-ar-quran,data\uploads\segments\sweep_db30_sil05_segment_006.wav,6.642,0.7186098000092898,0.10819177958586114,اهدنا الصراط المستقيم سرط الذين انعمت عليهم,43,ok,
tarteel-ai/whisper-base-ar-quran,data\uploads\segments\sweep_db30_sil05_segment_007.wav,7.637,0.46454350001295097,0.06082800838194985,غير المغضوب عليهم ولا الضالين,29,ok,
tarteel-ai/whisper-base-ar-quran,data\uploads\segments\sweep_db30_sil05_segment_008.wav,0.72,0.17397619999246672,0.24163361110064824,والمؤمنين,9,ok,
tarteel-ai/whisper-base-ar-quran,data\uploads\segments\sweep_db35_sil025_segment_001.wav,0.735,0.15576870000222698,0.21193020408466257,والمسلم,7,ok,
tarteel-ai/whisper-base-ar-quran,data\uploads\segments\sweep_db35_sil025_segment_002.wav,4.715,0.3673080000153277,0.07790201484948626,الحمد لله رب العالمين,21,ok,
tarteel-ai/whisper-base-ar-quran,data\uploads\segments\sweep_db35_sil025_segment_003.wav,3.89,0.2184687999833841,0.05616164523994449,الرحمن الرحيم,13,ok,
tarteel-ai/whisper-base-ar-quran,data\uploads\segments\sweep_db35_sil025_segment_004.wav,3.461,0.24510989998816513,0.07082054319218871,ملك يوم الدين,13,ok,
tarteel-ai/whisper-base-ar-quran,data\uploads\segments\sweep_db35_sil025_segment_005.wav,4.903,0.47213120001833886,0.09629435040145602,اياك نعبد وايياكا نستعين,24,ok,
tarteel-ai/whisper-base-ar-quran,data\uploads\segments\sweep_db35_sil025_segment_006.wav,6.642,0.7168448999873362,0.10792606142537432,اهدنا الصراط المستقيم سرط الذين انعمت عليهم,43,ok,
tarteel-ai/whisper-base-ar-quran,data\uploads\segments\sweep_db35_sil025_segment_007.wav,3.529,0.426175400003558,0.1207637857760153,غير المغضوب عليهم ولكري,23,ok,
tarteel-ai/whisper-base-ar-quran,data\uploads\segments\sweep_db35_sil025_segment_008.wav,4.109,0.052030399994691834,0.012662545630248682,طسم,3,ok,
tarteel-ai/whisper-base-ar-quran,data\uploads\segments\sweep_db35_sil025_segment_009.wav,0.716,0.1756205000274349,0.2452800279712778,والمؤمنين,9,ok,
tarteel-ai/whisper-base-ar-quran,data\uploads\segments\sweep_db35_sil035_segment_001.wav,0.735,0.15689079998992383,0.21345687073459024,والمسلم,7,ok,
tarteel-ai/whisper-base-ar-quran,data\uploads\segments\sweep_db35_sil035_segment_002.wav,4.715,0.3592309999803547,0.07618897136380799,الحمد لله رب العالمين,21,ok,
tarteel-ai/whisper-base-ar-quran,data\uploads\segments\sweep_db35_sil035_segment_003.wav,3.89,0.21973109999089502,0.05648614395652828,الرحمن الرحيم,13,ok,
tarteel-ai/whisper-base-ar-quran,data\uploads\segments\sweep_db35_sil035_segment_004.wav,3.461,0.24756809999234974,0.07153080034451019,ملك يوم الدين,13,ok,
tarteel-ai/whisper-base-ar-quran,data\uploads\segments\sweep_db35_sil035_segment_005.wav,4.903,0.4310168999945745,0.08790881093097584,اياك نعبد وايياكا نستعين,24,ok,
tarteel-ai/whisper-base-ar-quran,data\uploads\segments\sweep_db35_sil035_segment_006.wav,6.642,0.7326847000222187,0.11031085516745238,اهدنا الصراط المستقيم سرط الذين انعمت عليهم,43,ok,
tarteel-ai/whisper-base-ar-quran,data\uploads\segments\sweep_db35_sil035_segment_007.wav,7.638,0.47371980000752956,0.06202144540554197,غير المغضوب عليهم ولا الضالين,29,ok,
tarteel-ai/whisper-base-ar-quran,data\uploads\segments\sweep_db35_sil035_segment_008.wav,0.716,0.17902859998866916,0.25003994411825303,والمؤمنين,9,ok,
tarteel-ai/whisper-base-ar-quran,data\uploads\segments\sweep_db35_sil05_segment_001.wav,0.735,0.15804720000596717,0.21503020408975126,والمسلم,7,ok,
tarteel-ai/whisper-base-ar-quran,data\uploads\segments\sweep_db35_sil05_segment_002.wav,4.715,0.35510009998688474,0.07531285259530959,الحمد لله رب العالمين,21,ok,
tarteel-ai/whisper-base-ar-quran,data\uploads\segments\sweep_db35_sil05_segment_003.wav,3.89,0.21148310002172366,0.054365835481162895,الرحمن الرحيم,13,ok,
tarteel-ai/whisper-base-ar-quran,data\uploads\segments\sweep_db35_sil05_segment_004.wav,3.461,0.23977270000614226,0.06927844553774697,ملك يوم الدين,13,ok,
tarteel-ai/whisper-base-ar-quran,data\uploads\segments\sweep_db35_sil05_segment_005.wav,4.903,0.4401145000010729,0.08976432796269078,اياك نعبد وايياكا نستعين,24,ok,
tarteel-ai/whisper-base-ar-quran,data\uploads\segments\sweep_db35_sil05_segment_006.wav,6.642,0.7394629000045825,0.1113313610365225,اهدنا الصراط المستقيم سرط الذين انعمت عليهم,43,ok,
tarteel-ai/whisper-base-ar-quran,data\uploads\segments\sweep_db35_sil05_segment_007.wav,7.638,0.4764420000137761,0.06237784760588847,غير المغضوب عليهم ولا الضالين,29,ok,
tarteel-ai/whisper-base-ar-quran,data\uploads\segments\sweep_db35_sil05_segment_008.wav,0.716,0.17094659997383133,0.2387522346003231,والمؤمنين,9,ok,
tarteel-ai/whisper-base-ar-quran,data\uploads\segments\sweep_db40_sil025_segment_001.wav,0.805,0.16772040000068955,0.20834832298222303,والمسلم,7,ok,
tarteel-ai/whisper-base-ar-quran,data\uploads\segments\sweep_db40_sil025_segment_002.wav,4.248,0.3837391000124626,0.090334063091446,الحمد لله رب العالمين,21,ok,
tarteel-ai/whisper-base-ar-quran,data\uploads\segments\sweep_db40_sil025_segment_003.wav,1.188,0.0972431999980472,0.08185454545290169,ك,1,ok,
tarteel-ai/whisper-base-ar-quran,data\uploads\segments\sweep_db40_sil025_segment_004.wav,3.096,0.20706909999717027,0.0668827842368121,الرحمن الرحيم,13,ok,
tarteel-ai/whisper-base-ar-quran,data\uploads\segments\sweep_db40_sil025_segment_005.wav,3.467,0.24118380001164041,0.06956556100710713,ملك يوم الدين,13,ok,
tarteel-ai/whisper-base-ar-quran,data\uploads\segments\sweep_db40_sil025_segment_006.wav,4.901,0.43441029998939484,0.08863707406435317,اياك نعبد وايياكا نستعين,24,ok,
tarteel-ai/whisper-base-ar-quran,data\uploads\segments\sweep_db40_sil025_segment_007.wav,6.643,0.7349319000204559,0.11063253048629475,اهدنا الصراط المستقيم سراق الذين انعمت عليهم,44,ok,
tarteel-ai/whisper-base-ar-quran,data\uploads\segments\sweep_db40_sil025_segment_008.wav,3.531,0.4244261000130791,0.12019997168311501,غير المغضوب عليهم ولكري,23,ok,
tarteel-ai/whisper-base-ar-quran,data\uploads\segments\sweep_db40_sil025_segment_009.wav,4.108,0.051206600008299574,0.01246509250445462,طسم,3,ok,
tarteel-ai/whisper-base-ar-quran,data\uploads\segments\sweep_db40_sil025_segment_010.wav,0.713,0.17680929999914952,0.24797938288800775,والمؤمنين,9,ok,
tarteel-ai/whisper-base-ar-quran,data\uploads\segments\sweep_db40_sil035_segment_001.wav,0.805,0.15822169999592006,0.19654869564710564,والمسلم,7,ok,
tarteel-ai/whisper-base-ar-quran,data\uploads\segments\sweep_db40_sil035_segment_002.wav,4.248,0.39731319999555126,0.09352947269198475,الحمد لله رب العالمين,21,ok,
tarteel-ai/whisper-base-ar-quran,data\uploads\segments\sweep_db40_sil035_segment_003.wav,1.188,0.09986640000715852,0.08406262626865195,ك,1,ok,
tarteel-ai/whisper-base-ar-quran,data\uploads\segments\sweep_db40_sil035_segment_004.wav,3.096,0.22486489999573678,0.07263078165236976,الرحمن الرحيم,13,ok,
tarteel-ai/whisper-base-ar-quran,data\uploads\segments\sweep_db40_sil035_segment_005.wav,3.467,0.2682517000066582,0.07737285838092248,ملك يوم الدين,13,ok,
tarteel-ai/whisper-base-ar-quran,data\uploads\segments\sweep_db40_sil035_segment_006.wav,4.901,0.4581682000134606,0.09348463579136107,اياك نعبد وايياكا نستعين,24,ok,
tarteel-ai/whisper-base-ar-quran,data\uploads\segments\sweep_db40_sil035_segment_007.wav,6.643,0.7388754000130575,0.11122616288018328,اهدنا الصراط المستقيم سراق الذين انعمت عليهم,44,ok,
tarteel-ai/whisper-base-ar-quran,data\uploads\segments\sweep_db40_sil035_segment_008.wav,7.639,0.4745208999956958,0.062118196098402384,غير المغضوب عليهم ولا الضالين,29,ok,
tarteel-ai/whisper-base-ar-quran,data\uploads\segments\sweep_db40_sil035_segment_009.wav,0.713,0.18569330000900663,0.2604394109523235,والمؤمنين,9,ok,
tarteel-ai/whisper-base-ar-quran,data\uploads\segments\sweep_db40_sil05_segment_001.wav,0.805,0.1595695000141859,0.19822298138408187,والمسلم,7,ok,
tarteel-ai/whisper-base-ar-quran,data\uploads\segments\sweep_db40_sil05_segment_002.wav,4.248,0.38819990001502447,0.09138415725400764,الحمد لله رب العالمين,21,ok,
tarteel-ai/whisper-base-ar-quran,data\uploads\segments\sweep_db40_sil05_segment_003.wav,1.188,0.08442970001487993,0.07106877105629623,ك,1,ok,
tarteel-ai/whisper-base-ar-quran,data\uploads\segments\sweep_db40_sil05_segment_004.wav,3.096,0.20269269999698736,0.06546921834528015,الرحمن الرحيم,13,ok,
tarteel-ai/whisper-base-ar-quran,data\uploads\segments\sweep_db40_sil05_segment_005.wav,3.467,0.24876950000179932,0.07175353331462339,ملك يوم الدين,13,ok,
tarteel-ai/whisper-base-ar-quran,data\uploads\segments\sweep_db40_sil05_segment_006.wav,4.901,0.4396703999955207,0.08971034482667226,اياك نعبد وايياكا نستعين,24,ok,
tarteel-ai/whisper-base-ar-quran,data\uploads\segments\sweep_db40_sil05_segment_007.wav,6.643,0.7912134999933187,0.11910484720658117,اهدنا الصراط المستقيم سراق الذين انعمت عليهم,44,ok,
tarteel-ai/whisper-base-ar-quran,data\uploads\segments\sweep_db40_sil05_segment_008.wav,7.639,0.48567980001098476,0.06357897630723718,غير المغضوب عليهم ولا الضالين,29,ok,
tarteel-ai/whisper-base-ar-quran,data\uploads\segments\sweep_db40_sil05_segment_009.wav,0.713,0.18366499998955987,0.2575946703920896,والمؤمنين,9,ok,
tarteel-ai/whisper-base-ar-quran,data\uploads\segments\sweep_db45_sil025_segment_001.wav,0.857,0.1617541000014171,0.18874457409733617,والمسلم,7,ok,
tarteel-ai/whisper-base-ar-quran,data\uploads\segments\sweep_db45_sil025_segment_002.wav,4.107,0.3581296000047587,0.0871998052117747,الحمد لله رب العالمين,21,ok,
tarteel-ai/whisper-base-ar-quran,data\uploads\segments\sweep_db45_sil025_segment_003.wav,1.313,0.08288360000005923,0.06312536176699104,ك,1,ok,
tarteel-ai/whisper-base-ar-quran,data\uploads\segments\sweep_db45_sil025_segment_004.wav,3.061,0.20872540000709705,0.06818863116860407,الرحمن الرحيم,13,ok,
tarteel-ai/whisper-base-ar-quran,data\uploads\segments\sweep_db45_sil025_segment_005.wav,3.313,0.23544990000664257,0.07106848777743512,ملك يوم الدين,13,ok,
tarteel-ai/whisper-base-ar-quran,data\uploads\segments\sweep_db45_sil025_segment_006.wav,5.056,0.41985760000534356,0.0830414556972594,اياك نعبد وايياكا استعين,24,ok,
tarteel-ai/whisper-base-ar-quran,data\uploads\segments\sweep_db45_sil025_segment_007.wav,6.642,0.741550400009146,0.11164564890231043,اهدنا الصراط المستقيم سراق الذين انعمت عليهم,44,ok,
tarteel-ai/whisper-base-ar-quran,data\uploads\segments\sweep_db45_sil025_segment_008.wav,3.534,0.4123037999961525,0.11666774193439518,غير المغضوب عليهم ولك,21,ok,
tarteel-ai/whisper-base-ar-quran,data\uploads\segments\sweep_db45_sil025_segment_009.wav,4.106,0.053414200025144964,0.013008816372417187,طسم,3,ok,
tarteel-ai/whisper-base-ar-quran,data\uploads\segments\sweep_db45_sil025_segment_010.wav,0.711,0.17507229998591356,0.24623389590142555,والمؤمنين,9,ok,
tarteel-ai/whisper-base-ar-quran,data\uploads\segments\test_cleaned_segment_001.wav,4.706,0.3056970000034198,0.06495898852601356,بسم لا يرحمان الرحيم,20,ok,
tarteel-ai/whisper-base-ar-quran,data\uploads\segments\test_cleaned_segment_002.wav,5.345,0.3696969000156969,0.06916686623305836,الحمد لله رب العالمين,21,ok,
tarteel-ai/whisper-base-ar-quran,data\uploads\segments\test_cleaned_segment_003.wav,3.517,0.21940520001226105,0.062384191075422535,الرحمن الرحيم,13,ok,
tarteel-ai/whisper-base-ar-quran,data\uploads\segments\test_cleaned_segment_004.wav,4.244,0.21867579998797737,0.05152587181620579,ملك يوم الدين,13,ok,
tarteel-ai/whisper-base-ar-quran,data\uploads\segments\test_cleaned_segment_005.wav,5.695,0.4214244999748189,0.07399903423614028,اياك نعبد والا كان السعير,25,ok,
tarteel-ai/whisper-base-ar-quran,data\uploads\segments\test_cleaned_segment_006.wav,4.473,0.3220151999848895,0.07199087860158496,اهدنا الصراط المستقيم,21,ok,
tarteel-ai/whisper-base-ar-quran,data\uploads\segments\test_cleaned_segment_007.wav,11.44,0.8744018000143114,0.07643372377747477,صراط الذين انعمت عليهم غير المغضوب علي ولا الضالين,50,ok,
tarteel-ai/whisper-base-ar-quran,data\uploads\segments\test_multi_segment_001.wav,4.071,0.36825399997178465,0.09045787275160518,الحمد لله رب العالمين,21,ok,
tarteel-ai/whisper-base-ar-quran,data\uploads\segments\test_multi_segment_002.wav,3.094,0.20768729998962954,0.06712582417247238,الرحمن الصحيم,13,ok,
tarteel-ai/whisper-base-ar-quran,data\uploads\segments\test_multi_segment_003.wav,3.084,0.20667769998544827,0.06701611542978218,ملك يوم الدين,13,ok,
tarteel-ai/whisper-base-ar-quran,data\uploads\segments\test_multi_segment_004.wav,4.452,0.432280000008177,0.09709793351486457,اياك نعبد واياك مستين,21,ok,
tarteel-ai/whisper-base-ar-quran,data\uploads\segments\test_multi_segment_005.wav,7.263,0.6961050999816507,0.09584264077951958,اهدنا الصراط المستقيم شراض الذين انعمت عليهم,44,ok,
tarteel-ai/whisper-base-ar-quran,data\uploads\segments\test_multi_segment_006.wav,6.596,0.46092360001057386,0.06987926015927438,غير المغروب عليهم والطالين,26,ok,
tarteel-ai/whisper-base-ar-quran,data\uploads\segments\user_010ea2e45774412abc851fe43b40a35b\user_010ea2e45774412abc851fe43b40a35b_segment_001.wav,5.133,0.3286247000214644,0.0640219559753486,بسم الله الرحمن الرحيم,22,ok,
tarteel-ai/whisper-base-ar-quran,data\uploads\segments\user_010ea2e45774412abc851fe43b40a35b\user_010ea2e45774412abc851fe43b40a35b_segment_002.wav,6.664,0.3436441000085324,0.05156724189803908,الحمد لله رب العليم,19,ok,
tarteel-ai/whisper-base-ar-quran,data\uploads\segments\user_010ea2e45774412abc851fe43b40a35b\user_010ea2e45774412abc851fe43b40a35b_segment_003.wav,3.656,0.22505880001699552,0.061558752739878424,الرحمن الرحيم,13,ok,
tarteel-ai/whisper-base-ar-quran,data\uploads\segments\user_010ea2e45774412abc851fe43b40a35b\user_010ea2e45774412abc851fe43b40a35b_segment_004.wav,5.344,0.2383059999847319,0.04459318861989743,ملك يوم الدين,13,ok,
tarteel-ai/whisper-base-ar-quran,data\uploads\segments\user_010ea2e45774412abc851fe43b40a35b\user_010ea2e45774412abc851fe43b40a35b_segment_005.wav,7.71,0.41051709998282604,0.053244760049653186,ايتهم هدوياك مستعين,19,ok,
tarteel-ai/whisper-base-ar-quran,data\uploads\segments\user_010ea2e45774412abc851fe43b40a35b\user_010ea2e45774412abc851fe43b40a35b_segment_006.wav,5.912,0.3328886999806855,0.0563072902538372,اهدنا الصراط المستقيم,21,ok,
tarteel-ai/whisper-base-ar-quran,data\uploads\segments\user_010ea2e45774412abc851fe43b40a35b\user_010ea2e45774412abc851fe43b40a35b_segment_007.wav,10.281,0.8657916999945883,0.0842127905840471,صراط الذين انعمت عليهم غير المغضوب علي ولا الضالين,50,ok,
tarteel-ai/whisper-base-ar-quran,data\uploads\segments\user_0150e1fdf264471abebf6bd547f4ea06\expected_count\user_0150e1fdf264471abebf6bd547f4ea06_expected_segment_001.wav,3.284,0.05074899998726323,0.015453410471152021,الم,3,ok,
tarteel-ai/whisper-base-ar-quran,data\uploads\segments\user_0150e1fdf264471abebf6bd547f4ea06\expected_count\user_0150e1fdf264471abebf6bd547f4ea06_expected_segment_002.wav,4.492,0.4998030999850016,0.11126516028161211,ذلك الكتاب لا ريب في مدل المتقيم,32,ok,
tarteel-ai/whisper-base-ar-quran,data\uploads\segments\user_0150e1fdf264471abebf6bd547f4ea06\expected_count\user_0150e1fdf264471abebf6bd547f4ea06_expected_segment_003.wav,23.724,6.271715200011386,0.2643616253587669,الذين يؤمنون بالغيب ويقيمون الصلاه ومما رزقناهم ينفقون والاذين,62,ok,
tarteel-ai/whisper-base-ar-quran,data\uploads\segments\user_0150e1fdf264471abebf6bd547f4ea06\free_detect\user_0150e1fdf264471abebf6bd547f4ea06_free_segment_001.wav,3.284,0.1820702999830246,0.05544162606060433,الم,3,ok,
tarteel-ai/whisper-base-ar-quran,data\uploads\segments\user_0150e1fdf264471abebf6bd547f4ea06\free_detect\user_0150e1fdf264471abebf6bd547f4ea06_free_segment_002.wav,4.492,1.2873981000157073,0.2865979741798102,ذلك الكتاب لا ريب في مدل المتقيم,32,ok,
tarteel-ai/whisper-base-ar-quran,data\uploads\segments\user_0150e1fdf264471abebf6bd547f4ea06\free_detect\user_0150e1fdf264471abebf6bd547f4ea06_free_segment_003.wav,23.724,10.700011900014943,0.4510205656725233,الذين يؤمنون بالغيب ويقيمون الصلاه ومما رزقناهم ينفقون والاذين,62,ok,
tarteel-ai/whisper-base-ar-quran,data\uploads\segments\user_0150e1fdf264471abebf6bd547f4ea06\natural\user_0150e1fdf264471abebf6bd547f4ea06_natural_segment_001.wav,3.284,0.19536489999154583,0.05948992082568387,الم,3,ok,
tarteel-ai/whisper-base-ar-quran,data\uploads\segments\user_0150e1fdf264471abebf6bd547f4ea06\natural\user_0150e1fdf264471abebf6bd547f4ea06_natural_segment_002.wav,4.492,1.314370100008091,0.29260242653786533,ذلك الكتاب لا ريب في مدل المتقيم,32,ok,
tarteel-ai/whisper-base-ar-quran,data\uploads\segments\user_0150e1fdf264471abebf6bd547f4ea06\natural\user_0150e1fdf264471abebf6bd547f4ea06_natural_segment_003.wav,23.724,11.00935879998724,0.4640599730225611,الذين يؤمنون بالغيب ويقيمون الصلاه ومما رزقناهم ينفقون والاذين,62,ok,
tarteel-ai/whisper-base-ar-quran,data\uploads\segments\user_05e371d92eed47babcbe42efde1265c9\free_detect\user_05e371d92eed47babcbe42efde1265c9_free_segment_001.wav,4.38,0.42693129999679513,0.09747289954264729,الم,3,ok,
tarteel-ai/whisper-base-ar-quran,data\uploads\segments\user_05e371d92eed47babcbe42efde1265c9\free_detect\user_05e371d92eed47babcbe42efde1265c9_free_segment_002.wav,6.921,1.4920837000245228,0.21558787747789665,ذلك الكتاب لعيب فيه هدي للمتقين,31,ok,
tarteel-ai/whisper-base-ar-quran,data\uploads\segments\user_05e371d92eed47babcbe42efde1265c9\free_detect\user_05e371d92eed47babcbe42efde1265c9_free_segment_003.wav,9.939,2.5254904000030365,0.25409904416973905,الذين يؤمنون بالغيب ويقيمون الصلاه ومما رزقنا ينفقون,52,ok,
tarteel-ai/whisper-base-ar-quran,data\uploads\segments\user_073f9aeeade04103a943757ec667572f\free_detect\user_073f9aeeade04103a943757ec667572f_free_segment_001.wav,4.379,0.8024813000229187,0.183256748121242,قل يا ايها الكافرون,19,ok,
tarteel-ai/whisper-base-ar-quran,data\uploads\segments\user_10bfd7544c5348cf8a1138690e6e22bf\free_detect\user_10bfd7544c5348cf8a1138690e6e22bf_free_segment_001.wav,3.788,0.23330819999682717,0.06159139387455839,الم,3,ok,
tarteel-ai/whisper-base-ar-quran,data\uploads\segments\user_10bfd7544c5348cf8a1138690e6e22bf\free_detect\user_10bfd7544c5348cf8a1138690e6e22bf_free_segment_002.wav,5.3,1.2857155000092462,0.24258783019042382,ذلك الكتاب لا ريب فيه هدي لنه,29,ok,
tarteel-ai/whisper-base-ar-quran,data\uploads\segments\user_10bfd7544c5348cf8a1138690e6e22bf\free_detect\user_10bfd7544c5348cf8a1138690e6e22bf_free_segment_003.wav,2.291,0.44126500000129454,0.19260803142788938,متقين,5,ok,
tarteel-ai/whisper-base-ar-quran,data\uploads\segments\user_10bfd7544c5348cf8a1138690e6e22bf\free_detect\user_10bfd7544c5348cf8a1138690e6e22bf_free_segment_004.wav,10.728,2.488235700002406,0.23193845078322203,الذين يؤمنون بالغيب ويقيمون الصلاه ومما رزقناهم ينفقون,54,ok,
tarteel-ai/whisper-base-ar-quran,data\uploads\segments\user_10bfd7544c5348cf8a1138690e6e22bf\free_detect\user_10bfd7544c5348cf8a1138690e6e22bf_free_segment_005.wav,8.443,1.3839953999849968,0.1639222314325473,والذين يؤمنون بما انزل اليك وماق,32,ok,
tarteel-ai/whisper-base-ar-quran,data\uploads\segments\user_10bfd7544c5348cf8a1138690e6e22bf\free_detect\user_10bfd7544c5348cf8a1138690e6e22bf_free_segment_006.wav,6.834,1.2824832999904174,0.18766217442060543,زلم قبلك وبالاخره هم يوقنون,27,ok,
tarteel-ai/whisper-base-ar-quran,data\uploads\segments\user_10bfd7544c5348cf8a1138690e6e22bf\free_detect\user_10bfd7544c5348cf8a1138690e6e22bf_free_segment_007.wav,10.016,1.8176735000160988,0.1814769868226936,اولئك علي هدي من ربهم واوليك اضلوا المفلحون,43,ok,
tarteel-ai/whisper-base-ar-quran,data\uploads\segments\user_12ab187cacc6421fadf7122f134e96d9\user_12ab187cacc6421fadf7122f134e96d9_segment_001.wav,4.706,0.8336929999932181,0.17715533361521846,بسم لا يرحمان الرحيم,20,ok,
tarteel-ai/whisper-base-ar-quran,data\uploads\segments\user_12ab187cacc6421fadf7122f134e96d9\user_12ab187cacc6421fadf7122f134e96d9_segment_002.wav,5.345,0.9601819000090472,0.17964114125520061,الحمد لله رب العالمين,21,ok,
tarteel-ai/whisper-base-ar-quran,data\uploads\segments\user_12ab187cacc6421fadf7122f134e96d9\user_12ab187cacc6421fadf7122f134e96d9_segment_003.wav,3.517,0.597575699997833,0.16991063406250584,الرحمن الرحيم,13,ok,
tarteel-ai/whisper-base-ar-quran,data\uploads\segments\user_12ab187cacc6421fadf7122f134e96d9\user_12ab187cacc6421fadf7122f134e96d9_segment_004.wav,4.244,0.6234865000005811,0.14691010838844987,ملك يوم الدين,13,ok,
tarteel-ai/whisper-base-ar-quran,data\uploads\segments\user_12ab187cacc6421fadf7122f134e96d9\user_12ab187cacc6421fadf7122f134e96d9_segment_005.wav,5.695,1.1222214000008535,0.19705380158048347,اياك نعبد والا كان السعير,25,ok,
tarteel-ai/whisper-base-ar-quran,data\uploads\segments\user_12ab187cacc6421fadf7122f134e96d9\user_12ab187cacc6421fadf7122f134e96d9_segment_006.wav,4.473,0.8374297999835107,0.18721882405175738,اهدنا الصراط المستقيم,21,ok,
tarteel-ai/whisper-base-ar-quran,data\uploads\segments\user_12ab187cacc6421fadf7122f134e96d9\user_12ab187cacc6421fadf7122f134e96d9_segment_007.wav,11.44,2.3410627999983262,0.20463835664321034,صراط الذين انعمت عليهم غير المغضوب علي ولا الضالين,50,ok,
tarteel-ai/whisper-base-ar-quran,data\uploads\segments\user_140b3596cd7c419aa475bf4d2f63607b\natural\user_140b3596cd7c419aa475bf4d2f63607b_natural_segment_001.wav,3.022,0.31005650002043694,0.1025997683720837,الم,3,ok,
tarteel-ai/whisper-base-ar-quran,data\uploads\segments\user_140b3596cd7c419aa475bf4d2f63607b\natural\user_140b3596cd7c419aa475bf4d2f63607b_natural_segment_002.wav,2.859,0.9840274000016507,0.3441858691856071,ذلك الكتاب لا ريب في يه,23,ok,
tarteel-ai/whisper-base-ar-quran,data\uploads\segments\user_140b3596cd7c419aa475bf4d2f63607b\natural\user_140b3596cd7c419aa475bf4d2f63607b_natural_segment_003.wav,7.919,2.687458100001095,0.3393683672182214,هدي للمتقيم الذين يؤمنون بالغيب ويقيمون الصلاه ومما رزقناه,58,ok,
tarteel-ai/whisper-base-ar-quran,data\uploads\segments\user_14cc5a4fa4eb44caa6c21cf8e3888949\free_detect\user_14cc5a4fa4eb44caa6c21cf8e3888949_free_segment_001.wav,3.36,0.1809826999960933,0.0538638988083611,الم,3,ok,
tarteel-ai/whisper-base-ar-quran,data\uploads\segments\user_14cc5a4fa4eb44caa6c21cf8e3888949\free_detect\user_14cc5a4fa4eb44caa6c21cf8e3888949_free_segment_002.wav,5.601,1.396907199989073,0.24940317800197698,ذلك الكتاب لا ريب فيه يدل المتقين,33,ok,
tarteel-ai/whisper-base-ar-quran,data\uploads\segments\user_14cc5a4fa4eb44caa6c21cf8e3888949\free_detect\user_14cc5a4fa4eb44caa6c21cf8e3888949_free_segment_003.wav,9.139,2.5669370999967214,0.2808772403979343,الذين يؤمنون بالغيب ويقيمون الصلاه ومما رزقناهم ينفقون,54,ok,
tarteel-ai/whisper-base-ar-quran,data\uploads\segments\user_14cc5a4fa4eb44caa6c21cf8e3888949\natural\user_14cc5a4fa4eb44caa6c21cf8e3888949_natural_segment_001.wav,3.36,0.17659039999125525,0.05255666666406406,الم,3,ok,
tarteel-ai/whisper-base-ar-quran,data\uploads\segments\user_14cc5a4fa4eb44caa6c21cf8e3888949\natural\user_14cc5a4fa4eb44caa6c21cf8e3888949_natural_segment_002.wav,5.601,1.3663882999971975,0.24395434743745714,ذلك الكتاب لا ريب فيه يدل المتقين,33,ok,
tarteel-ai/whisper-base-ar-quran,data\uploads\segments\user_14cc5a4fa4eb44caa6c21cf8e3888949\natural\user_14cc5a4fa4eb44caa6c21cf8e3888949_natural_segment_003.wav,9.139,2.5588823000143748,0.27999587482376354,الذين يؤمنون بالغيب ويقيمون الصلاه ومما رزقناهم ينفقون,54,ok,
tarteel-ai/whisper-base-ar-quran,data\uploads\segments\user_153f566cbd834442804047bd0721d2e2\natural\user_153f566cbd834442804047bd0721d2e2_natural_segment_001.wav,2.964,0.21205669999471866,0.0715440958146824,الم,3,ok,
tarteel-ai/whisper-base-ar-quran,data\uploads\segments\user_153f566cbd834442804047bd0721d2e2\natural\user_153f566cbd834442804047bd0721d2e2_natural_segment_002.wav,4.813,1.3191113000211772,0.2740725742823971,ذلك الكتاب لا ريب فيه للي اتقين,31,ok,
tarteel-ai/whisper-base-ar-quran,data\uploads\segments\user_153f566cbd834442804047bd0721d2e2\natural\user_153f566cbd834442804047bd0721d2e2_natural_segment_003.wav,8.846,2.638927700027125,0.2983187542422705,الذين يؤمنون بالغيب ويقيمون الصلاه ومما رزقناهم ينفقون,54,ok,
tarteel-ai/whisper-base-ar-quran,data\uploads\segments\user_16a82f0c6b5b4322b3a663bae910db56\expected_count\user_16a82f0c6b5b4322b3a663bae910db56_expected_segment_001.wav,2.796,0.21386469999561086,0.0764895207423501,الم,3,ok,
tarteel-ai/whisper-base-ar-quran,data\uploads\segments\user_16a82f0c6b5b4322b3a663bae910db56\expected_count\user_16a82f0c6b5b4322b3a663bae910db56_expected_segment_002.wav,8.422,1.4359951000078581,0.17050523628685088,ذلك الكتاب لا ريب فيه هدي للمتقيم,33,ok,
tarteel-ai/whisper-base-ar-quran,data\uploads\segments\user_16a82f0c6b5b4322b3a663bae910db56\expected_count\user_16a82f0c6b5b4322b3a663bae910db56_expected_segment_003.wav,9.782,2.9124889000086114,0.29773961357683615,الذين يؤمنون بالغيب ويقيمون الصراه ومما رزقناهم ينفقون,54,ok,
tarteel-ai/whisper-base-ar-quran,data\uploads\segments\user_16a82f0c6b5b4322b3a663bae910db56\natural\user_16a82f0c6b5b4322b3a663bae910db56_natural_segment_001.wav,2.796,0.25211190001573414,0.09016877682966172,الم,3,ok,
tarteel-ai/whisper-base-ar-quran,data\uploads\segments\user_16a82f0c6b5b4322b3a663bae910db56\natural\user_16a82f0c6b5b4322b3a663bae910db56_natural_segment_002.wav,2.144,0.31647560000419617,0.14760988806165865,الم,3,ok,
tarteel-ai/whisper-base-ar-quran,data\uploads\segments\user_16a82f0c6b5b4322b3a663bae910db56\natural\user_16a82f0c6b5b4322b3a663bae910db56_natural_segment_003.wav,6.278,1.4309532000042964,0.22793137942088187,ذلك الكتاب لا ريب فيه هدي للتقيم,32,ok,
tarteel-ai/whisper-base-ar-quran,data\uploads\segments\user_16a82f0c6b5b4322b3a663bae910db56\natural\user_16a82f0c6b5b4322b3a663bae910db56_natural_segment_004.wav,9.782,2.7673353999853134,0.28290077693573024,الذين يؤمنون بالغيب ويقيمون الصراه ومما رزقناهم ينفقون,54,ok,
tarteel-ai/whisper-base-ar-quran,data\uploads\segments\user_19df382adc6c48a3818ed3aeb2d05fcf\user_19df382adc6c48a3818ed3aeb2d05fcf_segment_001.wav,5.133,0.9103295000095386,0.1773484317182035,بسم الله الرحمن الرحيم,22,ok,
tarteel-ai/whisper-base-ar-quran,data\uploads\segments\user_19df382adc6c48a3818ed3aeb2d05fcf\user_19df382adc6c48a3818ed3aeb2d05fcf_segment_002.wav,3.978,1.0316973000008147,0.2593507541480178,الحمد لله رب العشر,18,ok,
tarteel-ai/whisper-base-ar-quran,data\uploads\segments\user_19df382adc6c48a3818ed3aeb2d05fcf\user_19df382adc6c48a3818ed3aeb2d05fcf_segment_003.wav,1.523,0.4711466000007931,0.3093543007227795,ومنه,4,ok,
tarteel-ai/whisper-base-ar-quran,data\uploads\segments\user_19df382adc6c48a3818ed3aeb2d05fcf\user_19df382adc6c48a3818ed3aeb2d05fcf_segment_004.wav,1.163,0.48158829999738373,0.4140914015454718,والمسلم,7,ok,
tarteel-ai/whisper-base-ar-quran,data\uploads\segments\user_19df382adc6c48a3818ed3aeb2d05fcf\user_19df382adc6c48a3818ed3aeb2d05fcf_segment_005.wav,3.656,0.6359822000085842,0.17395574398484248,الرحمن الرحيم,13,ok,
tarteel-ai/whisper-base-ar-quran,data\uploads\segments\user_19df382adc6c48a3818ed3aeb2d05fcf\user_19df382adc6c48a3818ed3aeb2d05fcf_segment_006.wav,5.344,0.6687939999974333,0.12514857784383107,ملك يوم الدين,13,ok,
tarteel-ai/whisper-base-ar-quran,data\uploads\segments\user_19df382adc6c48a3818ed3aeb2d05fcf\user_19df382adc6c48a3818ed3aeb2d05fcf_segment_007.wav,7.71,1.1322532999911346,0.14685516212595778,ايتهم هدوياك مستعين,19,ok,
tarteel-ai/whisper-base-ar-quran,data\uploads\segments\user_19df382adc6c48a3818ed3aeb2d05fcf\user_19df382adc6c48a3818ed3aeb2d05fcf_segment_008.wav,5.912,0.9845525000127964,0.16653459066522266,اهدنا الصراط المستقيم,21,ok,
tarteel-ai/whisper-base-ar-quran,data\uploads\segments\user_19df382adc6c48a3818ed3aeb2d05fcf\user_19df382adc6c48a3818ed3aeb2d05fcf_segment_009.wav,10.281,2.5831888999964576,0.2512585254349244,صراط الذين انعمت عليهم غير المغضوب علي ولا الضالين,50,ok,
tarteel-ai/whisper-base-ar-quran,data\uploads\segments\user_1ca47a92cdb34b879bacdfd19c277387\expected_count\user_1ca47a92cdb34b879bacdfd19c277387_expected_segment_001.wav,3.593,0.41614680000930093,0.11582154188959114,الم,3,ok,
tarteel-ai/whisper-base-ar-quran,data\uploads\segments\user_1ca47a92cdb34b879bacdfd19c277387\expected_count\user_1ca47a92cdb34b879bacdfd19c277387_expected_segment_002.wav,5.724,1.5639793000009377,0.2732318832985565,ذلك الكتاب لا ريب فيه هدي للمتقين,33,ok,
tarteel-ai/whisper-base-ar-quran,data\uploads\segments\user_1ca47a92cdb34b879bacdfd19c277387\expected_count\user_1ca47a92cdb34b879bacdfd19c277387_expected_segment_003.wav,8.97,2.8452619000163395,0.3171975362337056,الذين يؤمنون بالغيب ويقيمون الصلاه ومما رزقناهم ينفقون,54,ok,
tarteel-ai/whisper-base-ar-quran,data\uploads\segments\user_1ca47a92cdb34b879bacdfd19c277387\expected_count\user_1ca47a92cdb34b879bacdfd19c277387_expected_segment_004.wav,21.073,7.8289501999970526,0.37151569306681786,والذين يؤمنون بما انزل اليك وماان زلم القبل كالاخره هم يعقلون اولئك علي هدي من ربهم واولائك هم المفلحون,103,ok,
tarteel-ai/whisper-base-ar-quran,data\uploads\segments\user_1ca47a92cdb34b879bacdfd19c277387\free_detect\user_1ca47a92cdb34b879bacdfd19c277387_free_segment_001.wav,3.593,0.3874460000079125,0.10783356526799681,الم,3,ok,
tarteel-ai/whisper-base-ar-quran,data\uploads\segments\user_1ca47a92cdb34b879bacdfd19c277387\free_detect\user_1ca47a92cdb34b879bacdfd19c277387_free_segment_002.wav,5.724,1.4410830999840982,0.25176154786584526,ذلك الكتاب لا ريب فيه هدي للمتقين,33,ok,
tarteel-ai/whisper-base-ar-quran,data\uploads\segments\user_1ca47a92cdb34b879bacdfd19c277387\free_detect\user_1ca47a92cdb34b879bacdfd19c277387_free_segment_003.wav,7.83,2.8124068999895826,0.359183512131492,الذين يؤمنون بالغيب ويقيمون الصلاه ومما رزقناهم ينفقون,54,ok,
tarteel-ai/whisper-base-ar-quran,data\uploads\segments\user_1ca47a92cdb34b879bacdfd19c277387\free_detect\user_1ca47a92cdb34b879bacdfd19c277387_free_segment_004.wav,1.14,0.4767563999921549,0.418207368414171,والاول,6,ok,
tarteel-ai/whisper-base-ar-quran,data\uploads\segments\user_1ca47a92cdb34b879bacdfd19c277387\free_detect\user_1ca47a92cdb34b879bacdfd19c277387_free_segment_005.wav,11.424,3.739434099989012,0.3273314163155648,والذين يؤمنون بما انزل اليك وماان زلم انقبلك وبداخرتهم الوقلون,62,ok,
tarteel-ai/whisper-base-ar-quran,data\uploads\segments\user_1ca47a92cdb34b879bacdfd19c277387\free_detect\user_1ca47a92cdb34b879bacdfd19c277387_free_segment_006.wav,9.649,1.9425281999865547,0.2013191211510576,اولئك علي هدي من ربهم وائذا اك هم المفلحون,42,ok,
tarteel-ai/whisper-base-ar-quran,data\uploads\segments\user_1ca47a92cdb34b879bacdfd19c277387\natural\user_1ca47a92cdb34b879bacdfd19c277387_natural_segment_001.wav,3.593,0.43166510001174174,0.12014057890669128,الم,3,ok,
tarteel-ai/whisper-base-ar-quran,data\uploads\segments\user_1ca47a92cdb34b879bacdfd19c277387\natural\user_1ca47a92cdb34b879bacdfd19c277387_natural_segment_002.wav,5.724,1.5573627999983728,0.27207596086624264,ذلك الكتاب لا ريب فيه هدي للمتقين,33,ok,
tarteel-ai/whisper-base-ar-quran,data\uploads\segments\user_1ca47a92cdb34b879bacdfd19c277387\natural\user_1ca47a92cdb34b879bacdfd19c277387_natural_segment_003.wav,7.83,2.82040070000221,0.36020443167333466,الذين يؤمنون بالغيب ويقيمون الصلاه ومما رزقناهم ينفقون,54,ok,
tarteel-ai/whisper-base-ar-quran,data\uploads\segments\user_1ca47a92cdb34b879bacdfd19c277387\natural\user_1ca47a92cdb34b879bacdfd19c277387_natural_segment_004.wav,1.14,0.4466600000159815,0.39180701755787856,والاول,6,ok,
tarteel-ai/whisper-base-ar-quran,data\uploads\segments\user_1ca47a92cdb34b879bacdfd19c277387\natural\user_1ca47a92cdb34b879bacdfd19c277387_natural_segment_005.wav,11.424,3.7544024999951944,0.3286416754197474,والذين يؤمنون بما انزل اليك وماان زلم انقبلك وبداخرتهم الوقلون,62,ok,
tarteel-ai/whisper-base-ar-quran,data\uploads\segments\user_1ca47a92cdb34b879bacdfd19c277387\natural\user_1ca47a92cdb34b879bacdfd19c277387_natural_segment_006.wav,9.649,1.7989700999751221,0.186441092338597,اولئك علي هدي من ربهم وائذا اك هم المفلحون,42,ok,
tarteel-ai/whisper-base-ar-quran,data\uploads\segments\user_28fb6ec8a63f406c88c52e9fa0d0bec2\free_detect\user_28fb6ec8a63f406c88c52e9fa0d0bec2_free_segment_001.wav,7.078,1.2982712000084575,0.18342345295400642,المر ذلك الكتاب لا ريب في يدل المتقين,37,ok,
tarteel-ai/whisper-base-ar-quran,data\uploads\segments\user_28fb6ec8a63f406c88c52e9fa0d0bec2\free_detect\user_28fb6ec8a63f406c88c52e9fa0d0bec2_free_segment_002.wav,2.205,0.8245407000067644,0.37394136054728544,الذين يؤمنون بالغيب,19,ok,
tarteel-ai/whisper-base-ar-quran,data\uploads\segments\user_28fb6ec8a63f406c88c52e9fa0d0bec2\free_detect\user_28fb6ec8a63f406c88c52e9fa0d0bec2_free_segment_003.wav,5.264,1.4437791999953333,0.27427416413285205,يقيمون الصلاه ومم رزقناهم ينفقون,32,ok,
tarteel-ai/whisper-base-ar-quran,data\uploads\segments\user_28fb6ec8a63f406c88c52e9fa0d0bec2\free_detect\user_28fb6ec8a63f406c88c52e9fa0d0bec2_free_segment_004.wav,16.293,6.65103719997569,0.40821439882008775,الذين يؤمنون بما انزل اليك وان زلمي القبل كوا بالاخره يمي وقلون اولئك علي هدي من ربهم وعلائك هم المفلحون,104,ok,
tarteel-ai/whisper-base-ar-quran,data\uploads\segments\user_2f56f607c60d4e50a4c7bc5e4d48ad1a\natural\user_2f56f607c60d4e50a4c7bc5e4d48ad1a_natural_segment_001.wav,3.113,0.22878820000914857,0.07349444266275251,الم,3,ok,
tarteel-ai/whisper-base-ar-quran,data\uploads\segments\user_2f56f607c60d4e50a4c7bc5e4d48ad1a\natural\user_2f56f607c60d4e50a4c7bc5e4d48ad1a_natural_segment_002.wav,4.973,1.3862373000010848,0.2787527247136708,ذلك الكتاب لا ربفي هدي للمتقين,30,ok,
tarteel-ai/whisper-base-ar-quran,data\uploads\segments\user_2f56f607c60d4e50a4c7bc5e4d48ad1a\natural\user_2f56f607c60d4e50a4c7bc5e4d48ad1a_natural_segment_003.wav,8.174,2.888307300017914,0.35335298507681845,الذين يؤمنون بالغيب ويقيمون الصلاه ومما رزقناهم ينفقون,54,ok,
tarteel-ai/whisper-base-ar-quran,data\uploads\segments\user_2f7da1249d4b4cfebcb1b36d386ba1cd\free_detect\user_2f7da1249d4b4cfebcb1b36d386ba1cd_free_segment_001.wav,4.083,0.19255060001160018,0.04715909870477594,الم,3,ok,
tarteel-ai/whisper-base-ar-quran,data\uploads\segments\user_2f7da1249d4b4cfebcb1b36d386ba1cd\free_detect\user_2f7da1249d4b4cfebcb1b36d386ba1cd_free_segment_002.wav,5.138,1.5065150999871548,0.2932104126094112,ذلك الكتاب لا ريب في هدي للمتقين,32,ok,
tarteel-ai/whisper-base-ar-quran,data\uploads\segments\user_2f7da1249d4b4cfebcb1b36d386ba1cd\free_detect\user_2f7da1249d4b4cfebcb1b36d386ba1cd_free_segment_003.wav,7.411,2.869505199982086,0.3871954122226537,الذين يؤمنون بالغيب ويقيمون الصلاه ومما رزقناهم ينفقون,54,ok,
tarteel-ai/whisper-base-ar-quran,data\uploads\segments\user_2f7da1249d4b4cfebcb1b36d386ba1cd\free_detect\user_2f7da1249d4b4cfebcb1b36d386ba1cd_free_segment_004.wav,11.972,3.7273794999928214,0.3113414216499183,والذين يؤمنون بما انزل اليك وماانسل من قملك و باخره هم يوقعون,61,ok,
tarteel-ai/whisper-base-ar-quran,data\uploads\segments\user_2f7da1249d4b4cfebcb1b36d386ba1cd\free_detect\user_2f7da1249d4b4cfebcb1b36d386ba1cd_free_segment_005.wav,9.076,1.8838603999756742,0.20756505068044007,اولئك علي هدي من ربهم اولائكهم المفلحون,39,ok,
tarteel-ai/whisper-base-ar-quran,data\uploads\segments\user_32b01be596a2423f96937137745b4228\expected_count\user_32b01be596a2423f96937137745b4228_expected_segment_001.wav,4.331,1.0457572999875993,0.24145862387153064,بسم لا يرحمان الرحيم,20,ok,
tarteel-ai/whisper-base-ar-quran,data\uploads\segments\user_32b01be596a2423f96937137745b4228\expected_count\user_32b01be596a2423f96937137745b4228_expected_segment_002.wav,4.47,0.956052900000941,0.2138820805371233,الحمد لله رب العالمين,21,ok,
tarteel-ai/whisper-base-ar-quran,data\uploads\segments\user_32b01be596a2423f96937137745b4228\expected_count\user_32b01be596a2423f96937137745b4228_expected_segment_003.wav,3.419,0.7177997000108007,0.20994434045358312,الرحمن الرحيم,13,ok,
tarteel-ai/whisper-base-ar-quran,data\uploads\segments\user_32b01be596a2423f96937137745b4228\expected_count\user_32b01be596a2423f96937137745b4228_expected_segment_004.wav,3.296,0.6111444999987725,0.18542005461127808,مالك يوم الدين,14,ok,
tarteel-ai/whisper-base-ar-quran,data\uploads\segments\user_32b01be596a2423f96937137745b4228\expected_count\user_32b01be596a2423f96937137745b4228_expected_segment_005.wav,5.287,1.3279407999943942,0.25117094760627845,اياك نعبد وايياكا نستعين,24,ok,
tarteel-ai/whisper-base-ar-quran,data\uploads\segments\user_32b01be596a2423f96937137745b4228\expected_count\user_32b01be596a2423f96937137745b4228_expected_segment_006.wav,4.143,0.9679178000078537,0.2336272749234501,اهدنا الصراط المستقيم,21,ok,
tarteel-ai/whisper-base-ar-quran,data\uploads\segments\user_32b01be596a2423f96937137745b4228\expected_count\user_32b01be596a2423f96937137745b4228_expected_segment_007.wav,11.534,2.460412299988093,0.2133182157090422,صراط الذين انحمت عليهم غير المغضوب علي ولا الضالين,50,ok,
tarteel-ai/whisper-base-ar-quran,data\uploads\segments\user_32b01be596a2423f96937137745b4228\natural\user_32b01be596a2423f96937137745b4228_natural_segment_001.wav,3.588,0.8344690999947488,0.23257221293053199,بسم لا يرحمان الرحيم,20,ok,
tarteel-ai/whisper-base-ar-quran,data\uploads\segments\user_32b01be596a2423f96937137745b4228\natural\user_32b01be596a2423f96937137745b4228_natural_segment_002.wav,4.47,0.9545330000109971,0.2135420581680083,الحمد لله رب العالمين,21,ok,
tarteel-ai/whisper-base-ar-quran,data\uploads\segments\user_32b01be596a2423f96937137745b4228\natural\user_32b01be596a2423f96937137745b4228_natural_segment_003.wav,3.419,0.6175079999957234,0.1806107048832183,الرحمن الرحيم,13,ok,
tarteel-ai/whisper-base-ar-quran,data\uploads\segments\user_32b01be596a2423f96937137745b4228\natural\user_32b01be596a2423f96937137745b4228_natural_segment_004.wav,3.296,0.5917216999805532,0.17952721479992514,مالك يوم الدين,14,ok,
tarteel-ai/whisper-base-ar-quran,data\uploads\segments\user_32b01be596a2423f96937137745b4228\natural\user_32b01be596a2423f96937137745b4228_natural_segment_005.wav,5.287,1.1664767999900505,0.22063113296577463,اياك نعبد وايياكا نستعين,24,ok,
tarteel-ai/whisper-base-ar-quran,data\uploads\segments\user_32b01be596a2423f96937137745b4228\natural\user_32b01be596a2423f96937137745b4228_natural_segment_006.wav,4.143,0.8727817999897525,0.2106642046801237,اهدنا الصراط المستقيم,21,ok,
tarteel-ai/whisper-base-ar-quran,data\uploads\segments\user_32b01be596a2423f96937137745b4228\natural\user_32b01be596a2423f96937137745b4228_natural_segment_007.wav,4.714,1.0405168999859598,0.22072908357784465,صراط الذين انعمت عليهم,22,ok,
tarteel-ai/whisper-base-ar-quran,data\uploads\segments\user_32b01be596a2423f96937137745b4228\natural\user_32b01be596a2423f96937137745b4228_natural_segment_008.wav,6.82,1.2676029999856837,0.18586554251989496,غير المغضوب عليهم ولا الضالين,29,ok,
tarteel-ai/whisper-base-ar-quran,data\uploads\segments\user_32fea45f950a4a928ca3a8d7ec92aca5\user_32fea45f950a4a928ca3a8d7ec92aca5_segment_001.wav,4.706,0.828366100002313,0.17602339566559985,بسم لا يرحمان الرحيم,20,ok,
tarteel-ai/whisper-base-ar-quran,data\uploads\segments\user_32fea45f950a4a928ca3a8d7ec92aca5\user_32fea45f950a4a928ca3a8d7ec92aca5_segment_002.wav,5.345,0.9828667999827303,0.18388527595560905,الحمد لله رب العالمين,21,ok,
tarteel-ai/whisper-base-ar-quran,data\uploads\segments\user_32fea45f950a4a928ca3a8d7ec92aca5\user_32fea45f950a4a928ca3a8d7ec92aca5_segment_003.wav,3.517,0.6194361000088975,0.1761262723937724,الرحمن الرحيم,13,ok,
tarteel-ai/whisper-base-ar-quran,data\uploads\segments\user_32fea45f950a4a928ca3a8d7ec92aca5\user_32fea45f950a4a928ca3a8d7ec92aca5_segment_004.wav,4.244,0.6194889000034891,0.1459681668245733,ملك يوم الدين,13,ok,
tarteel-ai/whisper-base-ar-quran,data\uploads\segments\user_32fea45f950a4a928ca3a8d7ec92aca5\user_32fea45f950a4a928ca3a8d7ec92aca5_segment_005.wav,5.695,1.1394758000096772,0.20008354697272646,اياك نعبد والا كان السعير,25,ok,
tarteel-ai/whisper-base-ar-quran,data\uploads\segments\user_32fea45f950a4a928ca3a8d7ec92aca5\user_32fea45f950a4a928ca3a8d7ec92aca5_segment_006.wav,4.473,0.8682876999955624,0.1941175273855494,اهدنا الصراط المستقيم,21,ok,
tarteel-ai/whisper-base-ar-quran,data\uploads\segments\user_32fea45f950a4a928ca3a8d7ec92aca5\user_32fea45f950a4a928ca3a8d7ec92aca5_segment_007.wav,11.44,2.631247200013604,0.23000412587531505,صراط الذين انعمت عليهم غير المغضوب علي ولا الضالين,50,ok,
tarteel-ai/whisper-base-ar-quran,data\uploads\segments\user_36bda2780c8a488f9ef1ade790301280\natural\user_36bda2780c8a488f9ef1ade790301280_natural_segment_001.wav,3.74,0.853041199996369,0.2280858823519703,بسم لا يرحمان الرحيم,20,ok,
tarteel-ai/whisper-base-ar-quran,data\uploads\segments\user_36bda2780c8a488f9ef1ade790301280\natural\user_36bda2780c8a488f9ef1ade790301280_natural_segment_002.wav,3.551,0.954078099981416,0.2686787102172391,الحمد لله رب العالمين,21,ok,
tarteel-ai/whisper-base-ar-quran,data\uploads\segments\user_36bda2780c8a488f9ef1ade790301280\natural\user_36bda2780c8a488f9ef1ade790301280_natural_segment_003.wav,3.269,0.6269063000218011,0.1917731110498015,الرحمن الرحيم,13,ok,
tarteel-ai/whisper-base-ar-quran,data\uploads\segments\user_3c2c32cdce1a4ce48ce5596cd79a1687\free_detect\user_3c2c32cdce1a4ce48ce5596cd79a1687_free_segment_001.wav,3.602,0.2131175000104122,0.05916643531660527,الم,3,ok,
tarteel-ai/whisper-base-ar-quran,data\uploads\segments\user_3c2c32cdce1a4ce48ce5596cd79a1687\free_detect\user_3c2c32cdce1a4ce48ce5596cd79a1687_free_segment_002.wav,5.095,1.344520399987232,0.2638901668277197,ذلك الكتاب لا ريب في يدل المتقين,32,ok,
tarteel-ai/whisper-base-ar-quran,data\uploads\segments\user_3c2c32cdce1a4ce48ce5596cd79a1687\free_detect\user_3c2c32cdce1a4ce48ce5596cd79a1687_free_segment_003.wav,23.273,10.778572300012456,0.4631363511370453,الذين يؤمنون بالغيب ويقيمون الصلاه ومما رزعناهم ينفقون والاذين,62,ok,
tarteel-ai/whisper-base-ar-quran,data\uploads\segments\user_3c2c32cdce1a4ce48ce5596cd79a1687\free_detect\user_3c2c32cdce1a4ce48ce5596cd79a1687_free_segment_004.wav,1.561,0.4589544000045862,0.294013068548742,والمسلم,7,ok,
tarteel-ai/whisper-base-ar-quran,data\uploads\segments\user_4c585f860ccf4b5fac45ed948c415066\natural\user_4c585f860ccf4b5fac45ed948c415066_natural_segment_001.wav,2.684,0.19089950001216494,0.07112500000453238,الم,3,ok,
tarteel-ai/whisper-base-ar-quran,data\uploads\segments\user_4c585f860ccf4b5fac45ed948c415066\natural\user_4c585f860ccf4b5fac45ed948c415066_natural_segment_002.wav,4.665,1.3475488000258338,0.28886362272793864,ذلك الكتاب لا ريب في هدي للمتقين,32,ok,
tarteel-ai/whisper-base-ar-quran,data\uploads\segments\user_4c585f860ccf4b5fac45ed948c415066\natural\user_4c585f860ccf4b5fac45ed948c415066_natural_segment_003.wav,8.047,2.561362000007648,0.3183002361137875,الذين يؤمنون بالغيب ويقيمون الصلاه ومما نسقناهم ينفقون,54,ok,
tarteel-ai/whisper-base-ar-quran,data\uploads\segments\user_4cb2d81dfe43491e9532056a4169f59e\natural\user_4cb2d81dfe43491e9532056a4169f59e_natural_segment_001.wav,3.306,0.21528119998401962,0.0651183303036962,الم,3,ok,
tarteel-ai/whisper-base-ar-quran,data\uploads\segments\user_4cb2d81dfe43491e9532056a4169f59e\natural\user_4cb2d81dfe43491e9532056a4169f59e_natural_segment_002.wav,4.602,1.343410200002836,0.2919187744465093,ذلك الكتاب لا ريب في يدل المتقين,32,ok,
tarteel-ai/whisper-base-ar-quran,data\uploads\segments\user_4cb2d81dfe43491e9532056a4169f59e\natural\user_4cb2d81dfe43491e9532056a4169f59e_natural_segment_003.wav,7.512,2.574107299995376,0.3426660410004494,الذين يؤمنون بالغيب ويقيمون الصلاه ومما رزقناهم ينفقون,54,ok,
tarteel-ai/whisper-base-ar-quran,data\uploads\segments\user_4ee9685a0c2d4f8d9b9e49983e5b737c\expected_count\user_4ee9685a0c2d4f8d9b9e49983e5b737c_expected_segment_001.wav,4.041,0.218237000022782,0.05400569166611779,الم,3,ok,
tarteel-ai/whisper-base-ar-quran,data\uploads\segments\user_4ee9685a0c2d4f8d9b9e49983e5b737c\expected_count\user_4ee9685a0c2d4f8d9b9e49983e5b737c_expected_segment_002.wav,6.015,1.1561841999937315,0.19221682460411163,ذلك الكتاب لا ريب فيهم تقيم,27,ok,
tarteel-ai/whisper-base-ar-quran,data\uploads\segments\user_4ee9685a0c2d4f8d9b9e49983e5b737c\expected_count\user_4ee9685a0c2d4f8d9b9e49983e5b737c_expected_segment_003.wav,15.964,5.072116399998777,0.31772214983705693,الذين يؤمنون بالغيب ويقيمون الصلاه ومما رزقناهم ينفقون والاذين,62,ok,
tarteel-ai/whisper-base-ar-quran,data\uploads\segments\user_4ee9685a0c2d4f8d9b9e49983e5b737c\expected_count\user_4ee9685a0c2d4f8d9b9e49983e5b737c_expected_segment_004.wav,13.7,3.969138699991163,0.2897181532840265,زي من قبلك وبالاخره هم يعقلون اولئك علي هدي مربهم واول�ك هم المفلحون,68,ok,
tarteel-ai/whisper-base-ar-quran,data\uploads\segments\user_4ee9685a0c2d4f8d9b9e49983e5b737c\free_detect\user_4ee9685a0c2d4f8d9b9e49983e5b737c_free_segment_001.wav,4.041,0.22634510000352748,0.05601215045868039,الم,3,ok,
tarteel-ai/whisper-base-ar-quran,data\uploads\segments\user_4ee9685a0c2d4f8d9b9e49983e5b737c\free_detect\user_4ee9685a0c2d4f8d9b9e49983e5b737c_free_segment_002.wav,3.678,0.8902912999910768,0.24205853724607854,ذلك الكتاب لا ريب فيه,21,ok,
tarteel-ai/whisper-base-ar-quran,data\uploads\segments\user_4ee9685a0c2d4f8d9b9e49983e5b737c\free_detect\user_4ee9685a0c2d4f8d9b9e49983e5b737c_free_segment_003.wav,2.337,0.3738413999963086,0.15996636713577603,متقين,5,ok,
tarteel-ai/whisper-base-ar-quran,data\uploads\segments\user_4ee9685a0c2d4f8d9b9e49983e5b737c\free_detect\user_4ee9685a0c2d4f8d9b9e49983e5b737c_free_segment_004.wav,9.457,2.5887629999779165,0.273740403931259,الذين يؤمنون بالغيب ويقيمون الصلاه ومما رزقناهم ينفقون,54,ok,
tarteel-ai/whisper-base-ar-quran,data\uploads\segments\user_4ee9685a0c2d4f8d9b9e49983e5b737c\free_detect\user_4ee9685a0c2d4f8d9b9e49983e5b737c_free_segment_005.wav,6.507,1.4935258000041358,0.2295260181349525,والذين يؤمنون بما انزل اليك وما,31,ok,
tarteel-ai/whisper-base-ar-quran,data\uploads\segments\user_4ee9685a0c2d4f8d9b9e49983e5b737c\free_detect\user_4ee9685a0c2d4f8d9b9e49983e5b737c_free_segment_006.wav,5.681,1.2798387999937404,0.2252840697049358,زي من قبلك وولاخرههم يعقلون,27,ok,
tarteel-ai/whisper-base-ar-quran,data\uploads\segments\user_4ee9685a0c2d4f8d9b9e49983e5b737c\free_detect\user_4ee9685a0c2d4f8d9b9e49983e5b737c_free_segment_007.wav,8.019,1.7073307999817189,0.2129106871158148,اولئك علي هدي من ربهم واوليك هم المفلحون,40,ok,
tarteel-ai/whisper-base-ar-quran,data\uploads\segments\user_4ee9685a0c2d4f8d9b9e49983e5b737c\natural\user_4ee9685a0c2d4f8d9b9e49983e5b737c_natural_segment_001.wav,4.041,0.21142959999269806,0.05232110863466915,الم,3,ok,
tarteel-ai/whisper-base-ar-quran,data\uploads\segments\user_4ee9685a0c2d4f8d9b9e49983e5b737c\natural\user_4ee9685a0c2d4f8d9b9e49983e5b737c_natural_segment_002.wav,3.678,0.8958196000021417,0.243561609571001,ذلك الكتاب لا ريب فيه,21,ok,
tarteel-ai/whisper-base-ar-quran,data\uploads\segments\user_4ee9685a0c2d4f8d9b9e49983e5b737c\natural\user_4ee9685a0c2d4f8d9b9e49983e5b737c_natural_segment_003.wav,2.337,0.3689353999798186,0.1578670945570469,متقين,5,ok,
tarteel-ai/whisper-base-ar-quran,data\uploads\segments\user_4ee9685a0c2d4f8d9b9e49983e5b737c\natural\user_4ee9685a0c2d4f8d9b9e49983e5b737c_natural_segment_004.wav,9.457,2.5811907000024803,0.2729396954639399,الذين يؤمنون بالغيب ويقيمون الصلاه ومما رزقناهم ينفقون,54,ok,
tarteel-ai/whisper-base-ar-quran,data\uploads\segments\user_4ee9685a0c2d4f8d9b9e49983e5b737c\natural\user_4ee9685a0c2d4f8d9b9e49983e5b737c_natural_segment_005.wav,6.507,1.4820035000157077,0.22775526356473147,والذين يؤمنون بما انزل اليك وما,31,ok,
tarteel-ai/whisper-base-ar-quran,data\uploads\segments\user_4ee9685a0c2d4f8d9b9e49983e5b737c\natural\user_4ee9685a0c2d4f8d9b9e49983e5b737c_natural_segment_006.wav,5.681,1.2927296999841928,0.22755319485727737,زي من قبلك وولاخرههم يعقلون,27,ok,
tarteel-ai/whisper-base-ar-quran,data\uploads\segments\user_4ee9685a0c2d4f8d9b9e49983e5b737c\natural\user_4ee9685a0c2d4f8d9b9e49983e5b737c_natural_segment_007.wav,8.019,1.7474176999821793,0.2179096770148621,اولئك علي هدي من ربهم واوليك هم المفلحون,40,ok,
tarteel-ai/whisper-base-ar-quran,data\uploads\segments\user_4fdd1fdb18694844a382c6ee718929da\free_detect\user_4fdd1fdb18694844a382c6ee718929da_free_segment_001.wav,4.217,0.18626759998733178,0.04417064263394162,الم,3,ok,
tarteel-ai/whisper-base-ar-quran,data\uploads\segments\user_4fdd1fdb18694844a382c6ee718929da\free_detect\user_4fdd1fdb18694844a382c6ee718929da_free_segment_002.wav,5.762,1.40853730001254,0.2444528462361229,ذلك الكتاب لا عبفيه هدي للمتقين,31,ok,
tarteel-ai/whisper-base-ar-quran,data\uploads\segments\user_4fdd1fdb18694844a382c6ee718929da\free_detect\user_4fdd1fdb18694844a382c6ee718929da_free_segment_003.wav,9.445,2.561798999988241,0.2712333509781092,الذين يؤمنون بالغيب ويقيمون الصلاه ومما رزقناهم ينفقون,54,ok,
tarteel-ai/whisper-base-ar-quran,data\uploads\segments\user_4fdd1fdb18694844a382c6ee718929da\free_detect\user_4fdd1fdb18694844a382c6ee718929da_free_segment_004.wav,7.666,1.5121397000038996,0.19725276545837458,والذين يومنون بما انزل اليك وماق,32,ok,
tarteel-ai/whisper-base-ar-quran,data\uploads\segments\user_4fdd1fdb18694844a382c6ee718929da\free_detect\user_4fdd1fdb18694844a382c6ee718929da_free_segment_005.wav,5.728,1.1942637999891303,0.20849577513776718,زلم قبلك وباخرههم يوقنون,24,ok,
tarteel-ai/whisper-base-ar-quran,data\uploads\segments\user_4fdd1fdb18694844a382c6ee718929da\free_detect\user_4fdd1fdb18694844a382c6ee718929da_free_segment_006.wav,9.252,1.6999366999953054,0.18373721357493572,اولئك علي اولاءك هم المفلحون,28,ok,
tarteel-ai/whisper-base-ar-quran,data\uploads\segments\user_538bf9826ba5403f9790a437aa771e16\free_detect\user_538bf9826ba5403f9790a437aa771e16_free_segment_001.wav,3.74,0.1933642000076361,0.05170165775605243,الم,3,ok,
tarteel-ai/whisper-base-ar-quran,data\uploads\segments\user_538bf9826ba5403f9790a437aa771e16\free_detect\user_538bf9826ba5403f9790a437aa771e16_free_segment_002.wav,4.979,1.353233600006206,0.27178823056963364,ذلك الكتاب لا ريب في هدي للمتقين,32,ok,
tarteel-ai/whisper-base-ar-quran,data\uploads\segments\user_538bf9826ba5403f9790a437aa771e16\free_detect\user_538bf9826ba5403f9790a437aa771e16_free_segment_003.wav,25.721,10.770094600011362,0.41872767777346764,الذين يؤمنون بالغبي ويقيمون الصلاه ومما رزقناهم ينفقون والاذين,62,ok,
tarteel-ai/whisper-base-ar-quran,data\uploads\segments\user_5441c14ba6344179b291f3d0c78dc264\natural\user_5441c14ba6344179b291f3d0c78dc264_natural_segment_001.wav,3.565,0.8625262000132352,0.2419428331032918,بسم الله الرحمن الرحيم,22,ok,
tarteel-ai/whisper-base-ar-quran,data\uploads\segments\user_5441c14ba6344179b291f3d0c78dc264\natural\user_5441c14ba6344179b291f3d0c78dc264_natural_segment_002.wav,3.523,0.9374929000041448,0.26610641498840326,الحمد لله رب لعالمين,20,ok,
tarteel-ai/whisper-base-ar-quran,data\uploads\segments\user_5441c14ba6344179b291f3d0c78dc264\natural\user_5441c14ba6344179b291f3d0c78dc264_natural_segment_003.wav,3.023,0.5872224999766331,0.19425157127907147,الرحمن صحيم,11,ok,
tarteel-ai/whisper-base-ar-quran,data\uploads\segments\user_5441c14ba6344179b291f3d0c78dc264\natural\user_5441c14ba6344179b291f3d0c78dc264_natural_segment_004.wav,3.051,0.6200471000047401,0.20322749918215013,مالك يوم الدين,14,ok,
tarteel-ai/whisper-base-ar-quran,data\uploads\segments\user_5441c14ba6344179b291f3d0c78dc264\natural\user_5441c14ba6344179b291f3d0c78dc264_natural_segment_005.wav,3.923,1.052380400011316,0.26825908743597143,اياك نعبد واياك لسعين,21,ok,
tarteel-ai/whisper-base-ar-quran,data\uploads\segments\user_5441c14ba6344179b291f3d0c78dc264\natural\user_5441c14ba6344179b291f3d0c78dc264_natural_segment_006.wav,2.966,0.7882967999903485,0.2657777478052422,يدر صراط السقيم,15,ok,
tarteel-ai/whisper-base-ar-quran,data\uploads\segments\user_5441c14ba6344179b291f3d0c78dc264\natural\user_5441c14ba6344179b291f3d0c78dc264_natural_segment_007.wav,7.794,1.932722500001546,0.24797568642565385,صراط الذين نمت عليهم غير المغض بعليم مردان,42,ok,
tarteel-ai/whisper-base-ar-quran,data\uploads\segments\user_61cdcdaa87eb4d83af34df6280b042bf\free_detect\user_61cdcdaa87eb4d83af34df6280b042bf_free_segment_001.wav,2.852,0.1902671999996528,0.06671360448795681,الم,3,ok,
tarteel-ai/whisper-base-ar-quran,data\uploads\segments\user_61cdcdaa87eb4d83af34df6280b042bf\free_detect\user_61cdcdaa87eb4d83af34df6280b042bf_free_segment_002.wav,4.948,1.485441999975592,0.3002105901324963,ذلك الكتاب لا ريب فيه يودا للمتقين,34,ok,
tarteel-ai/whisper-base-ar-quran,data\uploads\segments\user_61cdcdaa87eb4d83af34df6280b042bf\natural\user_61cdcdaa87eb4d83af34df6280b042bf_natural_segment_001.wav,2.852,0.18559649999951944,0.06507591164078522,الم,3,ok,
tarteel-ai/whisper-base-ar-quran,data\uploads\segments\user_61cdcdaa87eb4d83af34df6280b042bf\natural\user_61cdcdaa87eb4d83af34df6280b042bf_natural_segment_002.wav,4.948,1.4490657999995165,0.2928588924817131,ذلك الكتاب لا ريب فيه يودا للمتقين,34,ok,
tarteel-ai/whisper-base-ar-quran,data\uploads\segments\user_64a62bd456da4b6b840590b70eabc2dd\natural\user_64a62bd456da4b6b840590b70eabc2dd_natural_segment_001.wav,4.098,0.22839400000520982,0.05573304050883598,الم,3,ok,
tarteel-ai/whisper-base-ar-quran,data\uploads\segments\user_64a62bd456da4b6b840590b70eabc2dd\natural\user_64a62bd456da4b6b840590b70eabc2dd_natural_segment_002.wav,5.457,1.4070738999871537,0.25784751694835145,ذلك الكتاب لا ريب في هدي للمتقين,32,ok,
tarteel-ai/whisper-base-ar-quran,data\uploads\segments\user_64a62bd456da4b6b840590b70eabc2dd\natural\user_64a62bd456da4b6b840590b70eabc2dd_natural_segment_003.wav,8.385,2.6760000999784097,0.31914133571597014,الذين يؤمنون بالغيب ويقيمون الصباه ومما رزقناهم ينفقون,54,ok,
tarteel-ai/whisper-base-ar-quran,data\uploads\segments\user_661fe355a9524f0b85e68cb23343e5bf\free_detect\user_661fe355a9524f0b85e68cb23343e5bf_free_segment_001.wav,6.6,0.9522275000053924,0.14427689394021098,ولا انتم عابدون ما ابد,22,ok,
tarteel-ai/whisper-base-ar-quran,data\uploads\segments\user_6b87342b6b0e41a0871d8f77711f844e\user_6b87342b6b0e41a0871d8f77711f844e_segment_001.wav,4.909,0.888059599994449,0.1809043797096046,بسم لا للرحمن الرحيم,20,ok,
tarteel-ai/whisper-base-ar-quran,data\uploads\segments\user_6b87342b6b0e41a0871d8f77711f844e\user_6b87342b6b0e41a0871d8f77711f844e_segment_002.wav,6.126,0.9305328000045847,0.15189892262562596,الحمد لله رب العالمين,21,ok,
tarteel-ai/whisper-base-ar-quran,data\uploads\segments\user_6b87342b6b0e41a0871d8f77711f844e\user_6b87342b6b0e41a0871d8f77711f844e_segment_003.wav,4.007,0.6024112000013702,0.1503397055156901,الرحمن الرحيم,13,ok,
tarteel-ai/whisper-base-ar-quran,data\uploads\segments\user_6b87342b6b0e41a0871d8f77711f844e\user_6b87342b6b0e41a0871d8f77711f844e_segment_004.wav,4.119,0.6413225999858696,0.1556986161655425,ملك يوم الدين,13,ok,
tarteel-ai/whisper-base-ar-quran,data\uploads\segments\user_6b87342b6b0e41a0871d8f77711f844e\user_6b87342b6b0e41a0871d8f77711f844e_segment_005.wav,5.783,1.1639497999858577,0.20127093203974714,اياك نعبد وايياكا نستعين,24,ok,
tarteel-ai/whisper-base-ar-quran,data\uploads\segments\user_6b87342b6b0e41a0871d8f77711f844e\user_6b87342b6b0e41a0871d8f77711f844e_segment_006.wav,4.569,0.8806761000014376,0.19275029546978278,اهدنا الصراط المستقيم,21,ok,
tarteel-ai/whisper-base-ar-quran,data\uploads\segments\user_6b87342b6b0e41a0871d8f77711f844e\user_6b87342b6b0e41a0871d8f77711f844e_segment_007.wav,10.687,2.483589799987385,0.23239354355641295,صراد الذين انعمت عليهم غير المعضوب عليهم ولا الضالين,52,ok,
tarteel-ai/whisper-base-ar-quran,data\uploads\segments\user_6ccbdac702be4dbcb9236d631cf625d6\free_detect\user_6ccbdac702be4dbcb9236d631cf625d6_free_segment_001.wav,3.842,0.18730980000691488,0.04875320145937399,الم,3,ok,
tarteel-ai/whisper-base-ar-quran,data\uploads\segments\user_6ccbdac702be4dbcb9236d631cf625d6\free_detect\user_6ccbdac702be4dbcb9236d631cf625d6_free_segment_002.wav,7.376,1.4192667999886908,0.19241686550822812,ذلك الكتاب لا ريب فيه هدي للمتقين,33,ok,
tarteel-ai/whisper-base-ar-quran,data\uploads\segments\user_6ccbdac702be4dbcb9236d631cf625d6\free_detect\user_6ccbdac702be4dbcb9236d631cf625d6_free_segment_003.wav,10.894,2.5948976000072435,0.2381951165785977,الذين يؤمنون بالغيب ويحيمون الصلاه ومما رزقناهم ينفقون,54,ok,
tarteel-ai/whisper-base-ar-quran,data\uploads\segments\user_6ccbdac702be4dbcb9236d631cf625d6\free_detect\user_6ccbdac702be4dbcb9236d631cf625d6_free_segment_004.wav,13.198,3.2835003999934997,0.24878772541244884,والذين يؤمنون بما انزل اليك وما نؤذل من قبلك فبداخلتهم يوقعون,61,ok,
tarteel-ai/whisper-base-ar-quran,data\uploads\segments\user_6ccbdac702be4dbcb9236d631cf625d6\natural\user_6ccbdac702be4dbcb9236d631cf625d6_natural_segment_001.wav,3.842,0.19319430002360605,0.0502848256178048,الم,3,ok,
tarteel-ai/whisper-base-ar-quran,data\uploads\segments\user_6ccbdac702be4dbcb9236d631cf625d6\natural\user_6ccbdac702be4dbcb9236d631cf625d6_natural_segment_002.wav,7.376,1.391196900018258,0.18861129338642327,ذلك الكتاب لا ريب فيه هدي للمتقين,33,ok,
tarteel-ai/whisper-base-ar-quran,data\uploads\segments\user_6ccbdac702be4dbcb9236d631cf625d6\natural\user_6ccbdac702be4dbcb9236d631cf625d6_natural_segment_003.wav,10.894,2.5826651000243146,0.23707225078247793,الذين يؤمنون بالغيب ويحيمون الصلاه ومما رزقناهم ينفقون,54,ok,
tarteel-ai/whisper-base-ar-quran,data\uploads\segments\user_6ccbdac702be4dbcb9236d631cf625d6\natural\user_6ccbdac702be4dbcb9236d631cf625d6_natural_segment_004.wav,13.198,3.3461539999989327,0.25353492953469714,والذين يؤمنون بما انزل اليك وما نؤذل من قبلك فبداخلتهم يوقعون,61,ok,
tarteel-ai/whisper-base-ar-quran,data\uploads\segments\user_756fc1a0e110499c9e2085b269f2c0af\user_756fc1a0e110499c9e2085b269f2c0af_segment_001.wav,1.009,0.4541439000167884,0.45009306245469616,والمسلم,7,ok,
tarteel-ai/whisper-base-ar-quran,data\uploads\segments\user_756fc1a0e110499c9e2085b269f2c0af\user_756fc1a0e110499c9e2085b269f2c0af_segment_002.wav,3.947,0.8532255000027362,0.216170635926713,بسم الله الرحمن رحيم,20,ok,
tarteel-ai/whisper-base-ar-quran,data\uploads\segments\user_756fc1a0e110499c9e2085b269f2c0af\user_756fc1a0e110499c9e2085b269f2c0af_segment_003.wav,0.766,0.45665160001954064,0.5961509138636301,والمسلم,7,ok,
tarteel-ai/whisper-base-ar-quran,data\uploads\segments\user_756fc1a0e110499c9e2085b269f2c0af\user_756fc1a0e110499c9e2085b269f2c0af_segment_004.wav,4.674,0.9808292000088841,0.20984792469167393,الحمد لله رب العالمين,21,ok,
tarteel-ai/whisper-base-ar-quran,data\uploads\segments\user_756fc1a0e110499c9e2085b269f2c0af\user_756fc1a0e110499c9e2085b269f2c0af_segment_005.wav,4.633,0.6239428000117186,0.13467360241996948,الرحمن الرحيم,13,ok,
tarteel-ai/whisper-base-ar-quran,data\uploads\segments\user_756fc1a0e110499c9e2085b269f2c0af\user_756fc1a0e110499c9e2085b269f2c0af_segment_006.wav,4.398,0.5910886999918148,0.1343994315579388,ملك يوم الدين,13,ok,
tarteel-ai/whisper-base-ar-quran,data\uploads\segments\user_756fc1a0e110499c9e2085b269f2c0af\user_756fc1a0e110499c9e2085b269f2c0af_segment_007.wav,5.726,1.1734431000077166,0.20493243101776398,اياك معبد وايياق مستعين,23,ok,
tarteel-ai/whisper-base-ar-quran,data\uploads\segments\user_756fc1a0e110499c9e2085b269f2c0af\user_756fc1a0e110499c9e2085b269f2c0af_segment_008.wav,0.734,0.5108710999775212,0.6960096729938982,والمؤمنين,9,ok,
tarteel-ai/whisper-base-ar-quran,data\uploads\segments\user_756fc1a0e110499c9e2085b269f2c0af\user_756fc1a0e110499c9e2085b269f2c0af_segment_009.wav,4.016,0.8518084000097588,0.21210368526139411,اهدنا الصراط المستقيم,21,ok,
tarteel-ai/whisper-base-ar-quran,data\uploads\segments\user_756fc1a0e110499c9e2085b269f2c0af\user_756fc1a0e110499c9e2085b269f2c0af_segment_010.wav,7.506,2.065199200005736,0.275139781508891,صراط الذين انعمت عليهم غير المغضوب عذين ولم,43,ok,
tarteel-ai/whisper-base-ar-quran,data\uploads\segments\user_756fc1a0e110499c9e2085b269f2c0af\user_756fc1a0e110499c9e2085b269f2c0af_segment_011.wav,5.251,0.18686990000423975,0.03558748809831265,طسم,3,ok,
tarteel-ai/whisper-base-ar-quran,data\uploads\segments\user_797063addc5f4de589a44aba3b26fa94\free_detect\user_797063addc5f4de589a44aba3b26fa94_free_segment_001.wav,4.055,0.19190249999519438,0.04732490752039319,الم,3,ok,
tarteel-ai/whisper-base-ar-quran,data\uploads\segments\user_797063addc5f4de589a44aba3b26fa94\free_detect\user_797063addc5f4de589a44aba3b26fa94_free_segment_002.wav,6.416,1.3663426999992225,0.21295865024925537,ذلك الكتاب لعريب في هدي للمتقين,31,ok,
tarteel-ai/whisper-base-ar-quran,data\uploads\segments\user_797063addc5f4de589a44aba3b26fa94\free_detect\user_797063addc5f4de589a44aba3b26fa94_free_segment_003.wav,9.517,2.5997403000073973,0.27316804665413447,الذين يؤمنون بالغيب ويقيمون الصلاه ومما رزقناهم ينفقون,54,ok,
tarteel-ai/whisper-base-ar-quran,data\uploads\segments\user_797063addc5f4de589a44aba3b26fa94\free_detect\user_797063addc5f4de589a44aba3b26fa94_free_segment_004.wav,12.54,3.308355000015581,0.2638241626806684,والذين يؤمنون بما انزل اليك وماانذن من قبلك فباخره هم يوقعون,60,ok,
tarteel-ai/whisper-base-ar-quran,data\uploads\segments\user_797063addc5f4de589a44aba3b26fa94\free_detect\user_797063addc5f4de589a44aba3b26fa94_free_segment_005.wav,8.844,1.7189893000177108,0.19436785391425948,اولئك علي هدي من ربهم وا لائكر والمفلحون,40,ok,
tarteel-ai/whisper-base-ar-quran,data\uploads\segments\user_797063addc5f4de589a44aba3b26fa94\natural\user_797063addc5f4de589a44aba3b26fa94_natural_segment_001.wav,4.055,0.19084560000919737,0.04706426634012266,الم,3,ok,
tarteel-ai/whisper-base-ar-quran,data\uploads\segments\user_797063addc5f4de589a44aba3b26fa94\natural\user_797063addc5f4de589a44aba3b26fa94_natural_segment_002.wav,6.416,1.3807504000142217,0.21520423940371283,ذلك الكتاب لعريب في هدي للمتقين,31,ok,
tarteel-ai/whisper-base-ar-quran,data\uploads\segments\user_797063addc5f4de589a44aba3b26fa94\natural\user_797063addc5f4de589a44aba3b26fa94_natural_segment_003.wav,9.517,2.555388500011759,0.26850777556076066,الذين يؤمنون بالغيب ويقيمون الصلاه ومما رزقناهم ينفقون,54,ok,
tarteel-ai/whisper-base-ar-quran,data\uploads\segments\user_797063addc5f4de589a44aba3b26fa94\natural\user_797063addc5f4de589a44aba3b26fa94_natural_segment_004.wav,12.54,3.288475200009998,0.2622388516754384,والذين يؤمنون بما انزل اليك وماانذن من قبلك فباخره هم يوقعون,60,ok,
tarteel-ai/whisper-base-ar-quran,data\uploads\segments\user_797063addc5f4de589a44aba3b26fa94\natural\user_797063addc5f4de589a44aba3b26fa94_natural_segment_005.wav,8.844,1.726973499986343,0.1952706354575241,اولئك علي هدي من ربهم وا لائكر والمفلحون,40,ok,
tarteel-ai/whisper-base-ar-quran,data\uploads\segments\user_7c619fc776f44f8c8449dcb29c4d8851\user_7c619fc776f44f8c8449dcb29c4d8851_segment_001.wav,4.716,0.8486913999950048,0.17996000848070498,بسم الله الرحمن الرحيم,22,ok,
tarteel-ai/whisper-base-ar-quran,data\uploads\segments\user_7c619fc776f44f8c8449dcb29c4d8851\user_7c619fc776f44f8c8449dcb29c4d8851_segment_002.wav,4.911,0.986644000018714,0.2009049073546557,الحمد لله رب العالمين,21,ok,
tarteel-ai/whisper-base-ar-quran,data\uploads\segments\user_7c619fc776f44f8c8449dcb29c4d8851\user_7c619fc776f44f8c8449dcb29c4d8851_segment_003.wav,3.201,0.614251899998635,0.1918937519520884,الرحمن الرحيم,13,ok,
tarteel-ai/whisper-base-ar-quran,data\uploads\segments\user_7c619fc776f44f8c8449dcb29c4d8851\user_7c619fc776f44f8c8449dcb29c4d8851_segment_004.wav,3.215,0.6459754999959841,0.20092550544198573,ملك يوم الدين,13,ok,
tarteel-ai/whisper-base-ar-quran,data\uploads\segments\user_7c619fc776f44f8c8449dcb29c4d8851\user_7c619fc776f44f8c8449dcb29c4d8851_segment_005.wav,5.007,1.144259199994849,0.22853189534548615,اياك نعبد وايياكا نستعين,24,ok,
tarteel-ai/whisper-base-ar-quran,data\uploads\segments\user_7c619fc776f44f8c8449dcb29c4d8851\user_7c619fc776f44f8c8449dcb29c4d8851_segment_006.wav,13.27,3.8077658000111114,0.2869454257732563,اهدنا الصراط المستقيم صرط الذين انعمت عليهم غير المغضوب عليم ولا الضالين,72,ok,
tarteel-ai/whisper-base-ar-quran,data\uploads\segments\user_80d7a099719e4c3e8bb9b262ef87b399\expected_count\user_80d7a099719e4c3e8bb9b262ef87b399_expected_segment_001.wav,4.189,0.8512696999823675,0.20321549295353722,بسم الله الرحمن الرحيم,22,ok,
tarteel-ai/whisper-base-ar-quran,data\uploads\segments\user_80d7a099719e4c3e8bb9b262ef87b399\expected_count\user_80d7a099719e4c3e8bb9b262ef87b399_expected_segment_002.wav,4.241,0.9463088999909814,0.2231334355083663,الحمد لله رب العالمين,21,ok,
tarteel-ai/whisper-base-ar-quran,data\uploads\segments\user_80d7a099719e4c3e8bb9b262ef87b399\expected_count\user_80d7a099719e4c3e8bb9b262ef87b399_expected_segment_003.wav,3.132,0.5839640999911353,0.18645086206613515,الرحمن الرحيم,13,ok,
tarteel-ai/whisper-base-ar-quran,data\uploads\segments\user_80d7a099719e4c3e8bb9b262ef87b399\expected_count\user_80d7a099719e4c3e8bb9b262ef87b399_expected_segment_004.wav,2.998,0.5936355000012554,0.19801050700508852,ملك يوم الدين,13,ok,
tarteel-ai/whisper-base-ar-quran,data\uploads\segments\user_80d7a099719e4c3e8bb9b262ef87b399\expected_count\user_80d7a099719e4c3e8bb9b262ef87b399_expected_segment_005.wav,4.405,1.1345607000112068,0.2575620204338721,اياك نعبد وياكنا استعين,23,ok,
tarteel-ai/whisper-base-ar-quran,data\uploads\segments\user_80d7a099719e4c3e8bb9b262ef87b399\expected_count\user_80d7a099719e4c3e8bb9b262ef87b399_expected_segment_006.wav,9.775,3.0798732999828644,0.3150765524279145,اهدنا الصراط المستقيم والذين نمس عليم غير المغضب عليهم والطالين,63,ok,
tarteel-ai/whisper-base-ar-quran,data\uploads\segments\user_80d7a099719e4c3e8bb9b262ef87b399\natural\user_80d7a099719e4c3e8bb9b262ef87b399_natural_segment_001.wav,4.189,0.8568330999987666,0.20454359035539904,بسم الله الرحمن الرحيم,22,ok,
tarteel-ai/whisper-base-ar-quran,data\uploads\segments\user_80d7a099719e4c3e8bb9b262ef87b399\natural\user_80d7a099719e4c3e8bb9b262ef87b399_natural_segment_002.wav,4.241,0.9398199999995995,0.22160339542551274,الحمد لله رب العالمين,21,ok,
tarteel-ai/whisper-base-ar-quran,data\uploads\segments\user_80d7a099719e4c3e8bb9b262ef87b399\natural\user_80d7a099719e4c3e8bb9b262ef87b399_natural_segment_003.wav,3.132,0.5800528999825474,0.18520207534564093,الرحمن الرحيم,13,ok,
tarteel-ai/whisper-base-ar-quran,data\uploads\segments\user_80d7a099719e4c3e8bb9b262ef87b399\natural\user_80d7a099719e4c3e8bb9b262ef87b399_natural_segment_004.wav,2.998,0.5981578000064474,0.19951894596612652,ملك يوم الدين,13,ok,
tarteel-ai/whisper-base-ar-quran,data\uploads\segments\user_80d7a099719e4c3e8bb9b262ef87b399\natural\user_80d7a099719e4c3e8bb9b262ef87b399_natural_segment_005.wav,4.405,1.1146480000170413,0.25304154370420917,اياك نعبد وياكنا استعين,23,ok,
tarteel-ai/whisper-base-ar-quran,data\uploads\segments\user_80d7a099719e4c3e8bb9b262ef87b399\natural\user_80d7a099719e4c3e8bb9b262ef87b399_natural_segment_006.wav,9.775,3.086118200008059,0.3157154168806198,اهدنا الصراط المستقيم والذين نمس عليم غير المغضب عليهم والطالين,63,ok,
tarteel-ai/whisper-base-ar-quran,data\uploads\segments\user_82f3fad1cb9844c89c8e73ac9e0f75d7\free_detect\user_82f3fad1cb9844c89c8e73ac9e0f75d7_free_segment_001.wav,3.438,0.24055820002104156,0.06997038976760953,الم,3,ok,
tarteel-ai/whisper-base-ar-quran,data\uploads\segments\user_82f3fad1cb9844c89c8e73ac9e0f75d7\free_detect\user_82f3fad1cb9844c89c8e73ac9e0f75d7_free_segment_002.wav,1.228,0.4521021000109613,0.36816131922716716,والمسلم,7,ok,
tarteel-ai/whisper-base-ar-quran,data\uploads\segments\user_82f3fad1cb9844c89c8e73ac9e0f75d7\free_detect\user_82f3fad1cb9844c89c8e73ac9e0f75d7_free_segment_003.wav,1.435,0.4573543000151403,0.3187137979199584,والمسلم,7,ok,
tarteel-ai/whisper-base-ar-quran,data\uploads\segments\user_82f3fad1cb9844c89c8e73ac9e0f75d7\free_detect\user_82f3fad1cb9844c89c8e73ac9e0f75d7_free_segment_004.wav,5.994,1.40192139998544,0.23388745411835837,ذلك الكتاب لا ريب في هدي للمتقين,32,ok,
tarteel-ai/whisper-base-ar-quran,data\uploads\segments\user_903a00606b734faa8a92068465b9ebf3\user_903a00606b734faa8a92068465b9ebf3_segment_001.wav,4.909,0.9003935000218917,0.18341688735422523,بسم لا للرحمن الرحيم,20,ok,
tarteel-ai/whisper-base-ar-quran,data\uploads\segments\user_903a00606b734faa8a92068465b9ebf3\user_903a00606b734faa8a92068465b9ebf3_segment_002.wav,1.165,0.5007823999912944,0.4298561373315831,والمؤمنين,9,ok,
tarteel-ai/whisper-base-ar-quran,data\uploads\segments\user_903a00606b734faa8a92068465b9ebf3\user_903a00606b734faa8a92068465b9ebf3_segment_003.wav,4.961,0.9660914000123739,0.1947372303995916,الحمد لله رب العالمين,21,ok,
tarteel-ai/whisper-base-ar-quran,data\uploads\segments\user_903a00606b734faa8a92068465b9ebf3\user_903a00606b734faa8a92068465b9ebf3_segment_004.wav,4.007,0.5904442000028212,0.14735318193232375,الرحمن الرحيم,13,ok,
tarteel-ai/whisper-base-ar-quran,data\uploads\segments\user_903a00606b734faa8a92068465b9ebf3\user_903a00606b734faa8a92068465b9ebf3_segment_005.wav,4.119,0.6536248000047635,0.15868531197008098,ملك يوم الدين,13,ok,
tarteel-ai/whisper-base-ar-quran,data\uploads\segments\user_903a00606b734faa8a92068465b9ebf3\user_903a00606b734faa8a92068465b9ebf3_segment_006.wav,5.783,1.1816609999805223,0.20433356389080448,اياك نعبد وايياكا نستعين,24,ok,
tarteel-ai/whisper-base-ar-quran,data\uploads\segments\user_903a00606b734faa8a92068465b9ebf3\user_903a00606b734faa8a92068465b9ebf3_segment_007.wav,4.569,0.8745341000030749,0.19140601882317243,اهدنا الصراط المستقيم,21,ok,
tarteel-ai/whisper-base-ar-quran,data\uploads\segments\user_903a00606b734faa8a92068465b9ebf3\user_903a00606b734faa8a92068465b9ebf3_segment_008.wav,10.687,2.5025740999844857,0.23416993543412423,صراد الذين انعمت عليهم غير المعضوب عليهم ولا الضالين,52,ok,
tarteel-ai/whisper-base-ar-quran,data\uploads\segments\user_9115069d6f0c48a8a312dddf09d0c142\natural\user_9115069d6f0c48a8a312dddf09d0c142_natural_segment_001.wav,3.06,0.21244469998055138,0.06942637254266384,الم,3,ok,
tarteel-ai/whisper-base-ar-quran,data\uploads\segments\user_9115069d6f0c48a8a312dddf09d0c142\natural\user_9115069d6f0c48a8a312dddf09d0c142_natural_segment_002.wav,4.918,1.3996675999951549,0.28460097600552153,ذلك الكتاب لا ريب فيه هدي للمتقين,33,ok,
tarteel-ai/whisper-base-ar-quran,data\uploads\segments\user_9115069d6f0c48a8a312dddf09d0c142\natural\user_9115069d6f0c48a8a312dddf09d0c142_natural_segment_003.wav,8.402,2.565040699992096,0.3052893001656863,الذين يؤمنون بالغيب ويقيمون الصلاه ومما رزقناهم ينفقون,54,ok,
tarteel-ai/whisper-base-ar-quran,data\uploads\segments\user_9cafdbcf709940d1a422dd612d33c714\natural\user_9cafdbcf709940d1a422dd612d33c714_natural_segment_001.wav,3.688,0.19283149999682792,0.05228619848070171,الم,3,ok,
tarteel-ai/whisper-base-ar-quran,data\uploads\segments\user_9cafdbcf709940d1a422dd612d33c714\natural\user_9cafdbcf709940d1a422dd612d33c714_natural_segment_002.wav,4.565,1.4251774000003934,0.3121965826945002,ذلك الكتاب لعيب فيه هدي للمتقين,31,ok,
tarteel-ai/whisper-base-ar-quran,data\uploads\segments\user_9cafdbcf709940d1a422dd612d33c714\natural\user_9cafdbcf709940d1a422dd612d33c714_natural_segment_003.wav,8.367,2.5873521999747027,0.30923296282714263,الذين يؤمنون بالغيب ويقيمون الصلاه ومما رزقناهم ينفقون,54,ok,
tarteel-ai/whisper-base-ar-quran,data\uploads\segments\user_a91a31dfbfda4e3188d6e9d86a7d7def\natural\user_a91a31dfbfda4e3188d6e9d86a7d7def_natural_segment_001.wav,2.92,0.23762030000216328,0.081376815069234,الم,3,ok,
tarteel-ai/whisper-base-ar-quran,data\uploads\segments\user_a91a31dfbfda4e3188d6e9d86a7d7def\natural\user_a91a31dfbfda4e3188d6e9d86a7d7def_natural_segment_002.wav,5.115,1.4297397999907844,0.27951902248109173,ذلك الكتاب لا ريب فيه اذل المتقين,33,ok,
tarteel-ai/whisper-base-ar-quran,data\uploads\segments\user_a91a31dfbfda4e3188d6e9d86a7d7def\natural\user_a91a31dfbfda4e3188d6e9d86a7d7def_natural_segment_003.wav,8.67,2.5932896999875084,0.2991106920400817,الذين يؤمنون بالغيب ويقيمون الصلاه ومما رسقناهم ينفقون,54,ok,
tarteel-ai/whisper-base-ar-quran,data\uploads\segments\user_ad3f7df582ee4bd3bedb9eac16cfd897\natural\user_ad3f7df582ee4bd3bedb9eac16cfd897_natural_segment_001.wav,3.694,0.211690299998736,0.057306524092781815,الم,3,ok,
tarteel-ai/whisper-base-ar-quran,data\uploads\segments\user_ad3f7df582ee4bd3bedb9eac16cfd897\natural\user_ad3f7df582ee4bd3bedb9eac16cfd897_natural_segment_002.wav,5.642,1.3490918000170495,0.23911588089632213,ذلك الكتاب لا ريب في هدي للمتقين,32,ok,
tarteel-ai/whisper-base-ar-quran,data\uploads\segments\user_ad3f7df582ee4bd3bedb9eac16cfd897\natural\user_ad3f7df582ee4bd3bedb9eac16cfd897_natural_segment_003.wav,7.824,2.590705800015712,0.331122929449861,الذين يؤمنون بالغيب ويقيمون الصلاه ومما رزقناهم ينفقون,54,ok,
tarteel-ai/whisper-base-ar-quran,data\uploads\segments\user_b17c310f031a4e3baa1d4fd41cfd6171\natural\user_b17c310f031a4e3baa1d4fd41cfd6171_natural_segment_001.wav,3.067,0.3746658000163734,0.122160352140976,الم,3,ok,
tarteel-ai/whisper-base-ar-quran,data\uploads\segments\user_b17c310f031a4e3baa1d4fd41cfd6171\natural\user_b17c310f031a4e3baa1d4fd41cfd6171_natural_segment_002.wav,5.903,1.4094667000172194,0.2387712519087277,ذلك الكتاب لا ريب فيه هدي للمتقين,33,ok,
tarteel-ai/whisper-base-ar-quran,data\uploads\segments\user_b17c310f031a4e3baa1d4fd41cfd6171\natural\user_b17c310f031a4e3baa1d4fd41cfd6171_natural_segment_003.wav,8.85,2.6342753000208177,0.29765822599105285,الذين يؤمنون بالغيب ويقيمون الصلاه ومما رزقناهم ينفقون,54,ok,
tarteel-ai/whisper-base-ar-quran,data\uploads\segments\user_b2a83a09e012434b99c1618f17dd7dbb\expected_count\user_b2a83a09e012434b99c1618f17dd7dbb_expected_segment_001.wav,0.84,0.5187543999927584,0.617564761896141,والمؤمنين,9,ok,
tarteel-ai/whisper-base-ar-quran,data\uploads\segments\user_b2a83a09e012434b99c1618f17dd7dbb\expected_count\user_b2a83a09e012434b99c1618f17dd7dbb_expected_segment_002.wav,8.106,1.4377409000007901,0.17736749321500003,المر ذلك الكتاب لعرب في هدي للمتقين,35,ok,
tarteel-ai/whisper-base-ar-quran,data\uploads\segments\user_b2a83a09e012434b99c1618f17dd7dbb\expected_count\user_b2a83a09e012434b99c1618f17dd7dbb_expected_segment_003.wav,8.454,2.5924884999985807,0.306658209131604,الذين يؤمنون بالغيب ويقيمون الصلاه ومما رزقناهم ينفقون,54,ok,
tarteel-ai/whisper-base-ar-quran,data\uploads\segments\user_b2a83a09e012434b99c1618f17dd7dbb\natural\user_b2a83a09e012434b99c1618f17dd7dbb_natural_segment_001.wav,3.03,0.1907950000022538,0.0629686468654303,الم,3,ok,
tarteel-ai/whisper-base-ar-quran,data\uploads\segments\user_b2a83a09e012434b99c1618f17dd7dbb\natural\user_b2a83a09e012434b99c1618f17dd7dbb_natural_segment_002.wav,5.076,1.3827779999992345,0.2724148936168705,ذلك الكتاب لعريب في هدي للمتقين,31,ok,
tarteel-ai/whisper-base-ar-quran,data\uploads\segments\user_b2a83a09e012434b99c1618f17dd7dbb\natural\user_b2a83a09e012434b99c1618f17dd7dbb_natural_segment_003.wav,4.553,1.5432997999887448,0.33896327695777395,الذين يؤمنون بالغيب ويقيمون الصلاه ومن,38,ok,
tarteel-ai/whisper-base-ar-quran,data\uploads\segments\user_b2a83a09e012434b99c1618f17dd7dbb\natural\user_b2a83a09e012434b99c1618f17dd7dbb_natural_segment_004.wav,3.901,0.8844290999986697,0.226718559343417,فما رزقناهم ينفقون,18,ok,
tarteel-ai/whisper-base-ar-quran,data\uploads\segments\user_b4f9d0dae5494de08eb78b92bc9cd691\expected_count\user_b4f9d0dae5494de08eb78b92bc9cd691_expected_segment_001.wav,3.351,0.3713546000071801,0.1108190390949508,الم,3,ok,
tarteel-ai/whisper-base-ar-quran,data\uploads\segments\user_b4f9d0dae5494de08eb78b92bc9cd691\expected_count\user_b4f9d0dae5494de08eb78b92bc9cd691_expected_segment_002.wav,1.657,0.23911239998415112,0.14430440554263796,الم,3,ok,
tarteel-ai/whisper-base-ar-quran,data\uploads\segments\user_b4f9d0dae5494de08eb78b92bc9cd691\expected_count\user_b4f9d0dae5494de08eb78b92bc9cd691_expected_segment_003.wav,13.892,4.958548900001915,0.3569355672330777,ذلك الكتاب لا ربفيه هدي للمتقين الذين يؤمنون بالغيب ويقيمون الصلاه ومما رزقناهم ينفقون,86,ok,
tarteel-ai/whisper-base-ar-quran,data\uploads\segments\user_b4f9d0dae5494de08eb78b92bc9cd691\natural\user_b4f9d0dae5494de08eb78b92bc9cd691_natural_segment_001.wav,3.351,0.3745758000004571,0.11178030438688663,الم,3,ok,
tarteel-ai/whisper-base-ar-quran,data\uploads\segments\user_b4f9d0dae5494de08eb78b92bc9cd691\natural\user_b4f9d0dae5494de08eb78b92bc9cd691_natural_segment_002.wav,1.657,0.2397534999763593,0.14469130958138762,الم,3,ok,
tarteel-ai/whisper-base-ar-quran,data\uploads\segments\user_b4f9d0dae5494de08eb78b92bc9cd691\natural\user_b4f9d0dae5494de08eb78b92bc9cd691_natural_segment_003.wav,6.038,1.3410000999865588,0.22209342497293122,ذلك الكتاب لا ربفيه هدي للمتقين,31,ok,
tarteel-ai/whisper-base-ar-quran,data\uploads\segments\user_b4f9d0dae5494de08eb78b92bc9cd691\natural\user_b4f9d0dae5494de08eb78b92bc9cd691_natural_segment_004.wav,7.854,2.5901471999823116,0.3297870129847608,الذين يؤمنون بالغيب ويقيمون الصلاه ومما رزقناهم ينفقون,54,ok,
tarteel-ai/whisper-base-ar-quran,data\uploads\segments\user_bac7859cc08a4c3abeab7cc889350d7c\natural\user_bac7859cc08a4c3abeab7cc889350d7c_natural_segment_001.wav,4.116,0.21914129998185672,0.05324132652620426,الم,3,ok,
tarteel-ai/whisper-base-ar-quran,data\uploads\segments\user_bac7859cc08a4c3abeab7cc889350d7c\natural\user_bac7859cc08a4c3abeab7cc889350d7c_natural_segment_002.wav,5.745,1.4407509000157006,0.2507834464779287,ذلك الكتاب لا ريب فيه هدي للمتقين,33,ok,
tarteel-ai/whisper-base-ar-quran,data\uploads\segments\user_bac7859cc08a4c3abeab7cc889350d7c\natural\user_bac7859cc08a4c3abeab7cc889350d7c_natural_segment_003.wav,9.279,2.7887927999836393,0.3005488522452462,الذين يؤمنون بالغيب ويقيمون الصراه ومما رزقناهم ينفقون,54,ok,
tarteel-ai/whisper-base-ar-quran,data\uploads\segments\user_be8667796a874785b5299a3ee534bfef\expected_count\user_be8667796a874785b5299a3ee534bfef_expected_segment_001.wav,3.237,0.2405443000025116,0.07431087426707185,الم,3,ok,
tarteel-ai/whisper-base-ar-quran,data\uploads\segments\user_be8667796a874785b5299a3ee534bfef\expected_count\user_be8667796a874785b5299a3ee534bfef_expected_segment_002.wav,9.764,1.4087791999918409,0.14428299877015988,ذلك الكتاب لا ريب فيه عدي للمتقين,33,ok,
tarteel-ai/whisper-base-ar-quran,data\uploads\segments\user_be8667796a874785b5299a3ee534bfef\expected_count\user_be8667796a874785b5299a3ee534bfef_expected_segment_003.wav,11.059,2.5991329999815207,0.23502423365417496,الذين يؤمنون بالغيب ويقيمون الصلاه ومما رزقناهم ينفقون,54,ok,
tarteel-ai/whisper-base-ar-quran,data\uploads\segments\user_be8667796a874785b5299a3ee534bfef\natural\user_be8667796a874785b5299a3ee534bfef_natural_segment_001.wav,3.237,0.23726090000127442,0.07329654000657226,الم,3,ok,
tarteel-ai/whisper-base-ar-quran,data\uploads\segments\user_be8667796a874785b5299a3ee534bfef\natural\user_be8667796a874785b5299a3ee534bfef_natural_segment_002.wav,2.295,0.217203200008953,0.09464191721523006,ميه,3,ok,
tarteel-ai/whisper-base-ar-quran,data\uploads\segments\user_be8667796a874785b5299a3ee534bfef\natural\user_be8667796a874785b5299a3ee534bfef_natural_segment_003.wav,7.469,1.4124840000004042,0.1891128665149825,ذلك الكتاب لا ريب فيه هدي للمتقين,33,ok,
tarteel-ai/whisper-base-ar-quran,data\uploads\segments\user_be8667796a874785b5299a3ee534bfef\natural\user_be8667796a874785b5299a3ee534bfef_natural_segment_004.wav,11.059,2.5865983000257984,0.2338907948300749,الذين يؤمنون بالغيب ويقيمون الصلاه ومما رزقناهم ينفقون,54,ok,
tarteel-ai/whisper-base-ar-quran,data\uploads\segments\user_c41c197221e04ae39c064525cd753bbe\expected_count\user_c41c197221e04ae39c064525cd753bbe_expected_segment_001.wav,1.228,0.4611835000105202,0.37555659609977216,والمسلم,7,ok,
tarteel-ai/whisper-base-ar-quran,data\uploads\segments\user_c41c197221e04ae39c064525cd753bbe\expected_count\user_c41c197221e04ae39c064525cd753bbe_expected_segment_002.wav,3.317,0.21991790001629852,0.0663002411867044,الم,3,ok,
tarteel-ai/whisper-base-ar-quran,data\uploads\segments\user_c41c197221e04ae39c064525cd753bbe\expected_count\user_c41c197221e04ae39c064525cd753bbe_expected_segment_003.wav,13.155,4.99792900000466,0.37992618776166176,ذلك الكتاب لعريب فيه هدي للمتقين الذين يؤمنون بالغيظ ويقيمون الصلاه ومما زقناهم ينفقون,86,ok,
tarteel-ai/whisper-base-ar-quran,data\uploads\segments\user_c41c197221e04ae39c064525cd753bbe\natural\user_c41c197221e04ae39c064525cd753bbe_natural_segment_001.wav,1.228,0.45084800000768155,0.36714006515283515,والمسلم,7,ok,
tarteel-ai/whisper-base-ar-quran,data\uploads\segments\user_c41c197221e04ae39c064525cd753bbe\natural\user_c41c197221e04ae39c064525cd753bbe_natural_segment_002.wav,3.317,0.21635520001291297,0.06522616822819204,الم,3,ok,
tarteel-ai/whisper-base-ar-quran,data\uploads\segments\user_c41c197221e04ae39c064525cd753bbe\natural\user_c41c197221e04ae39c064525cd753bbe_natural_segment_003.wav,5.59,1.4265061999903992,0.2551889445421108,ذلك الكتاب لعريب فيه هدي للمتقين,32,ok,
tarteel-ai/whisper-base-ar-quran,data\uploads\segments\user_c41c197221e04ae39c064525cd753bbe\natural\user_c41c197221e04ae39c064525cd753bbe_natural_segment_004.wav,7.565,2.627347700006794,0.3473030667556899,الذين يؤمنون بالغيب ويقيمون الصلاه ومما زقناهم ينفقون,53,ok,
tarteel-ai/whisper-base-ar-quran,data\uploads\segments\user_d0f6199fa6a24c17b44faf9a1015746c\free_detect\user_d0f6199fa6a24c17b44faf9a1015746c_free_segment_001.wav,4.934,0.21831709999241866,0.04424748682456803,الم,3,ok,
tarteel-ai/whisper-base-ar-quran,data\uploads\segments\user_d0f6199fa6a24c17b44faf9a1015746c\free_detect\user_d0f6199fa6a24c17b44faf9a1015746c_free_segment_002.wav,7.315,1.4617713000043295,0.19983203007577982,ذلك الكتاب لا ريب فيه هدي للمتقين,33,ok,
tarteel-ai/whisper-base-ar-quran,data\uploads\segments\user_d0f6199fa6a24c17b44faf9a1015746c\free_detect\user_d0f6199fa6a24c17b44faf9a1015746c_free_segment_003.wav,9.56,2.7557480999967083,0.28825816945572263,الذين يؤمنون بالغيب ويقيمون الصلاه ومما رزقناهم ينفقون,54,ok,
tarteel-ai/whisper-base-ar-quran,data\uploads\segments\user_d0f6199fa6a24c17b44faf9a1015746c\free_detect\user_d0f6199fa6a24c17b44faf9a1015746c_free_segment_004.wav,14.248,3.9868921999877784,0.27982118191941174,والذين يؤمنون بما انزل اليك وما نزل من قبلك لبداخره هم يوقنين,61,ok,
tarteel-ai/whisper-base-ar-quran,data\uploads\segments\user_d0f6199fa6a24c17b44faf9a1015746c\free_detect\user_d0f6199fa6a24c17b44faf9a1015746c_free_segment_005.wav,9.383,1.9393293000175618,0.20668542044309515,اولئك علي هدي من ربهم وعلي اكاب المفلحون,40,ok,
tarteel-ai/whisper-base-ar-quran,data\uploads\segments\user_d0f6199fa6a24c17b44faf9a1015746c\natural\user_d0f6199fa6a24c17b44faf9a1015746c_natural_segment_001.wav,4.934,0.1887540000025183,0.03825577624696358,الم,3,ok,
tarteel-ai/whisper-base-ar-quran,data\uploads\segments\user_d0f6199fa6a24c17b44faf9a1015746c\natural\user_d0f6199fa6a24c17b44faf9a1015746c_natural_segment_002.wav,7.315,1.5474045999872033,0.21153856459155204,ذلك الكتاب لا ريب فيه هدي للمتقين,33,ok,
tarteel-ai/whisper-base-ar-quran,data\uploads\segments\user_d0f6199fa6a24c17b44faf9a1015746c\natural\user_d0f6199fa6a24c17b44faf9a1015746c_natural_segment_003.wav,9.56,2.818100800010143,0.2947804184111028,الذين يؤمنون بالغيب ويقيمون الصلاه ومما رزقناهم ينفقون,54,ok,
tarteel-ai/whisper-base-ar-quran,data\uploads\segments\user_d0f6199fa6a24c17b44faf9a1015746c\natural\user_d0f6199fa6a24c17b44faf9a1015746c_natural_segment_004.wav,14.248,3.551615700009279,0.24927117490239184,والذين يؤمنون بما انزل اليك وما نزل من قبلك لبداخره هم يوقنين,61,ok,
tarteel-ai/whisper-base-ar-quran,data\uploads\segments\user_d0f6199fa6a24c17b44faf9a1015746c\natural\user_d0f6199fa6a24c17b44faf9a1015746c_natural_segment_005.wav,9.383,1.6868204000056721,0.17977410210014624,اولئك علي هدي من ربهم وعلي اكاب المفلحون,40,ok,
tarteel-ai/whisper-base-ar-quran,data\uploads\segments\user_d2365a6e0287446da76c6ef86020f70b\free_detect\user_d2365a6e0287446da76c6ef86020f70b_free_segment_001.wav,1.338,0.45638139999937266,0.34109222720431437,والمسلم,7,ok,
tarteel-ai/whisper-base-ar-quran,data\uploads\segments\user_d2365a6e0287446da76c6ef86020f70b\free_detect\user_d2365a6e0287446da76c6ef86020f70b_free_segment_002.wav,2.378,0.345027300005313,0.14509137931257907,الم,3,ok,
tarteel-ai/whisper-base-ar-quran,data\uploads\segments\user_d2365a6e0287446da76c6ef86020f70b\free_detect\user_d2365a6e0287446da76c6ef86020f70b_free_segment_003.wav,1.442,0.29561780000221916,0.20500540915549179,مهين,4,ok,
tarteel-ai/whisper-base-ar-quran,data\uploads\segments\user_d2365a6e0287446da76c6ef86020f70b\free_detect\user_d2365a6e0287446da76c6ef86020f70b_free_segment_004.wav,8.611,1.4365385999844875,0.16682599001097287,ذلك الكتاب لا ريب في هدي للمتقين,32,ok,
tarteel-ai/whisper-base-ar-quran,data\uploads\segments\user_d2365a6e0287446da76c6ef86020f70b\free_detect\user_d2365a6e0287446da76c6ef86020f70b_free_segment_005.wav,11.342,3.2778718000045046,0.2890029800744582,الذين يؤمنون بالغيب ويوقيمون الصلاه ومما رزقناهم ينفقون,55,ok,
tarteel-ai/whisper-base-ar-quran,data\uploads\segments\user_d2365a6e0287446da76c6ef86020f70b\free_detect\user_d2365a6e0287446da76c6ef86020f70b_free_segment_006.wav,1.456,0.42630399999325164,0.29279120878657394,ويوعون,6,ok,
tarteel-ai/whisper-base-ar-quran,data\uploads\segments\user_d2365a6e0287446da76c6ef86020f70b\free_detect\user_d2365a6e0287446da76c6ef86020f70b_free_segment_007.wav,9.549,1.753634399996372,0.18364586867696847,والذين يؤمنون بما انزل اليك وما,31,ok,
tarteel-ai/whisper-base-ar-quran,data\uploads\segments\user_d2365a6e0287446da76c6ef86020f70b\free_detect\user_d2365a6e0287446da76c6ef86020f70b_free_segment_008.wav,6.878,1.2492769999953452,0.18163375981322263,زل من قبلك وبداخلتهم يوقنون,27,ok,
tarteel-ai/whisper-base-ar-quran,data\uploads\segments\user_d2365a6e0287446da76c6ef86020f70b\free_detect\user_d2365a6e0287446da76c6ef86020f70b_free_segment_009.wav,1.499,0.5694479999947362,0.37988525683438035,والمسلم,7,ok,
tarteel-ai/whisper-base-ar-quran,data\uploads\segments\user_d2365a6e0287446da76c6ef86020f70b\free_detect\user_d2365a6e0287446da76c6ef86020f70b_free_segment_010.wav,11.787,1.806661400012672,0.15327576143316127,اولئك علي هدي من ربهم واوليئهم المفلحون,39,ok,
tarteel-ai/whisper-base-ar-quran,data\uploads\segments\user_e1ab731b3e5849e2ba2633f2387d1590\user_e1ab731b3e5849e2ba2633f2387d1590_segment_001.wav,1.009,0.42687260001548566,0.42306501488155174,والمسلم,7,ok,
tarteel-ai/whisper-base-ar-quran,data\uploads\segments\user_e1ab731b3e5849e2ba2633f2387d1590\user_e1ab731b3e5849e2ba2633f2387d1590_segment_002.wav,3.947,0.7932299000094645,0.20097033190004165,بسم الله الرحمن رحيم,20,ok,
tarteel-ai/whisper-base-ar-quran,data\uploads\segments\user_e1ab731b3e5849e2ba2633f2387d1590\user_e1ab731b3e5849e2ba2633f2387d1590_segment_003.wav,0.766,0.4278270000068005,0.5585208877373374,والمسلم,7,ok,
tarteel-ai/whisper-base-ar-quran,data\uploads\segments\user_e1ab731b3e5849e2ba2633f2387d1590\user_e1ab731b3e5849e2ba2633f2387d1590_segment_004.wav,4.674,0.9308556000178214,0.19915609756478847,الحمد لله رب العالمين,21,ok,
tarteel-ai/whisper-base-ar-quran,data\uploads\segments\user_e1ab731b3e5849e2ba2633f2387d1590\user_e1ab731b3e5849e2ba2633f2387d1590_segment_005.wav,4.633,0.5864454000256956,0.12658005612469148,الرحمن الرحيم,13,ok,
tarteel-ai/whisper-base-ar-quran,data\uploads\segments\user_e1ab731b3e5849e2ba2633f2387d1590\user_e1ab731b3e5849e2ba2633f2387d1590_segment_006.wav,4.398,0.5676879000093322,0.1290786493882065,ملك يوم الدين,13,ok,
tarteel-ai/whisper-base-ar-quran,data\uploads\segments\user_e1ab731b3e5849e2ba2633f2387d1590\user_e1ab731b3e5849e2ba2633f2387d1590_segment_007.wav,5.726,1.1027712000068277,0.1925901501932986,اياك معبد وايياق مستعين,23,ok,
tarteel-ai/whisper-base-ar-quran,data\uploads\segments\user_e1ab731b3e5849e2ba2633f2387d1590\user_e1ab731b3e5849e2ba2633f2387d1590_segment_008.wav,0.734,0.47879419999662787,0.6523081743823268,والمؤمنين,9,ok,
tarteel-ai/whisper-base-ar-quran,data\uploads\segments\user_e1ab731b3e5849e2ba2633f2387d1590\user_e1ab731b3e5849e2ba2633f2387d1590_segment_009.wav,4.016,0.8019290000083856,0.19968351593834305,اهدنا الصراط المستقيم,21,ok,
tarteel-ai/whisper-base-ar-quran,data\uploads\segments\user_e1ab731b3e5849e2ba2633f2387d1590\user_e1ab731b3e5849e2ba2633f2387d1590_segment_010.wav,7.506,1.942052500002319,0.2587333466563175,صراط الذين انعمت عليهم غير المغضوب عذين ولم,43,ok,
tarteel-ai/whisper-base-ar-quran,data\uploads\segments\user_e1ab731b3e5849e2ba2633f2387d1590\user_e1ab731b3e5849e2ba2633f2387d1590_segment_011.wav,5.251,0.17884900001809,0.03405998857705009,طسم,3,ok,
tarteel-ai/whisper-base-ar-quran,data\uploads\segments\user_e317f16ebe734d2ebfc89f43239bfba3\free_detect\user_e317f16ebe734d2ebfc89f43239bfba3_free_segment_001.wav,4.117,0.1761324999970384,0.042781758561340394,الم,3,ok,
tarteel-ai/whisper-base-ar-quran,data\uploads\segments\user_e317f16ebe734d2ebfc89f43239bfba3\free_detect\user_e317f16ebe734d2ebfc89f43239bfba3_free_segment_002.wav,6.369,1.3320648999942932,0.20914820222865335,ذلك الكتاب لا ريب في خبل المتقين,32,ok,
tarteel-ai/whisper-base-ar-quran,data\uploads\segments\user_e317f16ebe734d2ebfc89f43239bfba3\free_detect\user_e317f16ebe734d2ebfc89f43239bfba3_free_segment_003.wav,4.455,1.0331551999843214,0.2319091357989498,الذين يؤمنون بالغيب ويقيم,25,ok,
tarteel-ai/whisper-base-ar-quran,data\uploads\segments\user_e317f16ebe734d2ebfc89f43239bfba3\free_detect\user_e317f16ebe734d2ebfc89f43239bfba3_free_segment_004.wav,4.769,0.9829275999800302,0.20610769552946742,فاومم ما سقناهم ينفقون,22,ok,
tarteel-ai/whisper-base-ar-quran,data\uploads\segments\user_e41b3700646140dda067a526d8cc614a\natural\user_e41b3700646140dda067a526d8cc614a_natural_segment_001.wav,3.538,0.18137899998691864,0.05126596947058187,الم,3,ok,
tarteel-ai/whisper-base-ar-quran,data\uploads\segments\user_e41b3700646140dda067a526d8cc614a\natural\user_e41b3700646140dda067a526d8cc614a_natural_segment_002.wav,4.57,1.2975828999769874,0.28393498905404535,ذلك الكتاب لعريب في يدل المتقين,31,ok,
tarteel-ai/whisper-base-ar-quran,data\uploads\segments\user_e41b3700646140dda067a526d8cc614a\natural\user_e41b3700646140dda067a526d8cc614a_natural_segment_003.wav,6.412,1.984181300009368,0.3094481129147486,الذين يؤمنون بالغيب ويقيمون الصلاه ومما نسقناهم ي,49,ok,
tarteel-ai/whisper-base-ar-quran,data\uploads\segments\user_ed2721c8d0e74a3eb6ca21aa1ab7a3e9\free_detect\user_ed2721c8d0e74a3eb6ca21aa1ab7a3e9_free_segment_001.wav,3.822,0.7954978000198025,0.2081365253845637,بسم الله الرحمن الرحيم,22,ok,
tarteel-ai/whisper-base-ar-quran,data\uploads\segments\user_ed2721c8d0e74a3eb6ca21aa1ab7a3e9\free_detect\user_ed2721c8d0e74a3eb6ca21aa1ab7a3e9_free_segment_002.wav,4.176,0.8999352999962866,0.21550174808340197,الحمد لله رب العالمين,21,ok,
tarteel-ai/whisper-base-ar-quran,data\uploads\segments\user_ed2721c8d0e74a3eb6ca21aa1ab7a3e9\free_detect\user_ed2721c8d0e74a3eb6ca21aa1ab7a3e9_free_segment_003.wav,2.837,0.5508614999998827,0.19417042650683208,الرحمن الرحيم,13,ok,
tarteel-ai/whisper-base-ar-quran,data\uploads\segments\user_ed2721c8d0e74a3eb6ca21aa1ab7a3e9\free_detect\user_ed2721c8d0e74a3eb6ca21aa1ab7a3e9_free_segment_004.wav,2.858,0.6008985999797005,0.21025143456252643,مالك يوم الدين,14,ok,
tarteel-ai/whisper-base-ar-quran,data\uploads\segments\user_ed2721c8d0e74a3eb6ca21aa1ab7a3e9\free_detect\user_ed2721c8d0e74a3eb6ca21aa1ab7a3e9_free_segment_005.wav,4.455,1.0746297999867238,0.24121881032249692,يياك نعبد واياجنا استعين,24,ok,
tarteel-ai/whisper-base-ar-quran,data\uploads\segments\user_ed2721c8d0e74a3eb6ca21aa1ab7a3e9\free_detect\user_ed2721c8d0e74a3eb6ca21aa1ab7a3e9_free_segment_006.wav,3.288,0.8358478999871295,0.2542116484145771,اهدنا الصراط المستقيم,21,ok,
tarteel-ai/whisper-base-ar-quran,data\uploads\segments\user_ed2721c8d0e74a3eb6ca21aa1ab7a3e9\free_detect\user_ed2721c8d0e74a3eb6ca21aa1ab7a3e9_free_segment_007.wav,8.744,2.2772948000056203,0.2604408508698102,صراط الذين انعمت عليهم غير المغضوب عليم ولا الضالين,51,ok,
tarteel-ai/whisper-base-ar-quran,data\uploads\segments\user_ed2721c8d0e74a3eb6ca21aa1ab7a3e9\natural\user_ed2721c8d0e74a3eb6ca21aa1ab7a3e9_natural_segment_001.wav,3.822,0.7996325000131037,0.2092183411860554,بسم الله الرحمن الرحيم,22,ok,
tarteel-ai/whisper-base-ar-quran,data\uploads\segments\user_ed2721c8d0e74a3eb6ca21aa1ab7a3e9\natural\user_ed2721c8d0e74a3eb6ca21aa1ab7a3e9_natural_segment_002.wav,4.176,0.9090064000047278,0.21767394636128537,الحمد لله رب العالمين,21,ok,
tarteel-ai/whisper-base-ar-quran,data\uploads\segments\user_ed2721c8d0e74a3eb6ca21aa1ab7a3e9\natural\user_ed2721c8d0e74a3eb6ca21aa1ab7a3e9_natural_segment_003.wav,2.837,0.559059100021841,0.19705995770949628,الرحمن الرحيم,13,ok,
tarteel-ai/whisper-base-ar-quran,data\uploads\segments\user_ed2721c8d0e74a3eb6ca21aa1ab7a3e9\natural\user_ed2721c8d0e74a3eb6ca21aa1ab7a3e9_natural_segment_004.wav,2.858,0.5831207000010181,0.20403103568964945,مالك يوم الدين,14,ok,
tarteel-ai/whisper-base-ar-quran,data\uploads\segments\user_ed2721c8d0e74a3eb6ca21aa1ab7a3e9\natural\user_ed2721c8d0e74a3eb6ca21aa1ab7a3e9_natural_segment_005.wav,4.455,1.078988199995365,0.24219712682275307,يياك نعبد واياجنا استعين,24,ok,
tarteel-ai/whisper-base-ar-quran,data\uploads\segments\user_ed2721c8d0e74a3eb6ca21aa1ab7a3e9\natural\user_ed2721c8d0e74a3eb6ca21aa1ab7a3e9_natural_segment_006.wav,3.288,0.8585909999965224,0.26112864963397886,اهدنا الصراط المستقيم,21,ok,
tarteel-ai/whisper-base-ar-quran,data\uploads\segments\user_ed2721c8d0e74a3eb6ca21aa1ab7a3e9\natural\user_ed2721c8d0e74a3eb6ca21aa1ab7a3e9_natural_segment_007.wav,8.744,2.267387499974575,0.2593078110675406,صراط الذين انعمت عليهم غير المغضوب عليم ولا الضالين,51,ok,
tarteel-ai/whisper-base-ar-quran,data\uploads\segments\user_ed87da28ee4245fd8ec6a0c1c7a83126\expected_count\user_ed87da28ee4245fd8ec6a0c1c7a83126_expected_segment_001.wav,3.536,0.17798259999835864,0.05033444570089328,الم,3,ok,
tarteel-ai/whisper-base-ar-quran,data\uploads\segments\user_ed87da28ee4245fd8ec6a0c1c7a83126\expected_count\user_ed87da28ee4245fd8ec6a0c1c7a83126_expected_segment_002.wav,14.464,4.741368199989665,0.32780477046388723,ذلك الكتاب لا ريب فيه يذل المتقين الذين يؤمنون بالغير ويوقيبون الصلاه ومما ازقناهم ينفقون,89,ok,
tarteel-ai/whisper-base-ar-quran,data\uploads\segments\user_ed87da28ee4245fd8ec6a0c1c7a83126\natural\user_ed87da28ee4245fd8ec6a0c1c7a83126_natural_segment_001.wav,3.536,0.1770251999842003,0.05006368777833719,الم,3,ok,
tarteel-ai/whisper-base-ar-quran,data\uploads\segments\user_ed87da28ee4245fd8ec6a0c1c7a83126\natural\user_ed87da28ee4245fd8ec6a0c1c7a83126_natural_segment_002.wav,14.464,4.755459800013341,0.32877902378410817,ذلك الكتاب لا ريب فيه يذل المتقين الذين يؤمنون بالغير ويوقيبون الصلاه ومما ازقناهم ينفقون,89,ok,
tarteel-ai/whisper-base-ar-quran,data\uploads\segments\user_f3e3ca728f634337af1cfafe34c6ac6f\free_detect\user_f3e3ca728f634337af1cfafe34c6ac6f_free_segment_001.wav,2.315,0.17680330001167022,0.07637291577177979,الم,3,ok,
tarteel-ai/whisper-base-ar-quran,data\uploads\segments\user_f3e3ca728f634337af1cfafe34c6ac6f\free_detect\user_f3e3ca728f634337af1cfafe34c6ac6f_free_segment_002.wav,4.794,1.3063340999942739,0.2724935544418594,ذلك الكتاب لعريب في هدي للمتقين,31,ok,
tarteel-ai/whisper-base-ar-quran,data\uploads\segments\user_f96c795b03364eec9b79db01e1fd734d\expected_count\user_f96c795b03364eec9b79db01e1fd734d_expected_segment_001.wav,14.34,0.5005520999839064,0.03490600418297813,والمؤمنين,9,ok,
tarteel-ai/whisper-base-ar-quran,data\uploads\segments\user_f96c795b03364eec9b79db01e1fd734d\expected_count\user_f96c795b03364eec9b79db01e1fd734d_expected_segment_002.wav,14.34,0.5106497000087984,0.035610160391129596,والمؤمنين,9,ok,
tarteel-ai/whisper-base-ar-quran,data\uploads\segments\user_f96c795b03364eec9b79db01e1fd734d\natural\user_f96c795b03364eec9b79db01e1fd734d_natural_segment_001.wav,14.34,0.5069175999960862,0.03534990237071731,والمؤمنين,9,ok,
tarteel-ai/whisper-base-ar-quran,data\uploads\segments\user_f96c795b03364eec9b79db01e1fd734d\natural\user_f96c795b03364eec9b79db01e1fd734d_natural_segment_002.wav,14.34,0.5087109000014607,0.03547495815909768,والمؤمنين,9,ok,
tarteel-ai/whisper-base-ar-quran,data\uploads\segments\user_fb811f48e9e64a17aa7e5885cf03b5c1\expected_count\user_fb811f48e9e64a17aa7e5885cf03b5c1_expected_segment_001.wav,4.19,0.83779130000039,0.19995019093088065,بسم الله الرحمن الرحيم,22,ok,
tarteel-ai/whisper-base-ar-quran,data\uploads\segments\user_fb811f48e9e64a17aa7e5885cf03b5c1\expected_count\user_fb811f48e9e64a17aa7e5885cf03b5c1_expected_segment_002.wav,3.778,0.9446647000149824,0.2500435944984072,الحمد لله رب لعالمين,20,ok,
tarteel-ai/whisper-base-ar-quran,data\uploads\segments\user_fb811f48e9e64a17aa7e5885cf03b5c1\expected_count\user_fb811f48e9e64a17aa7e5885cf03b5c1_expected_segment_003.wav,2.94,0.5914506000117399,0.20117367347338092,الرحمن الرحيم,13,ok,
tarteel-ai/whisper-base-ar-quran,data\uploads\segments\user_fb811f48e9e64a17aa7e5885cf03b5c1\expected_count\user_fb811f48e9e64a17aa7e5885cf03b5c1_expected_segment_004.wav,3.715,0.6292161000019405,0.1693717631229988,ملك يوم الدين,13,ok,
tarteel-ai/whisper-base-ar-quran,data\uploads\segments\user_fb811f48e9e64a17aa7e5885cf03b5c1\expected_count\user_fb811f48e9e64a17aa7e5885cf03b5c1_expected_segment_005.wav,5.267,1.005570399982389,0.19091900512291418,اياك نعبد واياكا السعير,23,ok,
tarteel-ai/whisper-base-ar-quran,data\uploads\segments\user_fb811f48e9e64a17aa7e5885cf03b5c1\expected_count\user_fb811f48e9e64a17aa7e5885cf03b5c1_expected_segment_006.wav,3.648,0.8053464999829885,0.22076384319709114,اهدنا الصراط المستقيم,21,ok,
tarteel-ai/whisper-base-ar-quran,data\uploads\segments\user_fb811f48e9e64a17aa7e5885cf03b5c1\expected_count\user_fb811f48e9e64a17aa7e5885cf03b5c1_expected_segment_007.wav,8.862,1.898514400003478,0.2142309185289413,صراط الذين نمتعنيهم غير المغضوب عنيم ونطائر,43,ok,
tarteel-ai/whisper-base-ar-quran,data\uploads\segments\user_fb811f48e9e64a17aa7e5885cf03b5c1\natural\user_fb811f48e9e64a17aa7e5885cf03b5c1_natural_segment_001.wav,3.413,0.827617700007977,0.24248980369410403,بسم الله الرحمن الرحيم,22,ok,
tarteel-ai/whisper-base-ar-quran,data\uploads\segments\user_fb811f48e9e64a17aa7e5885cf03b5c1\natural\user_fb811f48e9e64a17aa7e5885cf03b5c1_natural_segment_002.wav,3.778,0.9380260999896564,0.24828642138423937,الحمد لله رب لعالمين,20,ok,
tarteel-ai/whisper-base-ar-quran,data\uploads\segments\user_fb811f48e9e64a17aa7e5885cf03b5c1\natural\user_fb811f48e9e64a17aa7e5885cf03b5c1_natural_segment_003.wav,2.94,0.615396499983035,0.2093185374091956,الرحمن الرحيم,13,ok,
tarteel-ai/whisper-base-ar-quran,data\uploads\segments\user_fb811f48e9e64a17aa7e5885cf03b5c1\natural\user_fb811f48e9e64a17aa7e5885cf03b5c1_natural_segment_004.wav,3.715,0.6666336000198498,0.1794437685113997,ملك يوم الدين,13,ok,
tarteel-ai/whisper-base-ar-quran,data\uploads\segments\user_fb811f48e9e64a17aa7e5885cf03b5c1\natural\user_fb811f48e9e64a17aa7e5885cf03b5c1_natural_segment_005.wav,1.133,0.43380649999016896,0.3828830538306875,المؤمنين,8,ok,
tarteel-ai/whisper-base-ar-quran,data\uploads\segments\user_fb811f48e9e64a17aa7e5885cf03b5c1\natural\user_fb811f48e9e64a17aa7e5885cf03b5c1_natural_segment_006.wav,4.134,1.005024299985962,0.24311182873390466,اياك نعبد واياك لسعير,21,ok,
tarteel-ai/whisper-base-ar-quran,data\uploads\segments\user_fb811f48e9e64a17aa7e5885cf03b5c1\natural\user_fb811f48e9e64a17aa7e5885cf03b5c1_natural_segment_007.wav,3.648,0.9657588000118267,0.26473651316113667,اهدنا الصراط المستقيم,21,ok,
tarteel-ai/whisper-base-ar-quran,data\uploads\segments\user_fb811f48e9e64a17aa7e5885cf03b5c1\natural\user_fb811f48e9e64a17aa7e5885cf03b5c1_natural_segment_008.wav,7.059,1.9459677999839187,0.2756718798673918,صراط الذين نمش عنيهم غير المغضوب عنهم غلقان,43,ok,
tarteel-ai/whisper-base-ar-quran,data\uploads\segments\user_fb811f48e9e64a17aa7e5885cf03b5c1\natural\user_fb811f48e9e64a17aa7e5885cf03b5c1_natural_segment_009.wav,1.803,0.27498299998114817,0.15251414308438613,ذير,3,ok,
tarteel-ai/whisper-base-ar-quran,data\uploads\segments\user_fcdf07de24cd482c86ebbd90f47d5b26\user_fcdf07de24cd482c86ebbd90f47d5b26_segment_001.wav,4.909,0.9469064000004437,0.19289191281329063,بسم لا للرحمن الرحيم,20,ok,
tarteel-ai/whisper-base-ar-quran,data\uploads\segments\user_fcdf07de24cd482c86ebbd90f47d5b26\user_fcdf07de24cd482c86ebbd90f47d5b26_segment_002.wav,1.165,0.4958972000167705,0.42566283263242105,والمؤمنين,9,ok,
tarteel-ai/whisper-base-ar-quran,data\uploads\segments\user_fcdf07de24cd482c86ebbd90f47d5b26\user_fcdf07de24cd482c86ebbd90f47d5b26_segment_003.wav,4.961,0.9178042999992613,0.18500389034453965,الحمد لله رب العالمين,21,ok,
tarteel-ai/whisper-base-ar-quran,data\uploads\segments\user_fcdf07de24cd482c86ebbd90f47d5b26\user_fcdf07de24cd482c86ebbd90f47d5b26_segment_004.wav,4.007,0.562995200016303,0.1405029198942608,الرحمن الرحيم,13,ok,
tarteel-ai/whisper-base-ar-quran,data\uploads\segments\user_fcdf07de24cd482c86ebbd90f47d5b26\user_fcdf07de24cd482c86ebbd90f47d5b26_segment_005.wav,4.119,0.698562600009609,0.1695951930103445,ملك يوم الدين,13,ok,
tarteel-ai/whisper-base-ar-quran,data\uploads\segments\user_fcdf07de24cd482c86ebbd90f47d5b26\user_fcdf07de24cd482c86ebbd90f47d5b26_segment_006.wav,5.783,1.368016299995361,0.23655823966719017,اياك نعبد وايياكا نستعين,24,ok,
tarteel-ai/whisper-base-ar-quran,data\uploads\segments\user_fcdf07de24cd482c86ebbd90f47d5b26\user_fcdf07de24cd482c86ebbd90f47d5b26_segment_007.wav,4.569,1.0427159999962896,0.22821536441153198,اهدنا الصراط المستقيم,21,ok,
tarteel-ai/whisper-base-ar-quran,data\uploads\segments\user_fcdf07de24cd482c86ebbd90f47d5b26\user_fcdf07de24cd482c86ebbd90f47d5b26_segment_008.wav,10.687,2.901842499995837,0.2715301300641749,صراد الذين انعمت عليهم غير المعضوب عليهم ولا الضالين,52,ok,
tarteel-ai/whisper-base-ar-quran,data\uploads\up_1_ayah\user_07b3e407299c4b7cb20230c57752eb87.wav,3.5004375,1.1670005999912973,0.3333870694709725,الحمد لله رب العالمين,21,ok,
tarteel-ai/whisper-base-ar-quran,data\uploads\up_1_ayah\user_0863003ea1ac4792b15497b611b2eff3.wav,11.34,3.1800356000021566,0.2804264197532766,ان الذين كفروا سواء عليهموا اانذرتهم ام لم تنذرهم لا يوبدون,59,ok,
tarteel-ai/whisper-base-ar-quran,data\uploads\up_1_ayah\user_099d8c947d3f4df6910873656f58c20e.wav,11.52,3.1665375999873504,0.2748730555544575,ان الذين كفروا سواء عليم انذرتهموا ام لم تنذره ملا ومنون,56,ok,
tarteel-ai/whisper-base-ar-quran,data\uploads\up_1_ayah\user_0a370e79f5ee40e1b980c8f4830d7003.wav,3.5004375,1.134478100022534,0.3240960879954388,الحمد لله رب العالمين,21,ok,
tarteel-ai/whisper-base-ar-quran,data\uploads\up_1_ayah\user_0f07582d3afc401ebe3056a53bcb2c28.wav,7.32,1.069390899996506,0.14609165300498717,ولا انتم عابدون ما ابد,22,ok,
tarteel-ai/whisper-base-ar-quran,data\uploads\up_1_ayah\user_12f8020171194cad8dfe679164459b79.wav,11.7,3.3665856000152417,0.2877423589756617,ان الذين كفروا سواء عليهم وانت ارتضوا ام لم تنذرهم يا يوبعون,60,ok,
tarteel-ai/whisper-base-ar-quran,data\uploads\up_1_ayah\user_130e418160bc41c9b3788881e5e24eee.wav,3.5004375,1.0921528000035323,0.31200465656179616,الحمد لله رب العالمين,21,ok,
tarteel-ai/whisper-base-ar-quran,data\uploads\up_1_ayah\user_160fc54a4aee4b3e8fbf471e9a663c1b.wav,3.5004375,1.0656600999936927,0.3044362597514433,الحمد لله رب العالمين,21,ok,
tarteel-ai/whisper-base-ar-quran,data\uploads\up_1_ayah\user_17b53b4e8c3e4d4ba59089ec36d89861.wav,3.5004375,1.1827710999932606,0.3378923634526429,الحمد لله رب العالمين,21,ok,
tarteel-ai/whisper-base-ar-quran,data\uploads\up_1_ayah\user_22cf99906eef40d3ac1999621fe44e70.wav,7.5,1.0409577999962494,0.13879437333283326,ولا انتم عابدون ما ابد,22,ok,
tarteel-ai/whisper-base-ar-quran,data\uploads\up_1_ayah\user_22d710744a3a4bc0b589048f70d62dc5.wav,13.68,3.047300299978815,0.22275586988149232,ان الذين كفروا سواء عليهموا انذرتهم ام لم تنذرهم لا يوبدون,58,ok,
tarteel-ai/whisper-base-ar-quran,data\uploads\up_1_ayah\user_257eddfdc2324af2bd0abb2c5b948a4d.wav,5.28,0.6186787000042386,0.11717399621292397,الرحمن الرحيم,13,ok,
tarteel-ai/whisper-base-ar-quran,data\uploads\up_1_ayah\user_27db6da367a4423b9ef7b46b7cf328e3.wav,6.48,0.9996556999976747,0.15426785493791276,الحمد لله رب العالمين,21,ok,
tarteel-ai/whisper-base-ar-quran,data\uploads\up_1_ayah\user_2979716a2ffc4c4eb459ee45cfe1ba70.wav,3.5004375,1.1250083000049926,0.3213907690124428,الحمد لله رب العالمين,21,ok,
tarteel-ai/whisper-base-ar-quran,data\uploads\up_1_ayah\user_29909ad8eb2248cfb000f12e88121678.wav,6.9,1.2281228000065312,0.17798881159514943,ولا انتم عابدون ما ابد,22,ok,
tarteel-ai/whisper-base-ar-quran,data\uploads\up_1_ayah\user_315ecc7e916446e8ba9000cec1917413.wav,3.5004375,1.1412746999994852,0.3260377309977639,الحمد لله رب العالمين,21,ok,
tarteel-ai/whisper-base-ar-quran,data\uploads\up_1_ayah\user_369c06a5b198454ba9a31c88e2de74df.wav,12.12,3.198181799991289,0.26387638613789516,ان الذين كفروا سواء عليهم وانذرتهموا ام لم تنذرهم يؤمنون,56,ok,
tarteel-ai/whisper-base-ar-quran,data\uploads\up_1_ayah\user_3fb9d5c2edd34bbd990d437d38968c2e.wav,5.52,0.7586223999969661,0.13743159420234893,وما انتا بالماضر,16,ok,
tarteel-ai/whisper-base-ar-quran,data\uploads\up_1_ayah\user_3fef967749ed4e66abc24114bae88f27.wav,12.48,3.119533599994611,0.2499626282046964,ان الذين كفروا سواء عليهم عن برتهم ام لم تنذرهم لا يؤمنون,57,ok,
tarteel-ai/whisper-base-ar-quran,data\uploads\up_1_ayah\user_433c0f99571948bdbf8ba36a7af232c8.wav,14.58,3.3691274999873713,0.23107870370283753,ان الذين كفروا سواء عليهم انذرتهموا ام لم تنذرهم دا يوبدون,58,ok,
tarteel-ai/whisper-base-ar-quran,data\uploads\up_1_ayah\user_4a5e3fa063264582a9d44496af043a58.wav,4.02,0.7121610000031069,0.17715447761271316,ولا انت عابدنا,14,ok,
tarteel-ai/whisper-base-ar-quran,data\uploads\up_1_ayah\user_4fce2bc870504971bc8feddff1718cf6.wav,9.6,1.9083218000014313,0.19878352083348244,كافاري عينا صادا ذكر رحمت ربك عبده زكريا,40,ok,
tarteel-ai/whisper-base-ar-quran,data\uploads\up_1_ayah\user_504528112f574a808125add84138640b.wav,6.9,1.567967300012242,0.22724163768293362,بل الساعه مومئذهم والساعه ادي وغر,33,ok,
tarteel-ai/whisper-base-ar-quran,data\uploads\up_1_ayah\user_51eb14984432470db9d4c4b9ba7a8fd8.wav,9.84,1.0636248999799136,0.10809196138007253,ولا انتم عابدون ما اعبد,23,ok,
tarteel-ai/whisper-base-ar-quran,data\uploads\up_1_ayah\user_57576278687a43669f3825b4edd00e5f.wav,12.0,3.27162800001679,0.2726356666680658,ان الذين كفروا سواء عليهم ان ترتهموا ام لم تنذرهم يومنون,56,ok,
tarteel-ai/whisper-base-ar-quran,data\uploads\up_1_ayah\user_5d2b1f8210ec496a8245d770e675e3b0.wav,3.5004375,1.030156499997247,0.29429364186540885,الحمد لله رب العالمين,21,ok,
tarteel-ai/whisper-base-ar-quran,data\uploads\up_1_ayah\user_5d2f11aff02443aa8a3a0310a12bb80a.wav,10.08,2.2537635999906342,0.2235876587292296,ولولا اذ جنتك قلت ما شاء الله العقوه الا بالله,46,ok,
tarteel-ai/whisper-base-ar-quran,data\uploads\up_1_ayah\user_5df4f4c0bdcc44eba150ed4999ea81d1.wav,3.5004375,1.0753037999966182,0.3071912582346116,الحمد لله رب العالمين,21,ok,
tarteel-ai/whisper-base-ar-quran,data\uploads\up_1_ayah\user_624ff55ce1ac4e719b06ddce204f35a9.wav,8.04,0.9687960000010207,0.1204970149255001,ولا انتم عابدون ما ابد,22,ok,
tarteel-ai/whisper-base-ar-quran,data\uploads\up_1_ayah\user_63547fb7307a4444a0c6c2925f266fdf.wav,11.22,3.0334301999828313,0.27035919785943235,ان الذين كفروا سواء عليهم عن ذرجهموا ام لم تنذرهم يؤمنون,56,ok,
tarteel-ai/whisper-base-ar-quran,data\uploads\up_1_ayah\user_6e3de7acf08642258214d9f3935e3c63.wav,3.5004375,1.039638099988224,0.29700233184801156,الحمد لله رب العالمين,21,ok,
tarteel-ai/whisper-base-ar-quran,data\uploads\up_1_ayah\user_7255225f8d8240949d92f4a1733302f1.wav,3.5004375,1.0209161999810021,0.2916538861159504,الحمد لله رب العالمين,21,ok,
tarteel-ai/whisper-base-ar-quran,data\uploads\up_1_ayah\user_75c59742475b40fd9ed4c8339138dbb1.wav,6.66,1.3400804999982938,0.2012132882880321,ذكر رحمت ربك عبده زكريا,23,ok,
tarteel-ai/whisper-base-ar-quran,data\uploads\up_1_ayah\user_77805e8edef947cab0f4bda71072c3f6.wav,8.82,0.7994909000117332,0.0906452267586999,جاء ابد ما تعبدون,17,ok,
tarteel-ai/whisper-base-ar-quran,data\uploads\up_1_ayah\user_85b02ee75c454e77a3e26b77e8b7d4b4.wav,11.1,2.9585649999789894,0.26653738738549454,ان الذين كفروا سواء عليهم انذرتهموا ام لم تنذرهم ليوبدون,56,ok,
tarteel-ai/whisper-base-ar-quran,data\uploads\up_1_ayah\user_90c63facb45c4b10a8331fa56c3ce547.wav,3.5004375,1.026019599987194,0.29311181816192805,الحمد لله رب العالمين,21,ok,
tarteel-ai/whisper-base-ar-quran,data\uploads\up_1_ayah\user_94791e0ee5d34f2d9deb464d594d1ad1.wav,4.26,0.639683999994304,0.15016056337894462,وما انا عابد,12,ok,
tarteel-ai/whisper-base-ar-quran,data\uploads\up_1_ayah\user_95dff5f5e1104b3683326345d91c963c.wav,5.34,0.6791763999790419,0.1271865917563749,قل هو الله احد,14,ok,
tarteel-ai/whisper-base-ar-quran,data\uploads\up_1_ayah\user_9d8d26f6c41644fbac30fe547c59d0f0.wav,5.52,1.5586460000195075,0.28236340580063546,بل الساعه موعدهم والسيعه اتهي وامر,34,ok,
tarteel-ai/whisper-base-ar-quran,data\uploads\up_1_ayah\user_a5a17cb05b154c0bb130e7418102d661.wav,8.7,2.6490180999971926,0.3044848390801371,ولولا اذ دخلت جنتك قبت ما شاء الله لا قوه الا بالله,51,ok,
tarteel-ai/whisper-base-ar-quran,data\uploads\up_1_ayah\user_a5f26de421bb4f238041b95ce25a363d.wav,6.3,1.0212502999929711,0.16210322222110654,ولا انتم حابدون ما ابد,22,ok,
tarteel-ai/whisper-base-ar-quran,data\uploads\up_1_ayah\user_b44749b6c7274239ae0d213b1136c5ca.wav,4.7543125,1.1817119999905117,0.24855581116944073,ان ياك نعبد واياهنا استعين,26,ok,
tarteel-ai/whisper-base-ar-quran,data\uploads\up_1_ayah\user_b811d51822284464be0e84ce27814069.wav,6.9,1.340233700000681,0.1942367681160407,قيما لينذر باسا شديدا ملتنا,27,ok,
tarteel-ai/whisper-base-ar-quran,data\uploads\up_1_ayah\user_ba62c7efb9a04184b69afc7688d64bf6.wav,8.76,0.9641708999988623,0.11006517123274684,ولا انتم عابدون ما ابد,22,ok,
tarteel-ai/whisper-base-ar-quran,data\uploads\up_1_ayah\user_bd2021439c524b34bd18910be6e1ca15.wav,7.5,1.0848586999927647,0.14464782666570197,وما انا عابد ما تبدون,21,ok,
tarteel-ai/whisper-base-ar-quran,data\uploads\up_1_ayah\user_bd26dc48d4b74e49b16b71910e3b392e.wav,7.14,1.103848900005687,0.15460068627530632,ولا انتم عابدون ما ابد,22,ok,
tarteel-ai/whisper-base-ar-quran,data\uploads\up_1_ayah\user_bf5f5eaeb5704a98902e34d8e089fb80.wav,3.5004375,1.07027769999695,0.3057554091444141,الحمد لله رب العالمين,21,ok,
tarteel-ai/whisper-base-ar-quran,data\uploads\up_1_ayah\user_bf639e3e3b3e43fa957c24a5ed17cf59.wav,11.52,3.378728699986823,0.2932924218738562,ان الذين كفروا سواء عليهم اانذرتهموا ام لم تنذرهم يؤمنون,56,ok,
tarteel-ai/whisper-base-ar-quran,data\uploads\up_1_ayah\user_c0d77c4f3e7c4e8e959331287d6381f1.wav,6.12,1.0345734999864362,0.16904795751412358,ولا انتم حابدون ما اعبد,23,ok,
tarteel-ai/whisper-base-ar-quran,data\uploads\up_1_ayah\user_c80347b6d09d4cb184eb5dfa3a233dfe.wav,3.5004375,1.0157847999944352,0.2901879550754542,الحمد لله رب العالمين,21,ok,
tarteel-ai/whisper-base-ar-quran,data\uploads\up_1_ayah\user_cb5c05fd2e404d148337ab3977e1d8d9.wav,4.2,0.7279531999956816,0.17332219047516229,قل هو الله احد,14,ok,
tarteel-ai/whisper-base-ar-quran,data\uploads\up_1_ayah\user_d0fcd6393bec4133a57de32b89ebb118.wav,3.5004375,1.046116700017592,0.29885312907817724,الحمد لله رب العالمين,21,ok,
tarteel-ai/whisper-base-ar-quran,data\uploads\up_1_ayah\user_d88c6f6fc11a4046896d873116d257f0.wav,7.98,0.9564723999937996,0.11985869674107764,ولا انتم حابتون ما ابد,22,ok,
tarteel-ai/whisper-base-ar-quran,data\uploads\up_1_ayah\user_dec65ee882ad4d379baed258c99921d8.wav,3.84,0.6545016000163741,0.17044312500426412,قل هو الله احد,14,ok,
tarteel-ai/whisper-base-ar-quran,data\uploads\up_1_ayah\user_e02c3a3bfc8c45d9839e428f5f6183c7.wav,3.5004375,1.043674300017301,0.29815538772433475,الحمد لله رب العالمين,21,ok,
tarteel-ai/whisper-base-ar-quran,data\uploads\up_1_ayah\user_e5aa7454add54248acf9d04993a52bc5.wav,16.14,2.648435899987817,0.16409144361758468,قل هو الله احد اوله الصمد لم يلد ولم,36,ok,
tarteel-ai/whisper-base-ar-quran,data\uploads\up_1_ayah\user_e823f04c95314192bf8d3187ab125a7b.wav,6.9,1.3287286999984644,0.19256937681137165,فذكر رحمت ربك عبده زكريا,24,ok,
tarteel-ai/whisper-base-ar-quran,data\uploads\up_1_ayah\user_eb55dff40ba048c1b8b042cd8c2c709b.wav,4.08,0.7036927999870386,0.17247372548701925,قل هو الله احد,14,ok,
tarteel-ai/whisper-base-ar-quran,data\uploads\up_1_ayah\user_ed44f59895314905874d52cd16f96828.wav,10.14,1.970893999998225,0.19436824457576182,كافهايا عين صغاد ذكر رحمت ربك عبده زكريا,40,ok,
tarteel-ai/whisper-base-ar-quran,data\uploads\up_1_ayah\user_efc64b59d7934b0dbd916de09d7ed5da.wav,5.16,1.2464334999967832,0.24155687984433782,ما لهم به من علم ولا لابائهم,28,ok,
tarteel-ai/whisper-base-ar-quran,data\uploads\up_1_ayah\user_f014083640bf416384030223b4238d51.wav,7.26,0.9685603999823797,0.13341052341355095,ولا انتم عابدون ما ابد,22,ok,
tarteel-ai/whisper-base-ar-quran,data\uploads\up_1_ayah\user_f46474fbbded4bd5a1d6d5a1a3df8cb7.wav,12.66,3.0957735999836586,0.24453187993551806,ان الذين كفروا سواء عليهمو اانذرتهموا املمتم ذرهم لا يوبدون,59,ok,
tarteel-ai/whisper-base-ar-quran,data\uploads\up_1_ayah\user_f8cb17b700694a0b9e874cbfe96448b8.wav,4.86,0.6227765000076033,0.12814331275876611,الرحمن الرحيم,13,ok,
tarteel-ai/whisper-base-ar-quran,data\uploads\up_1_ayah\user_f9438b47cac04fbbbc68b299713a46dd.wav,5.4,0.4913149999920279,0.09098425925778293,من عالمين,9,ok,
tarteel-ai/whisper-base-ar-quran,data\uploads\up_1_ayah\user_f972707f6a504012a21787110cd56b3f.wav,11.52,3.028015999996569,0.2628486111108133,ان الذين كفروا سواء عليهموا انذرته ام لم تنذروا ما يؤمنون,57,ok,
tarteel-ai/whisper-base-ar-quran,data\uploads\up_1_ayah\user_fc2919227a4a48f58a72acddd66cf647.wav,8.22,1.1511405000055674,0.14004142335834152,ولا انتم عابدون ما ابد,22,ok,
tarteel-ai/whisper-base-ar-quran,data\uploads\user_010ea2e45774412abc851fe43b40a35b.wav,44.7,2.6722956000012346,0.059782899328886675,الحمد لله رب العلم اليوم الدين ايا اتمد اياء مستعين,51,ok,
tarteel-ai/whisper-base-ar-quran,data\uploads\user_0150e1fdf264471abebf6bd547f4ea06.wav,31.5,11.173044199997094,0.3546998158729236,المر ذلك الكتاب لا ريب في هدي للمتقين الذين يؤمنون بالغيم ويقيمون الصلاه ومما رزقناهم ينفقون والذين يؤمنون بما انزل اذا اليه وما من زلم القبل فو,144,ok,
tarteel-ai/whisper-base-ar-quran,data\uploads\user_05e371d92eed47babcbe42efde1265c9.wav,21.24,6.347982000006596,0.2988692090398586,المسلمين ذلك الكتاب لا ريب فيه هدي للمتقين الذين يؤمنون بالعيد ويقيمون الصلاه ومما عزقناهم ينفقون,97,ok,
tarteel-ai/whisper-base-ar-quran,data\uploads\user_073f9aeeade04103a943757ec667572f.wav,5.1,0.8356234999955632,0.16384774509716926,قل يا ايها الكافرون,19,ok,
tarteel-ai/whisper-base-ar-quran,data\uploads\user_0bed53fd663d45db8fe11a07d817f09a.wav,39.42,7.754238299996359,0.1967082267883399,الحمد لله رب العالمين والرحمن الرحيم ملك يوم الدين اياك نعبد وايا كان السعير اهدنا الصراط المستقيم,98,ok,
tarteel-ai/whisper-base-ar-quran,data\uploads\user_0c08d8a2c5c340e4937838bee026063d.wav,18.78,5.807791200000793,0.3092540575080294,المر ذلك الكتاب لا ريب في يبل المتقين الذين يؤمنون بالغيظ ويقم والنصراه ومما نزقناهم ينفقون,91,ok,
tarteel-ai/whisper-base-ar-quran,data\uploads\user_0f62d180ba6b47baacef7a527326a02b.wav,34.38,7.042092799994862,0.204831087841619,الحمد لله رب العالمين,21,ok,
tarteel-ai/whisper-base-ar-quran,data\uploads\user_10bfd7544c5348cf8a1138690e6e22bf.wav,45.3,10.801535300008254,0.23844448785890188,الر كلفلام من ذلك الكتاب لا ريب فيه هدي للمتقين الذين يؤمنون بالغير ويقيمون الصلاه ومما نزقناهم ينفقون والتي لؤمنين,115,ok,
tarteel-ai/whisper-base-ar-quran,data\uploads\user_12ab187cacc6421fadf7122f134e96d9.wav,39.42,7.717199700011406,0.1957686377476257,الحمد لله رب العالمين والرحمن الرحيم ملك يوم الدين اياك نعبد وايا كان السعير اهدنا الصراط المستقيم,98,ok,
tarteel-ai/whisper-base-ar-quran,data\uploads\user_140b3596cd7c419aa475bf4d2f63607b.wav,13.8,5.409793200000422,0.39201400000003056,الر كلفلامهم كذلك الكتاب لا ريب فيه هدي للمتقيم الذين يؤمن لبعين ويقيمون الصلاه ومم ارزقناهم,92,ok,
tarteel-ai/whisper-base-ar-quran,data\uploads\user_14cc5a4fa4eb44caa6c21cf8e3888949.wav,17.4,5.493063100002473,0.3156932816093376,الر كتاب لا ريب فيه هدي للمتقين الذين يؤمنون بالغير ويقيمون الصلاه ومما نزقناهم ينفقون,86,ok,
tarteel-ai/whisper-base-ar-quran,data\uploads\user_153f566cbd834442804047bd0721d2e2.wav,17.52,5.158988999988651,0.2944628424651057,الر كتاب لا ريب في هدي للمتقين الذين يؤمنون بالغبر ويقيمون الصلاه ومما نزقناهم ينفقون,85,ok,
tarteel-ai/whisper-base-ar-quran,data\uploads\user_16a82f0c6b5b4322b3a663bae910db56.wav,21.0,5.667454000009457,0.2698787619052122,المر ذلك الكتاب لا ريب فيه هدي للمتقين الذين يؤمنون بالغير ويقيمون الصراه ومما عزقناهم ينفقون,93,ok,
tarteel-ai/whisper-base-ar-quran,data\uploads\user_19df382adc6c48a3818ed3aeb2d05fcf.wav,44.7,2.6962697000126354,0.06031923266247506,الحمد لله رب العلم اليوم الدين ايا اتمد اياء مستعين,51,ok,
tarteel-ai/whisper-base-ar-quran,data\uploads\user_1ca47a92cdb34b879bacdfd19c277387.wav,39.36,11.601091699994868,0.29474318343482897,الر كلفلامهم ذلك الكتاب لا ريب فيه هدي للمتقين الذين يؤمنون بالعبل ويقيمون الصلاه ومما عزقناهم ينفقون,101,ok,
tarteel-ai/whisper-base-ar-quran,data\uploads\user_28c1f3aa129049199599cb1530bac0f2.wav,18.0,5.151485999987926,0.2861936666659959,المر كذلك الكتم عبتي هدي للمتقين الذين يؤمنون بالغيب ويقيمون الصراه ومما رزقناهم ينفقون,87,ok,
tarteel-ai/whisper-base-ar-quran,data\uploads\user_28fb6ec8a63f406c88c52e9fa0d0bec2.wav,30.84,11.425073700025678,0.3704628307401322,المر تلفلامي مدلك الكتاب لا ريب في هدي للمتقين الذين يؤمنون بالعبل وقهمون الصلاه ومم رزقنهم ينفقون والذين يؤمن بما انزل اذكري انزل من قبل,137,ok,
tarteel-ai/whisper-base-ar-quran,data\uploads\user_2a46d75fae4841ea9f27d96279315b45.wav,3.6,0.3997390999866184,0.11103863888517176,الم,3,ok,
tarteel-ai/whisper-base-ar-quran,data\uploads\user_2f56f607c60d4e50a4c7bc5e4d48ad1a.wav,16.26,4.534533099998953,0.2788765744156797,الر كتاب لا رب في هدي للمتقين الذين يؤمنون بالغيب ويقيمون الصلاه ومما رزقناهم ينفقون,84,ok,
tarteel-ai/whisper-base-ar-quran,data\uploads\user_2f7da1249d4b4cfebcb1b36d386ba1cd.wav,37.68,12.069299900002079,0.32031050690026747,الر كلسلامهم ذلك الكتاب لا ريب فيه هدي للمتقين الذين يؤمنون بالعبد ويقيمون الصلاه ومما ازقناهم ينفقون والذين يؤمنون بما انزل اليك وكانا من قب,141,ok,
tarteel-ai/whisper-base-ar-quran,data\uploads\user_32b01be596a2423f96937137745b4228.wav,36.48,9.175852999993367,0.2515310581138533,الحمد لله رب العالمين والرحمن الرحيم مالك يوم الدين اياك نعبد واياهنا استعين اهدنا الصراط المستقيم سرط الذين انعمت عليهم غير,124,ok,
tarteel-ai/whisper-base-ar-quran,data\uploads\user_32fea45f950a4a928ca3a8d7ec92aca5.wav,39.42,7.2988100000075065,0.18515499746340705,الحمد لله رب العالمين والرحمن الرحيم ملك يوم الدين اياك نعبد وايا كان السعير اهدنا الصراط المستقيم,98,ok,
tarteel-ai/whisper-base-ar-quran,data\uploads\user_36bda2780c8a488f9ef1ade790301280.wav,10.56,0.9505628999904729,0.09001542613546144,الحمد لله ربل عالمين,20,ok,
tarteel-ai/whisper-base-ar-quran,data\uploads\user_376dce11b8c6406f899f7e824bc78f18.wav,39.42,7.27894550000201,0.18465107813297843,الحمد لله رب العالمين والرحمن الرحيم ملك يوم الدين اياك نعبد وايا كان السعير اهدنا الصراط المستقيم,98,ok,
tarteel-ai/whisper-base-ar-quran,data\uploads\user_3c2c32cdce1a4ce48ce5596cd79a1687.wav,34.44,11.195979000010993,0.32508649825815894,الر كلفلامهم ذلك الكتاب لا ريب في هدي للمتقين الذين يؤمنون بالعبد العقيم والصلاه ومما يرزعناهم ينفقون والذين يومهم بما انزل اليك وباع زلم ال,140,ok,
tarteel-ai/whisper-base-ar-quran,data\uploads\user_4c585f860ccf4b5fac45ed948c415066.wav,16.38,6.334822800010443,0.3867413186819562,الر كلفتاني ذلك الكتاب لا ريب في هدي للمتقين الذين يؤمنون بالغيظ ويقيمون الصلاه ومم علزقناهم ينفقون,99,ok,
tarteel-ai/whisper-base-ar-quran,data\uploads\user_4cb2d81dfe43491e9532056a4169f59e.wav,15.42,5.625622799998382,0.3648263813228523,الر كليم ذلك الكتاب لا ريب في هدي للمتقين الذين يؤمنون بالهيم ويقمون الصلاه ومما رزقناهم ينفقون,95,ok,
tarteel-ai/whisper-base-ar-quran,data\uploads\user_4ee9685a0c2d4f8d9b9e49983e5b737c.wav,39.72,11.244799000007333,0.2831016868078382,المر ذلك الكتاب لا ريب فيهم تقيم الذين يؤمنون بالعبد ويقيمون الصلاه ومما ازقناهم ينفقون والذين يؤمنوا لهم بما انزل اليك ولك من قربيق وبداخره ام,143,ok,
tarteel-ai/whisper-base-ar-quran,data\uploads\user_4fdd1fdb18694844a382c6ee718929da.wav,40.32,12.548522199998843,0.3112232688491776,المر ذلك الكتاب لا ريب فيه هدي للمتقين الذين يؤمنون بالغير ويقيمون الصلاه ومما نزقناهم ينفقون والذين يوم النبماء ما انزل اليك وكما ان�ل من قبلك,143,ok,
tarteel-ai/whisper-base-ar-quran,data\uploads\user_538bf9826ba5403f9790a437aa771e16.wav,34.44,12.41514600001392,0.3604862369342021,الر كلفلامهم ذلك الكتاب لا ريب في هدي للمتقين الذين يؤمنون بالعبد ويقيمون الصلاه ومما نزقناهم ينفقون والذين هم لمن بما انزل اليك وكفر من قب,139,ok,
tarteel-ai/whisper-base-ar-quran,data\uploads\user_5441c14ba6344179b291f3d0c78dc264.wav,28.56,9.602066200022819,0.33620679972068696,الحمد لله رب العالمين الرحمن رحيم ذلك يوم الدين اياك نعبد واياك السعير يدنصر وضر سقيم شراط الذين نمت عليهم غير المطبع لي مرطارين,128,ok,
tarteel-ai/whisper-base-ar-quran,data\uploads\user_61cdcdaa87eb4d83af34df6280b042bf.wav,7.8,1.4691219000087585,0.18834896153958444,المر ذلك الكتاب لا ريب فيه اذل المتقين,38,ok,
tarteel-ai/whisper-base-ar-quran,data\uploads\user_64a62bd456da4b6b840590b70eabc2dd.wav,17.94,5.903392799984431,0.32906314381184115,الر كتلا من ذلك الكتاب لا ريب فيه دل المتقين الذين يؤمنون بالعيد ويقيمون الصماه ومما لزغناهم ينفقون,99,ok,
tarteel-ai/whisper-base-ar-quran,data\uploads\user_661fe355a9524f0b85e68cb23343e5bf.wav,6.6,0.9610629999951925,0.14561560605987767,ولا انتم عابدون ما ابد,22,ok,
tarteel-ai/whisper-base-ar-quran,data\uploads\user_6b87342b6b0e41a0871d8f77711f844e.wav,40.2,5.684232500003418,0.14139881840804522,الحمد لله رب العالمين,21,ok,
tarteel-ai/whisper-base-ar-quran,data\uploads\user_6ccbdac702be4dbcb9236d631cf625d6.wav,34.26,10.040873699996155,0.29307862521880196,الر كلفلامهم ذلك الكتاب لا ريب فيه هدي للمتقين الذين يؤمنون بالغيب ويحيمون الصلاه ومما نزقناهم ينفقون والذي لعمين بما انزل اليك وكبير,133,ok,
tarteel-ai/whisper-base-ar-quran,data\uploads\user_756fc1a0e110499c9e2085b269f2c0af.wav,42.66,5.589255600003526,0.13101864978911218,الحمد لله رب العالمين والرحمن الرحيم ملك يوم الدين اياك نعبد وايا كنا السعير اهدي الصراط المستقيم,97,ok,
tarteel-ai/whisper-base-ar-quran,data\uploads\user_797063addc5f4de589a44aba3b26fa94.wav,43.26,11.391419099993072,0.2633245284325722,الر كلفلامهم ذلك الكتاب لعريب في هدي للمتقين الذين يؤمنون بالغير ويقيمون الصلاه ومما رزقناهم ينفقون والذين يؤمنون بما انزل اليك ولك من عظيم,139,ok,
tarteel-ai/whisper-base-ar-quran,data\uploads\user_7a5add68ac034563a991015a28f6f0d7.wav,33.6,11.65883660002146,0.34698918452444816,الحمد لله رب العالمين الرحمن الرحيم ملك يوم الدين اياك نعبد واياك للسعين ان ذرصرات المستقيم صراط الذين انت عليهم غجر المغضوب عليه ورقا,134,ok,
tarteel-ai/whisper-base-ar-quran,data\uploads\user_7c619fc776f44f8c8449dcb29c4d8851.wav,34.32,11.07471740001347,0.32268990093279337,الحمد لله رب العالمين الرحمن الرحيم منك يوم الدين اياك نعبد واياك مستعين اهدنا الصراط المستقيم صرط الذين انعمت عليهم غير المغضوب عليم ولا الطال,143,ok,
tarteel-ai/whisper-base-ar-quran,data\uploads\user_7fc12d8ad29f41199c8282f8c3daabc0.wav,4.44,0.20125119999283925,0.04532684684523406,الم,3,ok,
tarteel-ai/whisper-base-ar-quran,data\uploads\user_80d7a099719e4c3e8bb9b262ef87b399.wav,28.74,9.75740910001332,0.33950623173324007,الحمد لله رب العالمين الرحمن الر حين ملك يوم الدين اياك نعبد وياهن السعير اهدي الصراط المستقيم صرطن ذنا نمت عليم غير المغض عليهم والطالين,137,ok,
tarteel-ai/whisper-base-ar-quran,data\uploads\user_82f3fad1cb9844c89c8e73ac9e0f75d7.wav,12.84,1.4352169000194408,0.11177701713547047,المر ذلك الكتاب لا ريب في هدي للمتقين,37,ok,
tarteel-ai/whisper-base-ar-quran,data\uploads\user_86f8420925ff4c1abf256d63f366315a.wav,3.0,0.23582650002208538,0.07860883334069513,الم,3,ok,
tarteel-ai/whisper-base-ar-quran,data\uploads\user_903a00606b734faa8a92068465b9ebf3.wav,40.2,5.515119199990295,0.1371920199002561,الحمد لله رب العالمين,21,ok,
tarteel-ai/whisper-base-ar-quran,data\uploads\user_9115069d6f0c48a8a312dddf09d0c142.wav,16.38,5.054761200008215,0.30859347985398144,المر ذلك الكتاب لا ريب فيه هدي للمتقين الذين يؤمنون بالغير ويقيمون الصلاه ومما لزغناهم ينفقون,93,ok,
tarteel-ai/whisper-base-ar-quran,data\uploads\user_9cafdbcf709940d1a422dd612d33c714.wav,16.62,4.131585399998585,0.24859117930196056,الر كتاب عليه هدي للمتقين الذين يؤمنون بالغيب ويقيمون الصلاه ومما رزقناهم ينفقون,80,ok,
tarteel-ai/whisper-base-ar-quran,data\uploads\user_9dad0550fda74d51a3b34cabfe4f84f5.wav,35.46,5.146209600003203,0.1451271742809702,الحمد لله رب العالمين الرحمن الر حين مالك يوم الدين اياك نعبد وايا كنستعين,74,ok,
tarteel-ai/whisper-base-ar-quran,data\uploads\user_a91a31dfbfda4e3188d6e9d86a7d7def.wav,17.52,4.6960317000048235,0.2680383390413712,الر كتاب عرب في هدي للمتقين الذين يؤمنون بالغيب ويقيمون الصلاه ومما رزقناهم ينفقون,82,ok,
tarteel-ai/whisper-base-ar-quran,data\uploads\user_ad3f7df582ee4bd3bedb9eac16cfd897.wav,17.16,4.638168400007999,0.2702895337999999,المر ذلك الكتاب لا ريب في هدي للمتقين الذين يؤمنون بالعب ويقيمون الصلاه ومم مرزقناهم ينفقون,91,ok,
tarteel-ai/whisper-base-ar-quran,data\uploads\user_b17c310f031a4e3baa1d4fd41cfd6171.wav,17.82,4.86266370001249,0.2728767508424517,الر كتاب عليه هدي للمتقين الذين يؤمنون بالغيب ويقيمون الصلاه ومما رزقناهم ينفقون,80,ok,
tarteel-ai/whisper-base-ar-quran,data\uploads\user_b2a83a09e012434b99c1618f17dd7dbb.wav,17.4,5.381180500000482,0.3092632471264645,المر ذلك الكتاب لا ريب فيه هدي للمتقين الذين يؤمنون بالغير ويقيمون الصلاه ومما عزقناهم ينفقون,93,ok,
tarteel-ai/whisper-base-ar-quran,data\uploads\user_b4f9d0dae5494de08eb78b92bc9cd691.wav,18.9,4.585127099999227,0.24259931746027655,الر كذب فيه هدي للمتقين الذين يؤمنون بالغيب ويقيمون الصلاه ومما رزقناهم ينفقون,78,ok,
tarteel-ai/whisper-base-ar-quran,data\uploads\user_bac7859cc08a4c3abeab7cc889350d7c.wav,19.14,5.294163499987917,0.27660206374022556,المر كذلك الكتاب لا ريب فيه هدي للمتقين الذين يؤمنون بالغيظ ويقيمون الصراه ومما نزقناهم ينفقون,94,ok,
tarteel-ai/whisper-base-ar-quran,data\uploads\user_be8667796a874785b5299a3ee534bfef.wav,24.06,5.887577299989061,0.2447039609305512,المر ذلك الكتاب لا ريب فيه هدي للمتقين الذين يؤمنون بالغيب ويقيمون الصلاه ومما نزقناهم ينفقون,93,ok,
tarteel-ai/whisper-base-ar-quran,data\uploads\user_c16e9c99d93a474fbf3bf021a717c586.wav,39.42,7.259839000005741,0.18416638762064283,الحمد لله رب العالمين والرحمن الرحيم ملك يوم الدين اياك نعبد وايا كان السعير اهدنا الصراط المستقيم,98,ok,
tarteel-ai/whisper-base-ar-quran,data\uploads\user_c41c197221e04ae39c064525cd753bbe.wav,17.7,5.1232803000020795,0.28945086440689716,المر ذلك الكتاب لعريب فيه هدي للمتقين الذين يؤمنون بالغيظ ويقيمون الصلاه ومما زقناهم ينفقون,91,ok,
tarteel-ai/whisper-base-ar-quran,data\uploads\user_d0f6199fa6a24c17b44faf9a1015746c.wav,44.04,9.985396500007482,0.22673470708463855,المر ذلك الكتاب لا ريب فيه هدي للمتقين الذين يؤمنون بالعيد ويقيمون الصلاه ومما رزقناهم ينفقون والذين يؤمنوا لبما انزل اليك عميا زلمين,133,ok,
tarteel-ai/whisper-base-ar-quran,data\uploads\user_d2365a6e0287446da76c6ef86020f70b.wav,56.28,7.482020499999635,0.13294279495379593,الر كذلك الكتاب لا ريب في هدي للمتقين الذين يؤمنون بالغير ويوقيبون الصلاه ومما نزقناهم ينفقون,93,ok,
tarteel-ai/whisper-base-ar-quran,data\uploads\user_e1ab731b3e5849e2ba2633f2387d1590.wav,42.66,5.63988750000135,0.1322055203938432,الحمد لله رب العالمين والرحمن الرحيم ملك يوم الدين اياك نعبد وايا كنا السعير اهدي الصراط المستقيم,97,ok,
tarteel-ai/whisper-base-ar-quran,data\uploads\user_e317f16ebe734d2ebfc89f43239bfba3.wav,18.66,4.641494399984367,0.24874032154257059,المر ذلك الكتاب لا ريب فيه خذا للمتقين الذين يؤمنون بالغيب ويقيما ومما سغناهم ينفقون,84,ok,
tarteel-ai/whisper-base-ar-quran,data\uploads\user_e41b3700646140dda067a526d8cc614a.wav,14.52,4.6834235999849625,0.32254983470970816,الر كتاب اريب في هدي للمتقين الذين يؤمنون بالعبوق واقيمون الصلاه ومم عسيناهم ينفقون,83,ok,
tarteel-ai/whisper-base-ar-quran,data\uploads\user_ed2721c8d0e74a3eb6ca21aa1ab7a3e9.wav,30.18,10.009650299994973,0.33166501988054914,الحمد لله رب العالمين,21,ok,
tarteel-ai/whisper-base-ar-quran,data\uploads\user_ed87da28ee4245fd8ec6a0c1c7a83126.wav,18.0,5.318677600007504,0.29548208888930577,المر ذلك الكتاب لا ريب فيه يذل المتقين الذين يؤمنون بالغيب ويقيمون الصلاه ومما ارزقناهم ينفقون,94,ok,
tarteel-ai/whisper-base-ar-quran,data\uploads\user_f3e3ca728f634337af1cfafe34c6ac6f.wav,7.86,1.2240460999892093,0.1557310559782709,الر كتاب عريب في هدي للمتقين,28,ok,
tarteel-ai/whisper-base-ar-quran,data\uploads\user_f96c795b03364eec9b79db01e1fd734d.wav,28.68,0.535035799985053,0.018655362621515098,والمؤمنين,9,ok,
tarteel-ai/whisper-base-ar-quran,data\uploads\user_fb811f48e9e64a17aa7e5885cf03b5c1.wav,32.4,9.954376199981198,0.307233833332753,الحمد لله رب العالمين والرحمن الرحيم ملك يوم الدين اياك نعبد واياك لسعين يهدن الصراط المستقيم بالعمد عنهم غير المغض عليهم ولا الطاق,131,ok,
tarteel-ai/whisper-base-ar-quran,data\uploads\user_fcdf07de24cd482c86ebbd90f47d5b26.wav,40.2,5.596848299988778,0.1392250820892731,الحمد لله رب العالمين,21,ok,
tarteel-ai/whisper-base-ar-quran,data\uploads\user_ff8c3b01487341758e92bfee1195c0ab.wav,3.66,0.21442030000616796,0.05858478142245026,الم,3,ok,
IJyad/whisper-large-v3-Tarteel,data\uploads\segments\sweep_db30_sil025_segment_001.wav,0.737,5.587378800002625,7.581246675715909,موسيقي,6,ok,
IJyad/whisper-large-v3-Tarteel,data\uploads\segments\sweep_db30_sil025_segment_002.wav,4.711,5.153058200026862,1.0938353215934753,الحمد لله رب العالمين,21,ok,
IJyad/whisper-large-v3-Tarteel,data\uploads\segments\sweep_db30_sil025_segment_003.wav,3.885,3.457903800008353,0.8900653281874783,الرحمن الرحيم,13,ok,
IJyad/whisper-large-v3-Tarteel,data\uploads\segments\sweep_db30_sil025_segment_004.wav,3.461,3.867205299990019,1.117366454778971,ملك يوم الدين,13,ok,
IJyad/whisper-large-v3-Tarteel,data\uploads\segments\sweep_db30_sil025_segment_005.wav,4.907,10.93961830000626,2.229390319952366,ان يك نعبد وان الذين يستعينون,29,ok,
IJyad/whisper-large-v3-Tarteel,data\uploads\segments\sweep_db30_sil025_segment_006.wav,6.642,14.197588800016092,2.137547244808204,اهدنا الصراطه المستقيمه صرط الذين انعمت عليهم,45,ok,
IJyad/whisper-large-v3-Tarteel,data\uploads\segments\sweep_db30_sil025_segment_007.wav,3.558,3.8451626999885775,1.080709021919218,غير المغضوب عليهم وللطهرين,26,ok,
IJyad/whisper-large-v3-Tarteel,data\uploads\segments\sweep_db30_sil025_segment_008.wav,4.079,2.0458681999880355,0.5015612159813767,فاللين,6,ok,
IJyad/whisper-large-v3-Tarteel,data\uploads\segments\sweep_db30_sil025_segment_009.wav,0.72,2.04867170000216,2.845377361114111,شكرا,4,ok,
IJyad/whisper-large-v3-Tarteel,data\uploads\segments\sweep_db30_sil035_segment_001.wav,0.737,4.848718699999154,6.578994165534808,موسيقي,6,ok,
IJyad/whisper-large-v3-Tarteel,data\uploads\segments\sweep_db30_sil035_segment_002.wav,4.711,5.057396499993047,1.0735292931422302,الحمد لله رب العالمين,21,ok,
IJyad/whisper-large-v3-Tarteel,data\uploads\segments\sweep_db30_sil035_segment_003.wav,3.885,3.450745599984657,0.8882228056588565,الرحمن الرحيم,13,ok,
IJyad/whisper-large-v3-Tarteel,data\uploads\segments\sweep_db30_sil035_segment_004.wav,3.461,3.8521271999925375,1.1130098815349718,ملك يوم الدين,13,ok,
IJyad/whisper-large-v3-Tarteel,data\uploads\segments\sweep_db30_sil035_segment_005.wav,4.907,10.67805670000962,2.1760865498287383,ان يك نعبد وان الذين يستعينون,29,ok,
IJyad/whisper-large-v3-Tarteel,data\uploads\segments\sweep_db30_sil035_segment_006.wav,6.642,14.203304099995876,2.1384077235766146,اهدنا الصراطه المستقيمه صرط الذين انعمت عليهم,45,ok,
IJyad/whisper-large-v3-Tarteel,data\uploads\segments\sweep_db30_sil035_segment_007.wav,3.558,3.8496755000087433,1.0819773749321933,غير المغضوب عليهم وللطهرين,26,ok,
IJyad/whisper-large-v3-Tarteel,data\uploads\segments\sweep_db30_sil035_segment_008.wav,4.079,2.0509269000031054,0.5028013974020852,فاللين,6,ok,
IJyad/whisper-large-v3-Tarteel,data\uploads\segments\sweep_db30_sil035_segment_009.wav,0.72,2.050875399989309,2.848438055540707,شكرا,4,ok,
IJyad/whisper-large-v3-Tarteel,data\uploads\segments\sweep_db30_sil05_segment_001.wav,0.737,4.847296000021743,6.577063772078349,موسيقي,6,ok,
IJyad/whisper-large-v3-Tarteel,data\uploads\segments\sweep_db30_sil05_segment_002.wav,4.711,5.049551300005987,1.0718639991521943,الحمد لله رب العالمين,21,ok,
IJyad/whisper-large-v3-Tarteel,data\uploads\segments\sweep_db30_sil05_segment_003.wav,3.885,3.44754200000898,0.8873981982005097,الرحمن الرحيم,13,ok,
IJyad/whisper-large-v3-Tarteel,data\uploads\segments\sweep_db30_sil05_segment_004.wav,3.461,3.847730200010119,1.1117394394712856,ملك يوم الدين,13,ok,
IJyad/whisper-large-v3-Tarteel,data\uploads\segments\sweep_db30_sil05_segment_005.wav,4.907,10.677962399990065,2.176067332380286,ان يك نعبد وان الذين يستعينون,29,ok,
IJyad/whisper-large-v3-Tarteel,data\uploads\segments\sweep_db30_sil05_segment_006.wav,6.642,14.200522800005274,2.1379889792239193,اهدنا الصراطه المستقيمه صرط الذين انعمت عليهم,45,ok,
IJyad/whisper-large-v3-Tarteel,data\uploads\segments\sweep_db30_sil05_segment_007.wav,7.637,3.652707700006431,0.47829091266288215,غير المغضوب عليهم ولا الطالين,29,ok,
IJyad/whisper-large-v3-Tarteel,data\uploads\segments\sweep_db30_sil05_segment_008.wav,0.72,2.0543027999810874,2.853198333307066,شكرا,4,ok,
IJyad/whisper-large-v3-Tarteel,data\uploads\segments\sweep_db35_sil025_segment_001.wav,0.735,4.8503510000009555,6.599117006804021,موسيقي,6,ok,
IJyad/whisper-large-v3-Tarteel,data\uploads\segments\sweep_db35_sil025_segment_002.wav,4.715,5.055485399992904,1.0722132343569255,الحمد لله رب العالمين,21,ok,
IJyad/whisper-large-v3-Tarteel,data\uploads\segments\sweep_db35_sil025_segment_003.wav,3.89,3.448010799998883,0.8863780976860882,الرحمن الرحيم,13,ok,
IJyad/whisper-large-v3-Tarteel,data\uploads\segments\sweep_db35_sil025_segment_004.wav,3.461,2.6497654000122566,0.7656068766287942,ملك يوم الدين,13,ok,
IJyad/whisper-large-v3-Tarteel,data\uploads\segments\sweep_db35_sil025_segment_005.wav,4.903,11.715885500016157,2.3895340607824105,ان يك نعبد وان الذين يستعينون,29,ok,
IJyad/whisper-large-v3-Tarteel,data\uploads\segments\sweep_db35_sil025_segment_006.wav,6.642,14.284319700003834,2.150605194219186,اهدنا الصراطه المستقيمه صرط الذين انعمت عليهم,45,ok,
IJyad/whisper-large-v3-Tarteel,data\uploads\segments\sweep_db35_sil025_segment_007.wav,3.529,3.876094799983548,1.0983550014121701,غير المغضوب عليهم وللطهرين,26,ok,
IJyad/whisper-large-v3-Tarteel,data\uploads\segments\sweep_db35_sil025_segment_008.wav,4.109,2.2658687999937683,0.5514404477960011,فاللين,6,ok,
IJyad/whisper-large-v3-Tarteel,data\uploads\segments\sweep_db35_sil025_segment_009.wav,0.716,2.2615889000007883,3.1586437150849,شكرا,4,ok,
IJyad/whisper-large-v3-Tarteel,data\uploads\segments\sweep_db35_sil035_segment_001.wav,0.735,4.890218399988953,6.653358367331909,موسيقي,6,ok,
IJyad/whisper-large-v3-Tarteel,data\uploads\segments\sweep_db35_sil035_segment_002.wav,4.715,5.08733619999839,1.0789684411449396,الحمد لله رب العالمين,21,ok,
IJyad/whisper-large-v3-Tarteel,data\uploads\segments\sweep_db35_sil035_segment_003.wav,3.89,3.446681900008116,0.8860364781511866,الرحمن الرحيم,13,ok,
IJyad/whisper-large-v3-Tarteel,data\uploads\segments\sweep_db35_sil035_segment_004.wav,3.461,2.707155200012494,0.782188731584078,ملك يوم الدين,13,ok,
IJyad/whisper-large-v3-Tarteel,data\uploads\segments\sweep_db35_sil035_segment_005.wav,4.903,12.092681399983121,2.466384132160539,ان يك نعبد وان الذين يستعينون,29,ok,
IJyad/whisper-large-v3-Tarteel,data\uploads\segments\sweep_db35_sil035_segment_006.wav,6.642,14.769844299997203,2.2237043510986454,اهدنا الصراطه المستقيمه صرط الذين انعمت عليهم,45,ok,
IJyad/whisper-large-v3-Tarteel,data\uploads\segments\sweep_db35_sil035_segment_007.wav,7.638,3.9407097999937832,0.5159347735001025,غير المغضوب عليهم ولا الطالين,29,ok,
IJyad/whisper-large-v3-Tarteel,data\uploads\segments\sweep_db35_sil035_segment_008.wav,0.716,2.4336325000040233,3.3989280726313176,شكرا,4,ok,
IJyad/whisper-large-v3-Tarteel,data\uploads\segments\sweep_db35_sil05_segment_001.wav,0.735,4.947822000016458,6.73173061226729,موسيقي,6,ok,
IJyad/whisper-large-v3-Tarteel,data\uploads\segments\sweep_db35_sil05_segment_002.wav,4.715,5.116754199989373,1.0852076776223485,الحمد لله رب العالمين,21,ok,
IJyad/whisper-large-v3-Tarteel,data\uploads\segments\sweep_db35_sil05_segment_003.wav,3.89,3.5851311000005808,0.9216275321338253,الرحمن الرحيم,13,ok,
IJyad/whisper-large-v3-Tarteel,data\uploads\segments\sweep_db35_sil05_segment_004.wav,3.461,2.862048400013009,0.8269426177442962,ملك يوم الدين,13,ok,
IJyad/whisper-large-v3-Tarteel,data\uploads\segments\sweep_db35_sil05_segment_005.wav,4.903,16.289838400000008,3.3224226799918437,ان يك نعبد وان الذين يستعينون,29,ok,
IJyad/whisper-large-v3-Tarteel,data\uploads\segments\sweep_db35_sil05_segment_006.wav,6.642,21.034253700025147,3.1668554200579866,اهدنا الصراطه المستقيمه صرط الذين انعمت عليهم,45,ok,
IJyad/whisper-large-v3-Tarteel,data\uploads\segments\sweep_db35_sil05_segment_007.wav,7.638,5.7346725999959745,0.750808143492534,غير المغضوب عليهم ولا الطالين,29,ok,
IJyad/whisper-large-v3-Tarteel,data\uploads\segments\sweep_db35_sil05_segment_008.wav,0.716,3.6402266999939457,5.08411550278484,شكرا,4,ok,
IJyad/whisper-large-v3-Tarteel,data\uploads\segments\sweep_db40_sil025_segment_001.wav,0.805,5.559745400008978,6.906516024855874,موسيقي,6,ok,
IJyad/whisper-large-v3-Tarteel,data\uploads\segments\sweep_db40_sil025_segment_002.wav,4.248,7.941833499993663,1.8695464924655516,الحمد لله رب العالمين,21,ok,
IJyad/whisper-large-v3-Tarteel,data\uploads\segments\sweep_db40_sil025_segment_003.wav,1.188,3.3722123999905307,2.8385626262546557,شكرا لكم,8,ok,
IJyad/whisper-large-v3-Tarteel,data\uploads\segments\sweep_db40_sil025_segment_004.wav,3.096,5.369490299985046,1.7343314922432318,الرحمن الرحيم,13,ok,
IJyad/whisper-large-v3-Tarteel,data\uploads\segments\sweep_db40_sil025_segment_005.wav,3.467,4.175622200011276,1.2043905970612274,ملك يوم الدين,13,ok,
IJyad/whisper-large-v3-Tarteel,data\uploads\segments\sweep_db40_sil025_segment_006.wav,4.901,15.838834399997722,3.23175564170531,ان يك نعبد وان الذين يستعينون,29,ok,
IJyad/whisper-large-v3-Tarteel,data\uploads\segments\sweep_db40_sil025_segment_007.wav,6.643,21.23569870000938,3.1967031010099927,اهدنا الصراطه المستقيمه صرط الذين انعمت عليهم,45,ok,
IJyad/whisper-large-v3-Tarteel,data\uploads\segments\sweep_db40_sil025_segment_008.wav,3.531,5.904115799989086,1.6720803738286847,غير المغضوب عليهم وللطهرين,26,ok,
IJyad/whisper-large-v3-Tarteel,data\uploads\segments\sweep_db40_sil025_segment_009.wav,4.108,3.7419481000106316,0.9108929162635423,فاللين,6,ok,
IJyad/whisper-large-v3-Tarteel,data\uploads\segments\sweep_db40_sil025_segment_010.wav,0.713,3.6371750000107568,5.101227208991244,شكرا,4,ok,
IJyad/whisper-large-v3-Tarteel,data\uploads\segments\sweep_db40_sil035_segment_001.wav,0.805,5.4935436000232585,6.824277764004047,موسيقي,6,ok,
IJyad/whisper-large-v3-Tarteel,data\uploads\segments\sweep_db40_sil035_segment_002.wav,4.248,8.438030999997864,1.986353813558819,الحمد لله رب العالمين,21,ok,
IJyad/whisper-large-v3-Tarteel,data\uploads\segments\sweep_db40_sil035_segment_003.wav,1.188,3.5004355999990366,2.946494612793802,شكرا لكم,8,ok,
IJyad/whisper-large-v3-Tarteel,data\uploads\segments\sweep_db40_sil035_segment_004.wav,3.096,5.4592858999967575,1.7633352390170405,الرحمن الرحيم,13,ok,
IJyad/whisper-large-v3-Tarteel,data\uploads\segments\sweep_db40_sil035_segment_005.wav,3.467,4.150152499991236,1.197044274586454,ملك يوم الدين,13,ok,
IJyad/whisper-large-v3-Tarteel,data\uploads\segments\sweep_db40_sil035_segment_006.wav,4.901,15.345328399998834,3.131060681493335,ان يك نعبد وان الذين يستعينون,29,ok,
IJyad/whisper-large-v3-Tarteel,data\uploads\segments\sweep_db40_sil035_segment_007.wav,6.643,20.685356800007867,3.1138577148890363,اهدنا الصراطه المستقيمه صرط الذين انعمت عليهم,45,ok,
IJyad/whisper-large-v3-Tarteel,data\uploads\segments\sweep_db40_sil035_segment_008.wav,7.639,9.26055579999229,1.2122733080236012,غير المغضوب عليهم ولا الطالين,29,ok,
IJyad/whisper-large-v3-Tarteel,data\uploads\segments\sweep_db40_sil035_segment_009.wav,0.713,3.519868100003805,4.936701402529881,شكرا,4,ok,
IJyad/whisper-large-v3-Tarteel,data\uploads\segments\sweep_db40_sil05_segment_001.wav,0.805,5.24287469999399,6.512887826079491,موسيقي,6,ok,
IJyad/whisper-large-v3-Tarteel,data\uploads\segments\sweep_db40_sil05_segment_002.wav,4.248,7.7942098999919835,1.8347951741977362,الحمد لله رب العالمين,21,ok,
IJyad/whisper-large-v3-Tarteel,data\uploads\segments\sweep_db40_sil05_segment_003.wav,1.188,3.197926599998027,2.6918574074057466,شكرا لكم,8,ok,
IJyad/whisper-large-v3-Tarteel,data\uploads\segments\sweep_db40_sil05_segment_004.wav,3.096,5.205501400021603,1.6813635012989674,الرحمن الرحيم,13,ok,
IJyad/whisper-large-v3-Tarteel,data\uploads\segments\sweep_db40_sil05_segment_005.wav,3.467,4.057487300015055,1.1703164984179564,ملك يوم الدين,13,ok,
IJyad/whisper-large-v3-Tarteel,data\uploads\segments\sweep_db40_sil05_segment_006.wav,4.901,15.31305369999609,3.1244753519681883,ان يك نعبد وان الذين يستعينون,29,ok,
IJyad/whisper-large-v3-Tarteel,data\uploads\segments\sweep_db40_sil05_segment_007.wav,6.643,20.65777880002861,3.1097062772886663,اهدنا الصراطه المستقيمه صرط الذين انعمت عليهم,45,ok,
IJyad/whisper-large-v3-Tarteel,data\uploads\segments\sweep_db40_sil05_segment_008.wav,7.639,9.255996399995638,1.211676449796523,غير المغضوب عليهم ولا الطالين,29,ok,
IJyad/whisper-large-v3-Tarteel,data\uploads\segments\sweep_db40_sil05_segment_009.wav,0.713,3.4993871999904513,4.907976437574265,شكرا,4,ok,
IJyad/whisper-large-v3-Tarteel,data\uploads\segments\sweep_db45_sil025_segment_001.wav,0.857,4.074746700003743,4.75466359393669,موسيقي,6,ok,
IJyad/whisper-large-v3-Tarteel,data\uploads\segments\sweep_db45_sil025_segment_002.wav,4.107,7.246284399996512,1.7643740930110814,الحمد لله رب العالمين,21,ok,
IJyad/whisper-large-v3-Tarteel,data\uploads\segments\sweep_db45_sil025_segment_003.wav,1.313,3.215911100007361,2.449284920036071,شكرا,4,ok,
IJyad/whisper-large-v3-Tarteel,data\uploads\segments\sweep_db45_sil025_segment_004.wav,3.061,5.227746099990327,1.7078556354101035,الرحمن الرحيم,13,ok,
IJyad/whisper-large-v3-Tarteel,data\uploads\segments\sweep_db45_sil025_segment_005.wav,3.313,4.080655300000217,1.2317100211289516,ملك يوم الدين,13,ok,
IJyad/whisper-large-v3-Tarteel,data\uploads\segments\sweep_db45_sil025_segment_006.wav,5.056,15.405235499987612,3.0469215783203345,ان يك نعبد وان الذين يستعينون,29,ok,
IJyad/whisper-large-v3-Tarteel,data\uploads\segments\sweep_db45_sil025_segment_007.wav,6.642,20.754701199999545,3.124766817223659,اهدنا الصراطه المستقيمه صرط الذين انعمت عليهم,45,ok,
IJyad/whisper-large-v3-Tarteel,data\uploads\segments\sweep_db45_sil025_segment_008.wav,3.534,5.807892700016964,1.643433135262299,غير المغضوب عليهم وللطهرين,26,ok,
IJyad/whisper-large-v3-Tarteel,data\uploads\segments\sweep_db45_sil025_segment_009.wav,4.106,2.9206979000009596,0.7113243789578567,فاللين,6,ok,
IJyad/whisper-large-v3-Tarteel,data\uploads\segments\sweep_db45_sil025_segment_010.wav,0.711,3.4988792999938596,4.921067932480815,شكرا,4,ok,
IJyad/whisper-large-v3-Tarteel,data\uploads\segments\test_cleaned_segment_001.wav,4.706,6.973939299990889,1.4819250531217356,بسم الله الرحمن الرحيم,22,ok,
IJyad/whisper-large-v3-Tarteel,data\uploads\segments\test_cleaned_segment_002.wav,5.345,8.408278699993389,1.5731110757705125,الحمد لله رب العالمين,21,ok,
IJyad/whisper-large-v3-Tarteel,data\uploads\segments\test_cleaned_segment_003.wav,3.517,5.227867699984927,1.4864565538768628,الرحمن الرحيم,13,ok,
IJyad/whisper-large-v3-Tarteel,data\uploads\segments\test_cleaned_segment_004.wav,4.244,6.354227000003448,1.497225966070558,ملك يوم الدين,13,ok,
IJyad/whisper-large-v3-Tarteel,data\uploads\segments\test_cleaned_segment_005.wav,5.695,18.86915839998983,3.313285057065817,ان يكن اعبد واني كن استاعيد,27,ok,
IJyad/whisper-large-v3-Tarteel,data\uploads\segments\test_cleaned_segment_006.wav,4.473,8.956525100016734,2.0023530292905733,اهدين الصراط المستقيم,21,ok,
IJyad/whisper-large-v3-Tarteel,data\uploads\segments\test_cleaned_segment_007.wav,11.44,21.525627499999246,1.8816107954544796,سراط الذين انعمت عليهم غير المغطوب عليه والدالين,48,ok,
IJyad/whisper-large-v3-Tarteel,data\uploads\segments\test_multi_segment_001.wav,4.071,8.359331199986627,2.053385212475222,الحمد لله رب العالمين,21,ok,
IJyad/whisper-large-v3-Tarteel,data\uploads\segments\test_multi_segment_002.wav,3.094,4.920908200001577,1.5904680672274005,الرحمن الرحيم,13,ok,
IJyad/whisper-large-v3-Tarteel,data\uploads\segments\test_multi_segment_003.wav,3.084,6.055795899999794,1.963617347600452,مرحبا بك في يوم التالي,22,ok,
IJyad/whisper-large-v3-Tarteel,data\uploads\segments\test_multi_segment_004.wav,4.452,14.71952529999544,3.306272529199335,ان يك نعبد وان الذين يستاعيدون,30,ok,
IJyad/whisper-large-v3-Tarteel,data\uploads\segments\test_multi_segment_005.wav,7.263,20.066864099993836,2.7628891780247606,اهدنا الصراطه المستقيم صلاط الذين انعمت عليهم,45,ok,
IJyad/whisper-large-v3-Tarteel,data\uploads\segments\test_multi_segment_006.wav,6.596,12.114912199991522,1.8367059126730627,غير المغضوب عنيهم والطالين,26,ok,
IJyad/whisper-large-v3-Tarteel,data\uploads\segments\user_010ea2e45774412abc851fe43b40a35b\user_010ea2e45774412abc851fe43b40a35b_segment_001.wav,5.133,6.924736699991627,1.3490622832635157,بسم الله الرحمن الرحيم,22,ok,
IJyad/whisper-large-v3-Tarteel,data\uploads\segments\user_010ea2e45774412abc851fe43b40a35b\user_010ea2e45774412abc851fe43b40a35b_segment_002.wav,6.664,4.639658900006907,0.6962273259314087,الحمد لله رب العالمين,21,ok,
IJyad/whisper-large-v3-Tarteel,data\uploads\segments\user_010ea2e45774412abc851fe43b40a35b\user_010ea2e45774412abc851fe43b40a35b_segment_003.wav,3.656,4.05622569998377,1.1094709245032193,الرحمن الرحيم,13,ok,
IJyad/whisper-large-v3-Tarteel,data\uploads\segments\user_010ea2e45774412abc851fe43b40a35b\user_010ea2e45774412abc851fe43b40a35b_segment_004.wav,5.344,3.769374499999685,0.7053470247005399,ملك يوم الدين,13,ok,
IJyad/whisper-large-v3-Tarteel,data\uploads\segments\user_010ea2e45774412abc851fe43b40a35b\user_010ea2e45774412abc851fe43b40a35b_segment_005.wav,7.71,11.830746199993882,1.5344677302196994,ايا ان يمد وان كان استعين,25,ok,
IJyad/whisper-large-v3-Tarteel,data\uploads\segments\user_010ea2e45774412abc851fe43b40a35b\user_010ea2e45774412abc851fe43b40a35b_segment_006.wav,5.912,8.960150200000498,1.5155869756428448,اهدي الصراط المستقيم,20,ok,
IJyad/whisper-large-v3-Tarteel,data\uploads\segments\user_010ea2e45774412abc851fe43b40a35b\user_010ea2e45774412abc851fe43b40a35b_segment_007.wav,10.281,21.52864020000561,2.0940220017513482,سراط الذين انعمت عليهم غير المغضوب عليم والطالين,48,ok,
IJyad/whisper-large-v3-Tarteel,data\uploads\segments\user_0150e1fdf264471abebf6bd547f4ea06\expected_count\user_0150e1fdf264471abebf6bd547f4ea06_expected_segment_001.wav,3.284,5.253139599983115,1.599616199751253,الف لا من,9,ok,
IJyad/whisper-large-v3-Tarteel,data\uploads\segments\user_0150e1fdf264471abebf6bd547f4ea06\expected_count\user_0150e1fdf264471abebf6bd547f4ea06_expected_segment_002.wav,4.492,14.440961799991783,3.214817853960771,ذلك الكتاب لا ريب فيهدي للمتقين,31,ok,
IJyad/whisper-large-v3-Tarteel,data\uploads\segments\user_0150e1fdf264471abebf6bd547f4ea06\expected_count\user_0150e1fdf264471abebf6bd547f4ea06_expected_segment_003.wav,23.724,59.38945450002211,2.503349119036508,الذين يؤمنون بالغيم ويقيمون الصلاه ومما رزقناهم ينفقون والذين يؤم نعن مما انزل اليك وان زل من قبلك وبالاخره هم تقتلون اولئك علي هدن ربهم وا,139,ok,
IJyad/whisper-large-v3-Tarteel,data\uploads\segments\user_0150e1fdf264471abebf6bd547f4ea06\free_detect\user_0150e1fdf264471abebf6bd547f4ea06_free_segment_001.wav,3.284,5.327843900013249,1.622364159565545,الف لا من,9,ok,
IJyad/whisper-large-v3-Tarteel,data\uploads\segments\user_0150e1fdf264471abebf6bd547f4ea06\free_detect\user_0150e1fdf264471abebf6bd547f4ea06_free_segment_002.wav,4.492,14.583396100002574,3.246526291184901,ذلك الكتاب لا ريب فيهدي للمتقين,31,ok,
IJyad/whisper-large-v3-Tarteel,data\uploads\segments\user_0150e1fdf264471abebf6bd547f4ea06\free_detect\user_0150e1fdf264471abebf6bd547f4ea06_free_segment_003.wav,23.724,59.29306210001232,2.499286043669378,الذين يؤمنون بالغيم ويقيمون الصلاه ومما رزقناهم ينفقون والذين يؤم نعن مما انزل اليك وان زل من قبلك وبالاخره هم تقتلون اولئك علي هدن ربهم وا,139,ok,
IJyad/whisper-large-v3-Tarteel,data\uploads\segments\user_0150e1fdf264471abebf6bd547f4ea06\natural\user_0150e1fdf264471abebf6bd547f4ea06_natural_segment_001.wav,3.284,5.331583399994997,1.6235028623614487,الف لا من,9,ok,
IJyad/whisper-large-v3-Tarteel,data\uploads\segments\user_0150e1fdf264471abebf6bd547f4ea06\natural\user_0150e1fdf264471abebf6bd547f4ea06_natural_segment_002.wav,4.492,14.563115700002527,3.242011509350518,ذلك الكتاب لا ريب فيهدي للمتقين,31,ok,
IJyad/whisper-large-v3-Tarteel,data\uploads\segments\user_0150e1fdf264471abebf6bd547f4ea06\natural\user_0150e1fdf264471abebf6bd547f4ea06_natural_segment_003.wav,23.724,59.461924400005955,2.5064038273480844,الذين يؤمنون بالغيم ويقيمون الصلاه ومما رزقناهم ينفقون والذين يؤم نعن مما انزل اليك وان زل من قبلك وبالاخره هم تقتلون اولئك علي هدن ربهم وا,139,ok,
IJyad/whisper-large-v3-Tarteel,data\uploads\segments\user_05e371d92eed47babcbe42efde1265c9\free_detect\user_05e371d92eed47babcbe42efde1265c9_free_segment_001.wav,4.38,3.053019499988295,0.6970364155224418,الف لام ميم,11,ok,
IJyad/whisper-large-v3-Tarteel,data\uploads\segments\user_05e371d92eed47babcbe42efde1265c9\free_detect\user_05e371d92eed47babcbe42efde1265c9_free_segment_002.wav,6.921,15.233263500005705,2.2010205895110104,ذلك الكتاب العريب فيه هدي للمتقين,33,ok,
IJyad/whisper-large-v3-Tarteel,data\uploads\segments\user_05e371d92eed47babcbe42efde1265c9\free_detect\user_05e371d92eed47babcbe42efde1265c9_free_segment_003.wav,9.939,15.84386110000196,1.5941101821110735,الذين يؤمنون بالغيب ويقيمون الصلاه ومما رزقناهم ينفقون,54,ok,
IJyad/whisper-large-v3-Tarteel,data\uploads\segments\user_073f9aeeade04103a943757ec667572f\free_detect\user_073f9aeeade04103a943757ec667572f_free_segment_001.wav,4.379,8.844661899987841,2.0197903402575568,قل يا ايها الكافرون,19,ok,
IJyad/whisper-large-v3-Tarteel,data\uploads\segments\user_10bfd7544c5348cf8a1138690e6e22bf\free_detect\user_10bfd7544c5348cf8a1138690e6e22bf_free_segment_001.wav,3.788,5.0861527000088245,1.3427013463592463,الف لامين,9,ok,
IJyad/whisper-large-v3-Tarteel,data\uploads\segments\user_10bfd7544c5348cf8a1138690e6e22bf\free_detect\user_10bfd7544c5348cf8a1138690e6e22bf_free_segment_002.wav,5.3,15.531431999988854,2.9304588679224253,ذلك الكتاب لا ريب فيه هدي للمتقين,33,ok,
IJyad/whisper-large-v3-Tarteel,data\uploads\segments\user_10bfd7544c5348cf8a1138690e6e22bf\free_detect\user_10bfd7544c5348cf8a1138690e6e22bf_free_segment_003.wav,2.291,3.045064999983879,1.3291422959336006,متقين,5,ok,
IJyad/whisper-large-v3-Tarteel,data\uploads\segments\user_10bfd7544c5348cf8a1138690e6e22bf\free_detect\user_10bfd7544c5348cf8a1138690e6e22bf_free_segment_004.wav,10.728,21.50024029999622,2.0041238161816017,الذين يؤمنون بالغيب ويقيمون الصلاه ومما رزقناهم يغفقون,54,ok,
IJyad/whisper-large-v3-Tarteel,data\uploads\segments\user_10bfd7544c5348cf8a1138690e6e22bf\free_detect\user_10bfd7544c5348cf8a1138690e6e22bf_free_segment_005.wav,8.443,25.68323429999873,3.041955975364057,والذين يؤمنون بما انزل اليك وما تعلمون ان يكون رجلا مبينا,57,ok,
IJyad/whisper-large-v3-Tarteel,data\uploads\segments\user_10bfd7544c5348cf8a1138690e6e22bf\free_detect\user_10bfd7544c5348cf8a1138690e6e22bf_free_segment_006.wav,6.834,11.446359699999448,1.6749136230610842,وبال اخره هم يوقنون,19,ok,
IJyad/whisper-large-v3-Tarteel,data\uploads\segments\user_10bfd7544c5348cf8a1138690e6e22bf\free_detect\user_10bfd7544c5348cf8a1138690e6e22bf_free_segment_007.wav,10.016,18.79027880000649,1.8760262380198174,اولئك علي هدي من ربهم واوليك هم المفلحون,40,ok,
IJyad/whisper-large-v3-Tarteel,data\uploads\segments\user_12ab187cacc6421fadf7122f134e96d9\user_12ab187cacc6421fadf7122f134e96d9_segment_001.wav,4.706,7.246468999976059,1.5398361665907476,بسم الله الرحمن الرحيم,22,ok,
IJyad/whisper-large-v3-Tarteel,data\uploads\segments\user_12ab187cacc6421fadf7122f134e96d9\user_12ab187cacc6421fadf7122f134e96d9_segment_002.wav,5.345,8.669285500014666,1.621943030872716,الحمد لله رب العالمين,21,ok,
IJyad/whisper-large-v3-Tarteel,data\uploads\segments\user_12ab187cacc6421fadf7122f134e96d9\user_12ab187cacc6421fadf7122f134e96d9_segment_003.wav,3.517,5.48482429998694,1.559517856123668,الرحمن الرحيم,13,ok,
IJyad/whisper-large-v3-Tarteel,data\uploads\segments\user_12ab187cacc6421fadf7122f134e96d9\user_12ab187cacc6421fadf7122f134e96d9_segment_004.wav,4.244,6.679295700014336,1.5738208529722753,ملك يوم الدين,13,ok,
IJyad/whisper-large-v3-Tarteel,data\uploads\segments\user_12ab187cacc6421fadf7122f134e96d9\user_12ab187cacc6421fadf7122f134e96d9_segment_005.wav,5.695,18.626558999996632,3.2706863915709623,ان يكن اعبد واني كن استاعيد,27,ok,
IJyad/whisper-large-v3-Tarteel,data\uploads\segments\user_12ab187cacc6421fadf7122f134e96d9\user_12ab187cacc6421fadf7122f134e96d9_segment_006.wav,4.473,8.78500819997862,1.9640080929976795,اهدين الصراط المستقيم,21,ok,
IJyad/whisper-large-v3-Tarteel,data\uploads\segments\user_12ab187cacc6421fadf7122f134e96d9\user_12ab187cacc6421fadf7122f134e96d9_segment_007.wav,11.44,20.891933000006247,1.8262179195809658,سراط الذين انعمت عليهم غير المغطوب عليه والدالين,48,ok,
IJyad/whisper-large-v3-Tarteel,data\uploads\segments\user_140b3596cd7c419aa475bf4d2f63607b\natural\user_140b3596cd7c419aa475bf4d2f63607b_natural_segment_001.wav,3.022,4.87706870000693,1.6138546326958738,الف لا من,9,ok,
IJyad/whisper-large-v3-Tarteel,data\uploads\segments\user_140b3596cd7c419aa475bf4d2f63607b\natural\user_140b3596cd7c419aa475bf4d2f63607b_natural_segment_002.wav,2.859,10.403302699996857,3.6387907310237346,وذلك الكتاب لا ريب فيه,22,ok,
IJyad/whisper-large-v3-Tarteel,data\uploads\segments\user_140b3596cd7c419aa475bf4d2f63607b\natural\user_140b3596cd7c419aa475bf4d2f63607b_natural_segment_003.wav,7.919,23.50904089998221,2.968688079300696,هدي للمتقين الذين يؤمنون بالغيب ويقيمون الصلاه ومما رزقن,56,ok,
IJyad/whisper-large-v3-Tarteel,data\uploads\segments\user_14cc5a4fa4eb44caa6c21cf8e3888949\free_detect\user_14cc5a4fa4eb44caa6c21cf8e3888949_free_segment_001.wav,3.36,5.153679500013823,1.5338331845279234,الف لا من,9,ok,
IJyad/whisper-large-v3-Tarteel,data\uploads\segments\user_14cc5a4fa4eb44caa6c21cf8e3888949\free_detect\user_14cc5a4fa4eb44caa6c21cf8e3888949_free_segment_002.wav,5.601,14.291349799983436,2.5515711122984173,ذلك الكتاب لا ريب فيه هدي للمتقين,33,ok,
IJyad/whisper-large-v3-Tarteel,data\uploads\segments\user_14cc5a4fa4eb44caa6c21cf8e3888949\free_detect\user_14cc5a4fa4eb44caa6c21cf8e3888949_free_segment_003.wav,9.139,13.18370219998178,1.4425760148792846,الذين يؤمنون بالغيب ويقيمون الصلات ومما رزقناه ينفقون,53,ok,
IJyad/whisper-large-v3-Tarteel,data\uploads\segments\user_14cc5a4fa4eb44caa6c21cf8e3888949\natural\user_14cc5a4fa4eb44caa6c21cf8e3888949_natural_segment_001.wav,3.36,5.145523699990008,1.5314058630922645,الف لا من,9,ok,
IJyad/whisper-large-v3-Tarteel,data\uploads\segments\user_14cc5a4fa4eb44caa6c21cf8e3888949\natural\user_14cc5a4fa4eb44caa6c21cf8e3888949_natural_segment_002.wav,5.601,14.312536500015995,2.555353776114264,ذلك الكتاب لا ريب فيه هدي للمتقين,33,ok,
IJyad/whisper-large-v3-Tarteel,data\uploads\segments\user_14cc5a4fa4eb44caa6c21cf8e3888949\natural\user_14cc5a4fa4eb44caa6c21cf8e3888949_natural_segment_003.wav,9.139,13.18607249998604,1.4428353758601642,الذين يؤمنون بالغيب ويقيمون الصلات ومما رزقناه ينفقون,53,ok,
IJyad/whisper-large-v3-Tarteel,data\uploads\segments\user_153f566cbd834442804047bd0721d2e2\natural\user_153f566cbd834442804047bd0721d2e2_natural_segment_001.wav,2.964,5.14165539998794,1.7347015519527462,الف لا ميم,10,ok,
IJyad/whisper-large-v3-Tarteel,data\uploads\segments\user_153f566cbd834442804047bd0721d2e2\natural\user_153f566cbd834442804047bd0721d2e2_natural_segment_002.wav,4.813,14.41376989998389,2.9947579264458533,ذلك الكتاب لا ريب فيه هدي للمتقين,33,ok,
IJyad/whisper-large-v3-Tarteel,data\uploads\segments\user_153f566cbd834442804047bd0721d2e2\natural\user_153f566cbd834442804047bd0721d2e2_natural_segment_003.wav,8.846,12.38224419998005,1.3997562966289905,الذين يؤمنون بالغيب ويقيمون الصلات ومما رزقناه يوفقون,53,ok,
IJyad/whisper-large-v3-Tarteel,data\uploads\segments\user_16a82f0c6b5b4322b3a663bae910db56\expected_count\user_16a82f0c6b5b4322b3a663bae910db56_expected_segment_001.wav,2.796,4.047548500006087,1.4476210658104747,الف لام,7,ok,
IJyad/whisper-large-v3-Tarteel,data\uploads\segments\user_16a82f0c6b5b4322b3a663bae910db56\expected_count\user_16a82f0c6b5b4322b3a663bae910db56_expected_segment_002.wav,8.422,14.885134799988009,1.7674109237696518,ذلك الكتاب لا ريب فيه هدي للمتقين,33,ok,
IJyad/whisper-large-v3-Tarteel,data\uploads\segments\user_16a82f0c6b5b4322b3a663bae910db56\expected_count\user_16a82f0c6b5b4322b3a663bae910db56_expected_segment_003.wav,9.782,13.194303399999626,1.3488349417296694,الذين يؤمنون بالغيب ويقيمون الصراط ومما رزقناه ينفقون,53,ok,
IJyad/whisper-large-v3-Tarteel,data\uploads\segments\user_16a82f0c6b5b4322b3a663bae910db56\natural\user_16a82f0c6b5b4322b3a663bae910db56_natural_segment_001.wav,2.796,4.045654399989871,1.4469436337588955,الف لام,7,ok,
IJyad/whisper-large-v3-Tarteel,data\uploads\segments\user_16a82f0c6b5b4322b3a663bae910db56\natural\user_16a82f0c6b5b4322b3a663bae910db56_natural_segment_002.wav,2.144,2.6573879000206944,1.2394533115768163,امين,4,ok,
IJyad/whisper-large-v3-Tarteel,data\uploads\segments\user_16a82f0c6b5b4322b3a663bae910db56\natural\user_16a82f0c6b5b4322b3a663bae910db56_natural_segment_003.wav,6.278,14.291419599991059,2.2764287352645844,ذلك الكتاب لا ريب فيه هدي للمتقين,33,ok,
IJyad/whisper-large-v3-Tarteel,data\uploads\segments\user_16a82f0c6b5b4322b3a663bae910db56\natural\user_16a82f0c6b5b4322b3a663bae910db56_natural_segment_004.wav,9.782,13.182800400012638,1.3476590063394642,الذين يؤمنون بالغيب ويقيمون الصراط ومما رزقناه ينفقون,53,ok,
IJyad/whisper-large-v3-Tarteel,data\uploads\segments\user_19df382adc6c48a3818ed3aeb2d05fcf\user_19df382adc6c48a3818ed3aeb2d05fcf_segment_001.wav,5.133,6.802350100013427,1.3252191895603793,بسم الله الرحمن الرحيم,22,ok,
IJyad/whisper-large-v3-Tarteel,data\uploads\segments\user_19df382adc6c48a3818ed3aeb2d05fcf\user_19df382adc6c48a3818ed3aeb2d05fcf_segment_002.wav,3.978,4.591497300018091,1.1542225490241556,الحمد لله رب العالمين,21,ok,
IJyad/whisper-large-v3-Tarteel,data\uploads\segments\user_19df382adc6c48a3818ed3aeb2d05fcf\user_19df382adc6c48a3818ed3aeb2d05fcf_segment_003.wav,1.523,2.936963999993168,1.9284070912627498,شكرا,4,ok,
IJyad/whisper-large-v3-Tarteel,data\uploads\segments\user_19df382adc6c48a3818ed3aeb2d05fcf\user_19df382adc6c48a3818ed3aeb2d05fcf_segment_004.wav,1.163,3.4963464999746066,3.0063168529446314,شكرا,4,ok,
IJyad/whisper-large-v3-Tarteel,data\uploads\segments\user_19df382adc6c48a3818ed3aeb2d05fcf\user_19df382adc6c48a3818ed3aeb2d05fcf_segment_005.wav,3.656,4.042014300008304,1.1055837800897987,الرحمن الرحيم,13,ok,
IJyad/whisper-large-v3-Tarteel,data\uploads\segments\user_19df382adc6c48a3818ed3aeb2d05fcf\user_19df382adc6c48a3818ed3aeb2d05fcf_segment_006.wav,5.344,3.7731583999993745,0.7060550898202422,ملك يوم الدين,13,ok,
IJyad/whisper-large-v3-Tarteel,data\uploads\segments\user_19df382adc6c48a3818ed3aeb2d05fcf\user_19df382adc6c48a3818ed3aeb2d05fcf_segment_007.wav,7.71,11.519743099983316,1.494130103759185,ايا ان يمد وان كان استعين,25,ok,
IJyad/whisper-large-v3-Tarteel,data\uploads\segments\user_19df382adc6c48a3818ed3aeb2d05fcf\user_19df382adc6c48a3818ed3aeb2d05fcf_segment_008.wav,5.912,8.734714999998687,1.4774551759131744,اهدي الصراط المستقيم,20,ok,
IJyad/whisper-large-v3-Tarteel,data\uploads\segments\user_19df382adc6c48a3818ed3aeb2d05fcf\user_19df382adc6c48a3818ed3aeb2d05fcf_segment_009.wav,10.281,20.880392299994128,2.0309690010693635,سراط الذين انعمت عليهم غير المغضوب عليم والطالين,48,ok,
IJyad/whisper-large-v3-Tarteel,data\uploads\segments\user_1ca47a92cdb34b879bacdfd19c277387\expected_count\user_1ca47a92cdb34b879bacdfd19c277387_expected_segment_001.wav,3.593,5.141855399997439,1.4310758140822264,الف لا ميم,10,ok,
IJyad/whisper-large-v3-Tarteel,data\uploads\segments\user_1ca47a92cdb34b879bacdfd19c277387\expected_count\user_1ca47a92cdb34b879bacdfd19c277387_expected_segment_002.wav,5.724,14.566563100001076,2.5448223445145137,ذلك الكتاب العريب فيه هدي للمتقين,33,ok,
IJyad/whisper-large-v3-Tarteel,data\uploads\segments\user_1ca47a92cdb34b879bacdfd19c277387\expected_count\user_1ca47a92cdb34b879bacdfd19c277387_expected_segment_003.wav,8.97,21.703734199982136,2.4195913266423785,الذين يؤمنون بالغيب ويقيمون الصلاه ومما رزقناهم ينفقون,54,ok,
IJyad/whisper-large-v3-Tarteel,data\uploads\segments\user_1ca47a92cdb34b879bacdfd19c277387\expected_count\user_1ca47a92cdb34b879bacdfd19c277387_expected_segment_004.wav,21.073,45.16839710000204,2.1434250984673295,والذين يؤمنون بما انزل اليك وما هم اتقون من قبلك وبلاقلتهم يوقلون اولئك علي هدن من ربهم واولاك هم المفلحون,106,ok,
IJyad/whisper-large-v3-Tarteel,data\uploads\segments\user_1ca47a92cdb34b879bacdfd19c277387\free_detect\user_1ca47a92cdb34b879bacdfd19c277387_free_segment_001.wav,3.593,5.171811700012768,1.4394132201538457,الف لا ميم,10,ok,
IJyad/whisper-large-v3-Tarteel,data\uploads\segments\user_1ca47a92cdb34b879bacdfd19c277387\free_detect\user_1ca47a92cdb34b879bacdfd19c277387_free_segment_002.wav,5.724,14.615443000016967,2.553361809926095,ذلك الكتاب العريب فيه هدي للمتقين,33,ok,
IJyad/whisper-large-v3-Tarteel,data\uploads\segments\user_1ca47a92cdb34b879bacdfd19c277387\free_detect\user_1ca47a92cdb34b879bacdfd19c277387_free_segment_003.wav,7.83,21.146003500005463,2.7006390166035072,الذين يؤمنون بالغيب ويقيمون الصلاه ومما رزقناهم ينفقون,54,ok,
IJyad/whisper-large-v3-Tarteel,data\uploads\segments\user_1ca47a92cdb34b879bacdfd19c277387\free_detect\user_1ca47a92cdb34b879bacdfd19c277387_free_segment_004.wav,1.14,2.932703999977093,2.572547368400959,ومن,3,ok,
IJyad/whisper-large-v3-Tarteel,data\uploads\segments\user_1ca47a92cdb34b879bacdfd19c277387\free_detect\user_1ca47a92cdb34b879bacdfd19c277387_free_segment_005.wav,11.424,30.047970100014936,2.6302494835447248,والذين يؤمنون بما انزل اليك وما هدي انفسهم يقتلون,49,ok,
IJyad/whisper-large-v3-Tarteel,data\uploads\segments\user_1ca47a92cdb34b879bacdfd19c277387\free_detect\user_1ca47a92cdb34b879bacdfd19c277387_free_segment_006.wav,9.649,17.443413700006204,1.807794973573034,اولئك علي هدي من ربهم واولئك هم المفلحون,40,ok,
IJyad/whisper-large-v3-Tarteel,data\uploads\segments\user_1ca47a92cdb34b879bacdfd19c277387\natural\user_1ca47a92cdb34b879bacdfd19c277387_natural_segment_001.wav,3.593,5.144171499996446,1.4317204286101992,الف لا ميم,10,ok,
IJyad/whisper-large-v3-Tarteel,data\uploads\segments\user_1ca47a92cdb34b879bacdfd19c277387\natural\user_1ca47a92cdb34b879bacdfd19c277387_natural_segment_002.wav,5.724,14.566479700006312,2.5448077742848203,ذلك الكتاب العريب فيه هدي للمتقين,33,ok,
IJyad/whisper-large-v3-Tarteel,data\uploads\segments\user_1ca47a92cdb34b879bacdfd19c277387\natural\user_1ca47a92cdb34b879bacdfd19c277387_natural_segment_003.wav,7.83,21.144386300002225,2.700432477650348,الذين يؤمنون بالغيب ويقيمون الصلاه ومما رزقناهم ينفقون,54,ok,
IJyad/whisper-large-v3-Tarteel,data\uploads\segments\user_1ca47a92cdb34b879bacdfd19c277387\natural\user_1ca47a92cdb34b879bacdfd19c277387_natural_segment_004.wav,1.14,2.9388906999956816,2.577974298241826,ومن,3,ok,
IJyad/whisper-large-v3-Tarteel,data\uploads\segments\user_1ca47a92cdb34b879bacdfd19c277387\natural\user_1ca47a92cdb34b879bacdfd19c277387_natural_segment_005.wav,11.424,30.06400779998512,2.631653343836233,والذين يؤمنون بما انزل اليك وما هدي انفسهم يقتلون,49,ok,
IJyad/whisper-large-v3-Tarteel,data\uploads\segments\user_1ca47a92cdb34b879bacdfd19c277387\natural\user_1ca47a92cdb34b879bacdfd19c277387_natural_segment_006.wav,9.649,17.45528550000745,1.8090253394141829,اولئك علي هدي من ربهم واولئك هم المفلحون,40,ok,
IJyad/whisper-large-v3-Tarteel,data\uploads\segments\user_28fb6ec8a63f406c88c52e9fa0d0bec2\free_detect\user_28fb6ec8a63f406c88c52e9fa0d0bec2_free_segment_001.wav,7.078,18.012861399998656,2.544908363944427,ذلك الكتاب لا ريب فيه هدي للمتقين,33,ok,
IJyad/whisper-large-v3-Tarteel,data\uploads\segments\user_28fb6ec8a63f406c88c52e9fa0d0bec2\free_detect\user_28fb6ec8a63f406c88c52e9fa0d0bec2_free_segment_002.wav,2.205,7.0818294000055175,3.2117140136079443,الذين يؤمنون بالغيب,19,ok,
IJyad/whisper-large-v3-Tarteel,data\uploads\segments\user_28fb6ec8a63f406c88c52e9fa0d0bec2\free_detect\user_28fb6ec8a63f406c88c52e9fa0d0bec2_free_segment_003.wav,5.264,11.79887709999457,2.2414280205156856,ويقيمون الصلات ومما رزقناهم ينفقون,34,ok,
IJyad/whisper-large-v3-Tarteel,data\uploads\segments\user_28fb6ec8a63f406c88c52e9fa0d0bec2\free_detect\user_28fb6ec8a63f406c88c52e9fa0d0bec2_free_segment_004.wav,16.293,34.13897729999735,2.0953156140672284,والذين يؤمنون بما انزل انك وما هم يقتلون اولئك علي هدي من ربهم واوليك هم المفلحون,81,ok,
IJyad/whisper-large-v3-Tarteel,data\uploads\segments\user_2f56f607c60d4e50a4c7bc5e4d48ad1a\natural\user_2f56f607c60d4e50a4c7bc5e4d48ad1a_natural_segment_001.wav,3.113,5.149353899993002,1.6541451654330235,الف لا ميم,10,ok,
IJyad/whisper-large-v3-Tarteel,data\uploads\segments\user_2f56f607c60d4e50a4c7bc5e4d48ad1a\natural\user_2f56f607c60d4e50a4c7bc5e4d48ad1a_natural_segment_002.wav,4.973,14.290957299992442,2.8737094912512453,ذلك الكتاب لا ريب فيه هدي للمتقين,33,ok,
IJyad/whisper-large-v3-Tarteel,data\uploads\segments\user_2f56f607c60d4e50a4c7bc5e4d48ad1a\natural\user_2f56f607c60d4e50a4c7bc5e4d48ad1a_natural_segment_003.wav,8.174,20.57749039999908,2.5174321507216884,الذين يؤمنون بالغيب ويقيمون الصلاه ومما رزقناهم ينفقون,54,ok,
IJyad/whisper-large-v3-Tarteel,data\uploads\segments\user_2f7da1249d4b4cfebcb1b36d386ba1cd\free_detect\user_2f7da1249d4b4cfebcb1b36d386ba1cd_free_segment_001.wav,4.083,5.1395596000074875,1.2587704139131735,الف لا ميم,10,ok,
IJyad/whisper-large-v3-Tarteel,data\uploads\segments\user_2f7da1249d4b4cfebcb1b36d386ba1cd\free_detect\user_2f7da1249d4b4cfebcb1b36d386ba1cd_free_segment_002.wav,5.138,14.575244399980875,2.8367544569834324,ذلك الكتاب لا ريب فيه هدي للمتقين,33,ok,
IJyad/whisper-large-v3-Tarteel,data\uploads\segments\user_2f7da1249d4b4cfebcb1b36d386ba1cd\free_detect\user_2f7da1249d4b4cfebcb1b36d386ba1cd_free_segment_003.wav,7.411,12.06506600001012,1.6279943327499826,الذين يؤمنون بالغيب ويقيمون الصلات ومما رزقناه ينفقون,53,ok,
IJyad/whisper-large-v3-Tarteel,data\uploads\segments\user_2f7da1249d4b4cfebcb1b36d386ba1cd\free_detect\user_2f7da1249d4b4cfebcb1b36d386ba1cd_free_segment_004.wav,11.972,18.566970600018976,1.5508662378899913,والذين يؤمنون بما انزل اليك وما انزل من قبلك وبالاخره هم يوقنون,63,ok,
IJyad/whisper-large-v3-Tarteel,data\uploads\segments\user_2f7da1249d4b4cfebcb1b36d386ba1cd\free_detect\user_2f7da1249d4b4cfebcb1b36d386ba1cd_free_segment_005.wav,9.076,17.436958599981153,1.9212162406325641,اولئك علي هدي من ربهم واولئك هم المفلحون,40,ok,
IJyad/whisper-large-v3-Tarteel,data\uploads\segments\user_32b01be596a2423f96937137745b4228\expected_count\user_32b01be596a2423f96937137745b4228_expected_segment_001.wav,4.331,6.528452800004743,1.5073776956833855,بسم الله الرحمن الرحيم,22,ok,
IJyad/whisper-large-v3-Tarteel,data\uploads\segments\user_32b01be596a2423f96937137745b4228\expected_count\user_32b01be596a2423f96937137745b4228_expected_segment_002.wav,4.47,5.425268900027731,1.2137066890442354,الحمد لله رب العالمين,21,ok,
IJyad/whisper-large-v3-Tarteel,data\uploads\segments\user_32b01be596a2423f96937137745b4228\expected_count\user_32b01be596a2423f96937137745b4228_expected_segment_003.wav,3.419,5.13866210001288,1.5029722433497748,الرحمن الرحيم,13,ok,
IJyad/whisper-large-v3-Tarteel,data\uploads\segments\user_32b01be596a2423f96937137745b4228\expected_count\user_32b01be596a2423f96937137745b4228_expected_segment_004.wav,3.296,4.040114200004609,1.2257628033994568,مالك يوم الدين,14,ok,
IJyad/whisper-large-v3-Tarteel,data\uploads\segments\user_32b01be596a2423f96937137745b4228\expected_count\user_32b01be596a2423f96937137745b4228_expected_segment_005.wav,5.287,16.57204859997728,3.1344899943214073,ان يك نعبد وان الذين يستعينون,29,ok,
IJyad/whisper-large-v3-Tarteel,data\uploads\segments\user_32b01be596a2423f96937137745b4228\expected_count\user_32b01be596a2423f96937137745b4228_expected_segment_006.wav,4.143,8.997008799982723,2.1716168959649345,اهدين الصراط المستقيم,21,ok,
IJyad/whisper-large-v3-Tarteel,data\uploads\segments\user_32b01be596a2423f96937137745b4228\expected_count\user_32b01be596a2423f96937137745b4228_expected_segment_007.wav,11.534,21.71187440000358,1.8824236518123443,سراط الذين انعمت عليهم غير المغضوب عليم ولا الظالين,51,ok,
IJyad/whisper-large-v3-Tarteel,data\uploads\segments\user_32b01be596a2423f96937137745b4228\natural\user_32b01be596a2423f96937137745b4228_natural_segment_001.wav,3.588,6.804945299983956,1.8965845317681036,بسم الله الرحمن الرحيم,22,ok,
IJyad/whisper-large-v3-Tarteel,data\uploads\segments\user_32b01be596a2423f96937137745b4228\natural\user_32b01be596a2423f96937137745b4228_natural_segment_002.wav,4.47,5.422693500004243,1.213130536913701,الحمد لله رب العالمين,21,ok,
IJyad/whisper-large-v3-Tarteel,data\uploads\segments\user_32b01be596a2423f96937137745b4228\natural\user_32b01be596a2423f96937137745b4228_natural_segment_003.wav,3.419,5.134052100009285,1.5016238958787027,الرحمن الرحيم,13,ok,
IJyad/whisper-large-v3-Tarteel,data\uploads\segments\user_32b01be596a2423f96937137745b4228\natural\user_32b01be596a2423f96937137745b4228_natural_segment_004.wav,3.296,4.043149499979336,1.2266837075180024,مالك يوم الدين,14,ok,
IJyad/whisper-large-v3-Tarteel,data\uploads\segments\user_32b01be596a2423f96937137745b4228\natural\user_32b01be596a2423f96937137745b4228_natural_segment_005.wav,5.287,16.614314899983583,3.142484376770112,ان يك نعبد وان الذين يستعينون,29,ok,
IJyad/whisper-large-v3-Tarteel,data\uploads\segments\user_32b01be596a2423f96937137745b4228\natural\user_32b01be596a2423f96937137745b4228_natural_segment_006.wav,4.143,9.102688200015109,2.197124837078231,اهدين الصراط المستقيم,21,ok,
IJyad/whisper-large-v3-Tarteel,data\uploads\segments\user_32b01be596a2423f96937137745b4228\natural\user_32b01be596a2423f96937137745b4228_natural_segment_007.wav,4.714,10.940139899990754,2.3207763894761886,سراط الذين انعمت عليهم,22,ok,
IJyad/whisper-large-v3-Tarteel,data\uploads\segments\user_32b01be596a2423f96937137745b4228\natural\user_32b01be596a2423f96937137745b4228_natural_segment_008.wav,6.82,12.327055200003088,1.8074860997071975,ويري المغضوب عليهم ولظالين,26,ok,
IJyad/whisper-large-v3-Tarteel,data\uploads\segments\user_32fea45f950a4a928ca3a8d7ec92aca5\user_32fea45f950a4a928ca3a8d7ec92aca5_segment_001.wav,4.706,6.7913696999894455,1.443129982998182,بسم الله الرحمن الرحيم,22,ok,
IJyad/whisper-large-v3-Tarteel,data\uploads\segments\user_32fea45f950a4a928ca3a8d7ec92aca5\user_32fea45f950a4a928ca3a8d7ec92aca5_segment_002.wav,5.345,8.167730199988,1.5281066791371376,الحمد لله رب العالمين,21,ok,
IJyad/whisper-large-v3-Tarteel,data\uploads\segments\user_32fea45f950a4a928ca3a8d7ec92aca5\user_32fea45f950a4a928ca3a8d7ec92aca5_segment_003.wav,3.517,5.141038399975514,1.461768097803672,الرحمن الرحيم,13,ok,
IJyad/whisper-large-v3-Tarteel,data\uploads\segments\user_32fea45f950a4a928ca3a8d7ec92aca5\user_32fea45f950a4a928ca3a8d7ec92aca5_segment_004.wav,4.244,6.236940800008597,1.4695901979285102,ملك يوم الدين,13,ok,
IJyad/whisper-large-v3-Tarteel,data\uploads\segments\user_32fea45f950a4a928ca3a8d7ec92aca5\user_32fea45f950a4a928ca3a8d7ec92aca5_segment_005.wav,5.695,18.26560050001717,3.207304741003893,ان يكن اعبد واني كن استاعيد,27,ok,
IJyad/whisper-large-v3-Tarteel,data\uploads\segments\user_32fea45f950a4a928ca3a8d7ec92aca5\user_32fea45f950a4a928ca3a8d7ec92aca5_segment_006.wav,4.473,8.72300689999247,1.9501468589296824,اهدين الصراط المستقيم,21,ok,
IJyad/whisper-large-v3-Tarteel,data\uploads\segments\user_32fea45f950a4a928ca3a8d7ec92aca5\user_32fea45f950a4a928ca3a8d7ec92aca5_segment_007.wav,11.44,20.82550059998175,1.8204108916067965,سراط الذين انعمت عليهم غير المغطوب عليه والدالين,48,ok,
IJyad/whisper-large-v3-Tarteel,data\uploads\segments\user_36bda2780c8a488f9ef1ade790301280\natural\user_36bda2780c8a488f9ef1ade790301280_natural_segment_001.wav,3.74,6.803287799993996,1.8190609090893035,بسم الله الرحمن الرحيم,22,ok,
IJyad/whisper-large-v3-Tarteel,data\uploads\segments\user_36bda2780c8a488f9ef1ade790301280\natural\user_36bda2780c8a488f9ef1ade790301280_natural_segment_002.wav,3.551,5.958329999994021,1.67793016051648,الحمد لله رب العالمين,21,ok,
IJyad/whisper-large-v3-Tarteel,data\uploads\segments\user_36bda2780c8a488f9ef1ade790301280\natural\user_36bda2780c8a488f9ef1ade790301280_natural_segment_003.wav,3.269,4.046161799982656,1.2377368614202067,الرحمن الرحيم,13,ok,
IJyad/whisper-large-v3-Tarteel,data\uploads\segments\user_3c2c32cdce1a4ce48ce5596cd79a1687\free_detect\user_3c2c32cdce1a4ce48ce5596cd79a1687_free_segment_001.wav,3.602,4.853624899988063,1.3474805385863584,الف لا ميم,10,ok,
IJyad/whisper-large-v3-Tarteel,data\uploads\segments\user_3c2c32cdce1a4ce48ce5596cd79a1687\free_detect\user_3c2c32cdce1a4ce48ce5596cd79a1687_free_segment_002.wav,5.095,14.000313399999868,2.7478534641805434,ذلك الكتاب لا ريب فيهدي للمتقين,31,ok,
IJyad/whisper-large-v3-Tarteel,data\uploads\segments\user_3c2c32cdce1a4ce48ce5596cd79a1687\free_detect\user_3c2c32cdce1a4ce48ce5596cd79a1687_free_segment_003.wav,23.273,56.89393439999549,2.444632595711575,الذين يؤمنون بالغيب ويقيمون الصلاه ومما رزقناهم ينفقون والذين يامنوا بما انزل اليك ولو شاء الله البيت الحق فيقتلون اولئك عنه دم ربهم واولاك ه,141,ok,
IJyad/whisper-large-v3-Tarteel,data\uploads\segments\user_3c2c32cdce1a4ce48ce5596cd79a1687\free_detect\user_3c2c32cdce1a4ce48ce5596cd79a1687_free_segment_004.wav,1.561,3.215081200003624,2.0596292120458837,شكرا,4,ok,
IJyad/whisper-large-v3-Tarteel,data\uploads\segments\user_4c585f860ccf4b5fac45ed948c415066\natural\user_4c585f860ccf4b5fac45ed948c415066_natural_segment_001.wav,2.684,5.416934200009564,2.0182318181853813,الف لا من,9,ok,
IJyad/whisper-large-v3-Tarteel,data\uploads\segments\user_4c585f860ccf4b5fac45ed948c415066\natural\user_4c585f860ccf4b5fac45ed948c415066_natural_segment_002.wav,4.665,14.539309099985985,3.1166793354739517,ذلك الكتاب لغريب فيه هدي للمتقين,32,ok,
IJyad/whisper-large-v3-Tarteel,data\uploads\segments\user_4c585f860ccf4b5fac45ed948c415066\natural\user_4c585f860ccf4b5fac45ed948c415066_natural_segment_003.wav,8.047,21.11124589998508,2.62349271778117,الذين يؤمنون بالغيب ويقيمون الصلاه ومما رزقناهم ينفقون,54,ok,
IJyad/whisper-large-v3-Tarteel,data\uploads\segments\user_4cb2d81dfe43491e9532056a4169f59e\natural\user_4cb2d81dfe43491e9532056a4169f59e_natural_segment_001.wav,3.306,5.1365732999984175,1.553712431941445,الف لاميم,9,ok,
IJyad/whisper-large-v3-Tarteel,data\uploads\segments\user_4cb2d81dfe43491e9532056a4169f59e\natural\user_4cb2d81dfe43491e9532056a4169f59e_natural_segment_002.wav,4.602,14.277930200012634,3.1025489352482905,ذلك الكتاب لا ريب فيه هدي للمتقين,33,ok,
IJyad/whisper-large-v3-Tarteel,data\uploads\segments\user_4cb2d81dfe43491e9532056a4169f59e\natural\user_4cb2d81dfe43491e9532056a4169f59e_natural_segment_003.wav,7.512,21.68320390000008,2.8864754925452716,الذين يؤمنون بالغيب ويقيمون الصلاه ومما رزقناهم ينفقون,54,ok,
IJyad/whisper-large-v3-Tarteel,data\uploads\segments\user_4ee9685a0c2d4f8d9b9e49983e5b737c\expected_count\user_4ee9685a0c2d4f8d9b9e49983e5b737c_expected_segment_001.wav,4.041,5.13863939998555,1.271625686707634,الف لا من,9,ok,
IJyad/whisper-large-v3-Tarteel,data\uploads\segments\user_4ee9685a0c2d4f8d9b9e49983e5b737c\expected_count\user_4ee9685a0c2d4f8d9b9e49983e5b737c_expected_segment_002.wav,6.015,12.328709299996262,2.0496607315039506,ذلك الكتاب لا ريب فيه وما تقين,30,ok,
IJyad/whisper-large-v3-Tarteel,data\uploads\segments\user_4ee9685a0c2d4f8d9b9e49983e5b737c\expected_count\user_4ee9685a0c2d4f8d9b9e49983e5b737c_expected_segment_003.wav,15.964,42.081277899997076,2.6360108932596513,والذين يؤمنون بالغيب ويقيمون الصلاه ومما رزقناهم ينفقون والله يتبين بايات الله ما انزل اليك وان تقتلون ا,104,ok,
IJyad/whisper-large-v3-Tarteel,data\uploads\segments\user_4ee9685a0c2d4f8d9b9e49983e5b737c\expected_count\user_4ee9685a0c2d4f8d9b9e49983e5b737c_expected_segment_004.wav,13.7,36.77711520000594,2.6844609635040833,وزل من قبلك وبالاخره هم يواغنون اولئك علي هدم ربهم واولائك هم الففلحون,70,ok,
IJyad/whisper-large-v3-Tarteel,data\uploads\segments\user_4ee9685a0c2d4f8d9b9e49983e5b737c\free_detect\user_4ee9685a0c2d4f8d9b9e49983e5b737c_free_segment_001.wav,4.041,5.133591499994509,1.2703765157125733,الف لا من,9,ok,
IJyad/whisper-large-v3-Tarteel,data\uploads\segments\user_4ee9685a0c2d4f8d9b9e49983e5b737c\free_detect\user_4ee9685a0c2d4f8d9b9e49983e5b737c_free_segment_002.wav,3.678,9.832894000021042,2.673435019037804,ذلك الكتاب لا ريب فيه,21,ok,
IJyad/whisper-large-v3-Tarteel,data\uploads\segments\user_4ee9685a0c2d4f8d9b9e49983e5b737c\free_detect\user_4ee9685a0c2d4f8d9b9e49983e5b737c_free_segment_003.wav,2.337,2.6541173000005074,1.1356941805736016,انتقين,6,ok,
IJyad/whisper-large-v3-Tarteel,data\uploads\segments\user_4ee9685a0c2d4f8d9b9e49983e5b737c\free_detect\user_4ee9685a0c2d4f8d9b9e49983e5b737c_free_segment_004.wav,9.457,21.689448999997694,2.293480913608723,الذين يؤمنون بالغيب ويقيمون الصلاه ومما رزقناهم ينفقون,54,ok,
IJyad/whisper-large-v3-Tarteel,data\uploads\segments\user_4ee9685a0c2d4f8d9b9e49983e5b737c\free_detect\user_4ee9685a0c2d4f8d9b9e49983e5b737c_free_segment_005.wav,6.507,20.266655199986417,3.1145927770072874,والذين يؤمنون بما انزل اليك وما تعلمون,38,ok,
IJyad/whisper-large-v3-Tarteel,data\uploads\segments\user_4ee9685a0c2d4f8d9b9e49983e5b737c\free_detect\user_4ee9685a0c2d4f8d9b9e49983e5b737c_free_segment_006.wav,5.681,14.535873700020602,2.558682221443514,وزل من قبلك وبالاخره هم يواغنون,31,ok,
IJyad/whisper-large-v3-Tarteel,data\uploads\segments\user_4ee9685a0c2d4f8d9b9e49983e5b737c\free_detect\user_4ee9685a0c2d4f8d9b9e49983e5b737c_free_segment_007.wav,8.019,17.68046050000703,2.204821112359026,اولئك علي هدي من ربهم واوليك هم المفلحون,40,ok,
IJyad/whisper-large-v3-Tarteel,data\uploads\segments\user_4ee9685a0c2d4f8d9b9e49983e5b737c\natural\user_4ee9685a0c2d4f8d9b9e49983e5b737c_natural_segment_001.wav,4.041,5.132384399999864,1.270077802524094,الف لا من,9,ok,
IJyad/whisper-large-v3-Tarteel,data\uploads\segments\user_4ee9685a0c2d4f8d9b9e49983e5b737c\natural\user_4ee9685a0c2d4f8d9b9e49983e5b737c_natural_segment_002.wav,3.678,9.822709499974735,2.6706659869425597,ذلك الكتاب لا ريب فيه,21,ok,
IJyad/whisper-large-v3-Tarteel,data\uploads\segments\user_4ee9685a0c2d4f8d9b9e49983e5b737c\natural\user_4ee9685a0c2d4f8d9b9e49983e5b737c_natural_segment_003.wav,2.337,2.653331799985608,1.13535806589029,انتقين,6,ok,
IJyad/whisper-large-v3-Tarteel,data\uploads\segments\user_4ee9685a0c2d4f8d9b9e49983e5b737c\natural\user_4ee9685a0c2d4f8d9b9e49983e5b737c_natural_segment_004.wav,9.457,21.68837970000459,2.29336784392562,الذين يؤمنون بالغيب ويقيمون الصلاه ومما رزقناهم ينفقون,54,ok,
IJyad/whisper-large-v3-Tarteel,data\uploads\segments\user_4ee9685a0c2d4f8d9b9e49983e5b737c\natural\user_4ee9685a0c2d4f8d9b9e49983e5b737c_natural_segment_005.wav,6.507,20.620286000019405,3.1689389887842947,والذين يؤمنون بما انزل اليك وما تعلمون,38,ok,
IJyad/whisper-large-v3-Tarteel,data\uploads\segments\user_4ee9685a0c2d4f8d9b9e49983e5b737c\natural\user_4ee9685a0c2d4f8d9b9e49983e5b737c_natural_segment_006.wav,5.681,16.889523899997585,2.9729843161410994,وزل من قبلك وبالاخره هم يواغنون,31,ok,
IJyad/whisper-large-v3-Tarteel,data\uploads\segments\user_4ee9685a0c2d4f8d9b9e49983e5b737c\natural\user_4ee9685a0c2d4f8d9b9e49983e5b737c_natural_segment_007.wav,8.019,19.447463200020138,2.4251731138571064,اولئك علي هدي من ربهم واوليك هم المفلحون,40,ok,
IJyad/whisper-large-v3-Tarteel,data\uploads\segments\user_4fdd1fdb18694844a382c6ee718929da\free_detect\user_4fdd1fdb18694844a382c6ee718929da_free_segment_001.wav,4.217,5.553211599995848,1.3168630780165635,الف لا من,9,ok,
IJyad/whisper-large-v3-Tarteel,data\uploads\segments\user_4fdd1fdb18694844a382c6ee718929da\free_detect\user_4fdd1fdb18694844a382c6ee718929da_free_segment_002.wav,5.762,18.255152600002475,3.1681972578969937,ذلك الكتاب لا ريب فيه هدي للمتقين,33,ok,
IJyad/whisper-large-v3-Tarteel,data\uploads\segments\user_4fdd1fdb18694844a382c6ee718929da\free_detect\user_4fdd1fdb18694844a382c6ee718929da_free_segment_003.wav,9.445,32.40135810000356,3.430530238221658,الذين يؤمنون بالغيم ويقيمون الصلاه ومن ما رزقناهم ينفقون,56,ok,
IJyad/whisper-large-v3-Tarteel,data\uploads\segments\user_4fdd1fdb18694844a382c6ee718929da\free_detect\user_4fdd1fdb18694844a382c6ee718929da_free_segment_004.wav,7.666,26.55521140000201,3.4640244456042275,والذين يؤمنون بما انزل انيك وما هم زاده البيت الحريق,52,ok,
IJyad/whisper-large-v3-Tarteel,data\uploads\segments\user_4fdd1fdb18694844a382c6ee718929da\free_detect\user_4fdd1fdb18694844a382c6ee718929da_free_segment_005.wav,5.728,17.96623630000977,3.1365635998620407,زن من قبلك ومن اخره هم يوقنون,29,ok,
IJyad/whisper-large-v3-Tarteel,data\uploads\segments\user_4fdd1fdb18694844a382c6ee718929da\free_detect\user_4fdd1fdb18694844a382c6ee718929da_free_segment_006.wav,9.252,23.290581600012956,2.5173564202348633,اولئك علي هدي من ربهم واولائك هم المفلحون,41,ok,
IJyad/whisper-large-v3-Tarteel,data\uploads\segments\user_538bf9826ba5403f9790a437aa771e16\free_detect\user_538bf9826ba5403f9790a437aa771e16_free_segment_001.wav,3.74,7.451489300001413,1.9923768181821957,الف لا ميم,10,ok,
IJyad/whisper-large-v3-Tarteel,data\uploads\segments\user_538bf9826ba5403f9790a437aa771e16\free_detect\user_538bf9826ba5403f9790a437aa771e16_free_segment_002.wav,4.979,19.7120358000102,3.9590351074533436,ذلك الكتاب لريب فيه هدي للمتقين,31,ok,
IJyad/whisper-large-v3-Tarteel,data\uploads\segments\user_538bf9826ba5403f9790a437aa771e16\free_detect\user_538bf9826ba5403f9790a437aa771e16_free_segment_003.wav,25.721,133.6192977000028,5.1949495626143145,الذين يؤمنون بالغيب ويقيمون الصلاه ومما رزقناهم ينفقون والذين يؤمنون بما انزل اليك ودره اولئك هم المفلحون,105,ok,
IJyad/whisper-large-v3-Tarteel,data\uploads\segments\user_5441c14ba6344179b291f3d0c78dc264\natural\user_5441c14ba6344179b291f3d0c78dc264_natural_segment_001.wav,3.565,15.272567799984245,4.284030238424753,بسم الله الرحمن الرحيم,22,ok,
IJyad/whisper-large-v3-Tarteel,data\uploads\segments\user_5441c14ba6344179b291f3d0c78dc264\natural\user_5441c14ba6344179b291f3d0c78dc264_natural_segment_002.wav,3.523,12.118809700012207,3.439911921661143,الحمد لله رب العالمين,21,ok,
IJyad/whisper-large-v3-Tarteel,data\uploads\segments\user_5441c14ba6344179b291f3d0c78dc264\natural\user_5441c14ba6344179b291f3d0c78dc264_natural_segment_003.wav,3.023,11.819502600003034,3.9098586172686183,الرحمن الرحيم,13,ok,
IJyad/whisper-large-v3-Tarteel,data\uploads\segments\user_5441c14ba6344179b291f3d0c78dc264\natural\user_5441c14ba6344179b291f3d0c78dc264_natural_segment_004.wav,3.051,10.29954030000954,3.375791642087689,مالك يوم الدين,14,ok,
IJyad/whisper-large-v3-Tarteel,data\uploads\segments\user_5441c14ba6344179b291f3d0c78dc264\natural\user_5441c14ba6344179b291f3d0c78dc264_natural_segment_005.wav,3.923,13.704082899988862,3.493266097371619,ان يكن عبد وانيا كان استعين,27,ok,
IJyad/whisper-large-v3-Tarteel,data\uploads\segments\user_5441c14ba6344179b291f3d0c78dc264\natural\user_5441c14ba6344179b291f3d0c78dc264_natural_segment_006.wav,2.966,6.8706833999895025,2.3164812542108906,يدينا الصراط المستقيم,21,ok,
IJyad/whisper-large-v3-Tarteel,data\uploads\segments\user_5441c14ba6344179b291f3d0c78dc264\natural\user_5441c14ba6344179b291f3d0c78dc264_natural_segment_007.wav,7.794,22.6120804999955,2.901216384397678,سراض الذين نعمت عنيهم غير المغضو عنيهم والرطالين,48,ok,
IJyad/whisper-large-v3-Tarteel,data\uploads\segments\user_61cdcdaa87eb4d83af34df6280b042bf\free_detect\user_61cdcdaa87eb4d83af34df6280b042bf_free_segment_001.wav,2.852,7.788389500026824,2.7308518583544266,الف لا ميم,10,ok,
IJyad/whisper-large-v3-Tarteel,data\uploads\segments\user_61cdcdaa87eb4d83af34df6280b042bf\free_detect\user_61cdcdaa87eb4d83af34df6280b042bf_free_segment_002.wav,4.948,16.616557900008047,3.358237247374302,ذلك الكتاب لا ريب فيه هدي للمتقين,33,ok,
IJyad/whisper-large-v3-Tarteel,data\uploads\segments\user_61cdcdaa87eb4d83af34df6280b042bf\natural\user_61cdcdaa87eb4d83af34df6280b042bf_natural_segment_001.wav,2.852,7.518815099989297,2.636330680220651,الف لا ميم,10,ok,
IJyad/whisper-large-v3-Tarteel,data\uploads\segments\user_61cdcdaa87eb4d83af34df6280b042bf\natural\user_61cdcdaa87eb4d83af34df6280b042bf_natural_segment_002.wav,4.948,20.502195700013544,4.143531871465955,ذلك الكتاب لا ريب فيه هدي للمتقين,33,ok,
IJyad/whisper-large-v3-Tarteel,data\uploads\segments\user_64a62bd456da4b6b840590b70eabc2dd\natural\user_64a62bd456da4b6b840590b70eabc2dd_natural_segment_001.wav,4.098,9.804350099992007,2.3924719619306996,الف لامي,8,ok,
IJyad/whisper-large-v3-Tarteel,data\uploads\segments\user_64a62bd456da4b6b840590b70eabc2dd\natural\user_64a62bd456da4b6b840590b70eabc2dd_natural_segment_002.wav,5.457,21.917613500001607,4.0164217518786165,ذلك الكتاب لا ريب فيه هدي للمتقين,33,ok,
IJyad/whisper-large-v3-Tarteel,data\uploads\segments\user_64a62bd456da4b6b840590b70eabc2dd\natural\user_64a62bd456da4b6b840590b70eabc2dd_natural_segment_003.wav,8.385,31.94049979999545,3.8092426714365475,الذين يؤمنون بالغيب ويقيمون الصلاه ومما رزقناهم ينفقون,54,ok,
IJyad/whisper-large-v3-Tarteel,data\uploads\segments\user_661fe355a9524f0b85e68cb23343e5bf\free_detect\user_661fe355a9524f0b85e68cb23343e5bf_free_segment_001.wav,6.6,16.174104599980637,2.4506219090879755,ولا انتم عابدون ما اعبد,23,ok,
IJyad/whisper-large-v3-Tarteel,data\uploads\segments\user_6b87342b6b0e41a0871d8f77711f844e\user_6b87342b6b0e41a0871d8f77711f844e_segment_001.wav,4.909,13.271067599998787,2.70341568547541,بسم الله الرحمن الرحيم,22,ok,
IJyad/whisper-large-v3-Tarteel,data\uploads\segments\user_6b87342b6b0e41a0871d8f77711f844e\user_6b87342b6b0e41a0871d8f77711f844e_segment_002.wav,6.126,13.608890800009249,2.22149702905799,الحمد لله رب العالمين,21,ok,
IJyad/whisper-large-v3-Tarteel,data\uploads\segments\user_6b87342b6b0e41a0871d8f77711f844e\user_6b87342b6b0e41a0871d8f77711f844e_segment_003.wav,4.007,11.101510400010739,2.7705291739482756,الرحمن الرحيم,13,ok,
IJyad/whisper-large-v3-Tarteel,data\uploads\segments\user_6b87342b6b0e41a0871d8f77711f844e\user_6b87342b6b0e41a0871d8f77711f844e_segment_004.wav,4.119,12.413322100008372,3.013673731490258,منك يغم الدين,13,ok,
IJyad/whisper-large-v3-Tarteel,data\uploads\segments\user_6b87342b6b0e41a0871d8f77711f844e\user_6b87342b6b0e41a0871d8f77711f844e_segment_005.wav,5.783,21.598749700002372,3.7348693930490007,ان ياك نعبد وان الذين يستعيدون,30,ok,
IJyad/whisper-large-v3-Tarteel,data\uploads\segments\user_6b87342b6b0e41a0871d8f77711f844e\user_6b87342b6b0e41a0871d8f77711f844e_segment_006.wav,4.569,15.82973579998361,3.4645952724849223,اهدين الصراط المستقيم,21,ok,
IJyad/whisper-large-v3-Tarteel,data\uploads\segments\user_6b87342b6b0e41a0871d8f77711f844e\user_6b87342b6b0e41a0871d8f77711f844e_segment_007.wav,10.687,31.547374000016134,2.9519391784426063,سراض الذين انعمت عليهم غير المغضوب عليه والضالين,48,ok,
IJyad/whisper-large-v3-Tarteel,data\uploads\segments\user_6ccbdac702be4dbcb9236d631cf625d6\free_detect\user_6ccbdac702be4dbcb9236d631cf625d6_free_segment_001.wav,3.842,10.714892399992095,2.788884018738182,الف لا من,9,ok,
IJyad/whisper-large-v3-Tarteel,data\uploads\segments\user_6ccbdac702be4dbcb9236d631cf625d6\free_detect\user_6ccbdac702be4dbcb9236d631cf625d6_free_segment_002.wav,7.376,22.634221800020896,3.068630938180707,ذلك الكتاب لا ريب فيه هدي للمتقين,33,ok,
IJyad/whisper-large-v3-Tarteel,data\uploads\segments\user_6ccbdac702be4dbcb9236d631cf625d6\free_detect\user_6ccbdac702be4dbcb9236d631cf625d6_free_segment_003.wav,10.894,20.741892099991674,1.9039739397826028,الذين يؤمنون بالغيب ويقيمون الصلات ومما رزقناهم ينفقون,54,ok,
IJyad/whisper-large-v3-Tarteel,data\uploads\segments\user_6ccbdac702be4dbcb9236d631cf625d6\free_detect\user_6ccbdac702be4dbcb9236d631cf625d6_free_segment_004.wav,13.198,38.565140699996846,2.9220443021667557,والذين يؤمنون بما انزل اليك وما هم زل من قبلك وبالاخره هم يرقلون,64,ok,
IJyad/whisper-large-v3-Tarteel,data\uploads\segments\user_6ccbdac702be4dbcb9236d631cf625d6\natural\user_6ccbdac702be4dbcb9236d631cf625d6_natural_segment_001.wav,3.842,10.753926999983378,2.7990439875021806,الف لا من,9,ok,
IJyad/whisper-large-v3-Tarteel,data\uploads\segments\user_6ccbdac702be4dbcb9236d631cf625d6\natural\user_6ccbdac702be4dbcb9236d631cf625d6_natural_segment_002.wav,7.376,22.81524530000752,3.0931731697407154,ذلك الكتاب لا ريب فيه هدي للمتقين,33,ok,
IJyad/whisper-large-v3-Tarteel,data\uploads\segments\user_6ccbdac702be4dbcb9236d631cf625d6\natural\user_6ccbdac702be4dbcb9236d631cf625d6_natural_segment_003.wav,10.894,20.39418790000491,1.8720569028827712,الذين يؤمنون بالغيب ويقيمون الصلات ومما رزقناهم ينفقون,54,ok,
IJyad/whisper-large-v3-Tarteel,data\uploads\segments\user_6ccbdac702be4dbcb9236d631cf625d6\natural\user_6ccbdac702be4dbcb9236d631cf625d6_natural_segment_004.wav,13.198,37.79525719999219,2.863710956204894,والذين يؤمنون بما انزل اليك وما هم زل من قبلك وبالاخره هم يرقلون,64,ok,
IJyad/whisper-large-v3-Tarteel,data\uploads\segments\user_756fc1a0e110499c9e2085b269f2c0af\user_756fc1a0e110499c9e2085b269f2c0af_segment_001.wav,1.009,10.383499700023094,10.290881764145784,موسيقي,6,ok,
IJyad/whisper-large-v3-Tarteel,data\uploads\segments\user_756fc1a0e110499c9e2085b269f2c0af\user_756fc1a0e110499c9e2085b269f2c0af_segment_002.wav,3.947,12.715630799997598,3.2215938180890795,بسم الله الرحمن الرحيم,22,ok,
IJyad/whisper-large-v3-Tarteel,data\uploads\segments\user_756fc1a0e110499c9e2085b269f2c0af\user_756fc1a0e110499c9e2085b269f2c0af_segment_003.wav,0.766,8.884847099980107,11.599017101801705,شكرا لكم,8,ok,
IJyad/whisper-large-v3-Tarteel,data\uploads\segments\user_756fc1a0e110499c9e2085b269f2c0af\user_756fc1a0e110499c9e2085b269f2c0af_segment_004.wav,4.674,14.797213200014085,3.165856482673103,الحمد لله رب العالمين,21,ok,
IJyad/whisper-large-v3-Tarteel,data\uploads\segments\user_756fc1a0e110499c9e2085b269f2c0af\user_756fc1a0e110499c9e2085b269f2c0af_segment_005.wav,4.633,10.618066399998497,2.2918338873296995,الرحمن الرحيم,13,ok,
IJyad/whisper-large-v3-Tarteel,data\uploads\segments\user_756fc1a0e110499c9e2085b269f2c0af\user_756fc1a0e110499c9e2085b269f2c0af_segment_006.wav,4.398,8.502879700012272,1.9333514552097029,ملك يوم الدين,13,ok,
IJyad/whisper-large-v3-Tarteel,data\uploads\segments\user_756fc1a0e110499c9e2085b269f2c0af\user_756fc1a0e110499c9e2085b269f2c0af_segment_007.wav,5.726,23.63038200000301,4.126856793573701,ان ياك نعبل وانيا كن استعين,27,ok,
IJyad/whisper-large-v3-Tarteel,data\uploads\segments\user_756fc1a0e110499c9e2085b269f2c0af\user_756fc1a0e110499c9e2085b269f2c0af_segment_008.wav,0.734,8.706172199978027,11.861270027218021,شكرا لك,7,ok,
IJyad/whisper-large-v3-Tarteel,data\uploads\segments\user_756fc1a0e110499c9e2085b269f2c0af\user_756fc1a0e110499c9e2085b269f2c0af_segment_009.wav,4.016,15.298679500003345,3.8094321464151757,اهدين الصراط المستقيم,21,ok,
IJyad/whisper-large-v3-Tarteel,data\uploads\segments\user_756fc1a0e110499c9e2085b269f2c0af\user_756fc1a0e110499c9e2085b269f2c0af_segment_010.wav,7.506,32.22450129999197,4.293165640819607,سراط الذين انعمت عليهم غير المغضوم عليم ولده بالارض,51,ok,
IJyad/whisper-large-v3-Tarteel,data\uploads\segments\user_756fc1a0e110499c9e2085b269f2c0af\user_756fc1a0e110499c9e2085b269f2c0af_segment_011.wav,5.251,7.7827187000075355,1.4821402970877042,طاليد,5,ok,
IJyad/whisper-large-v3-Tarteel,data\uploads\segments\user_797063addc5f4de589a44aba3b26fa94\free_detect\user_797063addc5f4de589a44aba3b26fa94_free_segment_001.wav,4.055,10.29605140001513,2.5391002219519434,الف لا من,9,ok,
IJyad/whisper-large-v3-Tarteel,data\uploads\segments\user_797063addc5f4de589a44aba3b26fa94\free_detect\user_797063addc5f4de589a44aba3b26fa94_free_segment_002.wav,6.416,23.13930620002793,3.6065003428971214,ذلك الكتاب العريب فيهدي للمتقين,31,ok,
IJyad/whisper-large-v3-Tarteel,data\uploads\segments\user_797063addc5f4de589a44aba3b26fa94\free_detect\user_797063addc5f4de589a44aba3b26fa94_free_segment_003.wav,9.517,20.82012100002612,2.1876768939819398,الذين يؤمنون بالغيب ويقيمون الصلات ومما رزقناهم ينفقون,54,ok,
IJyad/whisper-large-v3-Tarteel,data\uploads\segments\user_797063addc5f4de589a44aba3b26fa94\free_detect\user_797063addc5f4de589a44aba3b26fa94_free_segment_004.wav,12.54,47.54501599998912,3.7914685805413972,والذين يؤمنون بما انزل اليك وما تلقي لهم ان يؤتين بايات الله الانبياء والله يعلم بصير,85,ok,
IJyad/whisper-large-v3-Tarteel,data\uploads\segments\user_797063addc5f4de589a44aba3b26fa94\free_detect\user_797063addc5f4de589a44aba3b26fa94_free_segment_005.wav,8.844,26.51218299998436,2.9977592718209367,اولئك علي هدي من ربهم واولائك هم المفلحون,41,ok,
IJyad/whisper-large-v3-Tarteel,data\uploads\segments\user_797063addc5f4de589a44aba3b26fa94\natural\user_797063addc5f4de589a44aba3b26fa94_natural_segment_001.wav,4.055,10.07584930001758,2.484796374850205,الف لا من,9,ok,
IJyad/whisper-large-v3-Tarteel,data\uploads\segments\user_797063addc5f4de589a44aba3b26fa94\natural\user_797063addc5f4de589a44aba3b26fa94_natural_segment_002.wav,6.416,21.822928299981868,3.401329223812635,ذلك الكتاب العريب فيهدي للمتقين,31,ok,
IJyad/whisper-large-v3-Tarteel,data\uploads\segments\user_797063addc5f4de589a44aba3b26fa94\natural\user_797063addc5f4de589a44aba3b26fa94_natural_segment_003.wav,9.517,20.784248799987836,2.183907617945554,الذين يؤمنون بالغيب ويقيمون الصلات ومما رزقناهم ينفقون,54,ok,
IJyad/whisper-large-v3-Tarteel,data\uploads\segments\user_797063addc5f4de589a44aba3b26fa94\natural\user_797063addc5f4de589a44aba3b26fa94_natural_segment_004.wav,12.54,47.48140320001403,3.786395789474803,والذين يؤمنون بما انزل اليك وما تلقي لهم ان يؤتين بايات الله الانبياء والله يعلم بصير,85,ok,
IJyad/whisper-large-v3-Tarteel,data\uploads\segments\user_797063addc5f4de589a44aba3b26fa94\natural\user_797063addc5f4de589a44aba3b26fa94_natural_segment_005.wav,8.844,27.045749599987175,3.058090185435004,اولئك علي هدي من ربهم واولائك هم المفلحون,41,ok,
IJyad/whisper-large-v3-Tarteel,data\uploads\segments\user_7c619fc776f44f8c8449dcb29c4d8851\user_7c619fc776f44f8c8449dcb29c4d8851_segment_001.wav,4.716,13.051287500013132,2.76744857930728,بسم الله الرحمن الرحيم,22,ok,
IJyad/whisper-large-v3-Tarteel,data\uploads\segments\user_7c619fc776f44f8c8449dcb29c4d8851\user_7c619fc776f44f8c8449dcb29c4d8851_segment_002.wav,4.911,14.755602099990938,3.0046023416800933,الحمد لله رب العالمين,21,ok,
IJyad/whisper-large-v3-Tarteel,data\uploads\segments\user_7c619fc776f44f8c8449dcb29c4d8851\user_7c619fc776f44f8c8449dcb29c4d8851_segment_003.wav,3.201,9.071508299995912,2.833960731020279,الرحمن الرحيم,13,ok,
IJyad/whisper-large-v3-Tarteel,data\uploads\segments\user_7c619fc776f44f8c8449dcb29c4d8851\user_7c619fc776f44f8c8449dcb29c4d8851_segment_004.wav,3.215,9.30492840000079,2.8942234525663424,مانيك يوم التين,15,ok,
IJyad/whisper-large-v3-Tarteel,data\uploads\segments\user_7c619fc776f44f8c8449dcb29c4d8851\user_7c619fc776f44f8c8449dcb29c4d8851_segment_005.wav,5.007,24.972564800002147,4.987530417416047,ان يك نعبد وان الذين يكون العذاب يعنبون,39,ok,
IJyad/whisper-large-v3-Tarteel,data\uploads\segments\user_7c619fc776f44f8c8449dcb29c4d8851\user_7c619fc776f44f8c8449dcb29c4d8851_segment_006.wav,13.27,40.215398600004846,3.0305500075361604,اهدنا الصراطه المستقيمه صرط الذين انعمت عليهم غير المغضوب ولا تطالين,68,ok,
IJyad/whisper-large-v3-Tarteel,data\uploads\segments\user_80d7a099719e4c3e8bb9b262ef87b399\expected_count\user_80d7a099719e4c3e8bb9b262ef87b399_expected_segment_001.wav,4.189,12.421955900004832,2.965375005969165,بسم الله الرحمن الرحيم,22,ok,
IJyad/whisper-large-v3-Tarteel,data\uploads\segments\user_80d7a099719e4c3e8bb9b262ef87b399\expected_count\user_80d7a099719e4c3e8bb9b262ef87b399_expected_segment_002.wav,4.241,10.234886599995662,2.413319170006051,الحمد لله رب العالمين,21,ok,
IJyad/whisper-large-v3-Tarteel,data\uploads\segments\user_80d7a099719e4c3e8bb9b262ef87b399\expected_count\user_80d7a099719e4c3e8bb9b262ef87b399_expected_segment_003.wav,3.132,10.941334000002826,3.4934016602818727,الرحمن الرحيم,13,ok,
IJyad/whisper-large-v3-Tarteel,data\uploads\segments\user_80d7a099719e4c3e8bb9b262ef87b399\expected_count\user_80d7a099719e4c3e8bb9b262ef87b399_expected_segment_004.wav,2.998,11.86952329997439,3.9591471981235453,مرك يوم الدين,13,ok,
IJyad/whisper-large-v3-Tarteel,data\uploads\segments\user_80d7a099719e4c3e8bb9b262ef87b399\expected_count\user_80d7a099719e4c3e8bb9b262ef87b399_expected_segment_005.wav,4.405,18.250518500019098,4.1431370034095565,انك نعبد وانك نستعين,20,ok,
IJyad/whisper-large-v3-Tarteel,data\uploads\segments\user_80d7a099719e4c3e8bb9b262ef87b399\expected_count\user_80d7a099719e4c3e8bb9b262ef87b399_expected_segment_006.wav,9.775,39.09884050002438,3.999881381076663,اهدنا الصراطه المستقيم صلاط الكافرين ان امت عنهم غير المغضوب عليه الطال,71,ok,
IJyad/whisper-large-v3-Tarteel,data\uploads\segments\user_80d7a099719e4c3e8bb9b262ef87b399\natural\user_80d7a099719e4c3e8bb9b262ef87b399_natural_segment_001.wav,4.189,12.098109099984867,2.8880661494353945,بسم الله الرحمن الرحيم,22,ok,
IJyad/whisper-large-v3-Tarteel,data\uploads\segments\user_80d7a099719e4c3e8bb9b262ef87b399\natural\user_80d7a099719e4c3e8bb9b262ef87b399_natural_segment_002.wav,4.241,10.266740299994126,2.4208300636628453,الحمد لله رب العالمين,21,ok,
IJyad/whisper-large-v3-Tarteel,data\uploads\segments\user_80d7a099719e4c3e8bb9b262ef87b399\natural\user_80d7a099719e4c3e8bb9b262ef87b399_natural_segment_003.wav,3.132,11.048362200002884,3.527574137931955,الرحمن الرحيم,13,ok,
IJyad/whisper-large-v3-Tarteel,data\uploads\segments\user_80d7a099719e4c3e8bb9b262ef87b399\natural\user_80d7a099719e4c3e8bb9b262ef87b399_natural_segment_004.wav,2.998,11.878558700002031,3.962161007338903,مرك يوم الدين,13,ok,
IJyad/whisper-large-v3-Tarteel,data\uploads\segments\user_80d7a099719e4c3e8bb9b262ef87b399\natural\user_80d7a099719e4c3e8bb9b262ef87b399_natural_segment_005.wav,4.405,18.67077810000046,4.238542133938811,انك نعبد وانك نستعين,20,ok,
IJyad/whisper-large-v3-Tarteel,data\uploads\segments\user_80d7a099719e4c3e8bb9b262ef87b399\natural\user_80d7a099719e4c3e8bb9b262ef87b399_natural_segment_006.wav,9.775,39.8641956000065,4.0781785780057795,اهدنا الصراطه المستقيم صلاط الكافرين ان امت عنهم غير المغضوب عليه الطال,71,ok,
IJyad/whisper-large-v3-Tarteel,data\uploads\segments\user_82f3fad1cb9844c89c8e73ac9e0f75d7\free_detect\user_82f3fad1cb9844c89c8e73ac9e0f75d7_free_segment_001.wav,3.438,10.761629999993602,3.130200698078418,الف لاميم,9,ok,
IJyad/whisper-large-v3-Tarteel,data\uploads\segments\user_82f3fad1cb9844c89c8e73ac9e0f75d7\free_detect\user_82f3fad1cb9844c89c8e73ac9e0f75d7_free_segment_002.wav,1.228,8.145801700011361,6.63338900652391,شكرا,4,ok,
IJyad/whisper-large-v3-Tarteel,data\uploads\segments\user_82f3fad1cb9844c89c8e73ac9e0f75d7\free_detect\user_82f3fad1cb9844c89c8e73ac9e0f75d7_free_segment_003.wav,1.435,8.044120300008217,5.6056587456503255,شكرا,4,ok,
IJyad/whisper-large-v3-Tarteel,data\uploads\segments\user_82f3fad1cb9844c89c8e73ac9e0f75d7\free_detect\user_82f3fad1cb9844c89c8e73ac9e0f75d7_free_segment_004.wav,5.994,22.973520499974256,3.832752836165208,ذلك الكتاب لا ريب فيه هدي للمتقين,33,ok,
IJyad/whisper-large-v3-Tarteel,data\uploads\segments\user_903a00606b734faa8a92068465b9ebf3\user_903a00606b734faa8a92068465b9ebf3_segment_001.wav,4.909,12.959108499984723,2.639867284576232,بسم الله الرحمن الرحيم,22,ok,
IJyad/whisper-large-v3-Tarteel,data\uploads\segments\user_903a00606b734faa8a92068465b9ebf3\user_903a00606b734faa8a92068465b9ebf3_segment_002.wav,1.165,8.539163099980215,7.329753733888596,شكرا لكم,8,ok,
IJyad/whisper-large-v3-Tarteel,data\uploads\segments\user_903a00606b734faa8a92068465b9ebf3\user_903a00606b734faa8a92068465b9ebf3_segment_003.wav,4.961,12.244903199985856,2.4682328562761247,الحمد لله رب العالمين,21,ok,
IJyad/whisper-large-v3-Tarteel,data\uploads\segments\user_903a00606b734faa8a92068465b9ebf3\user_903a00606b734faa8a92068465b9ebf3_segment_004.wav,4.007,10.708043899998302,2.672334389817395,الرحمن الرحيم,13,ok,
IJyad/whisper-large-v3-Tarteel,data\uploads\segments\user_903a00606b734faa8a92068465b9ebf3\user_903a00606b734faa8a92068465b9ebf3_segment_005.wav,4.119,12.14676450000843,2.9489595775694175,منك يغم الدين,13,ok,
IJyad/whisper-large-v3-Tarteel,data\uploads\segments\user_903a00606b734faa8a92068465b9ebf3\user_903a00606b734faa8a92068465b9ebf3_segment_006.wav,5.783,22.215110399993137,3.8414508732479917,ان ياك نعبد وان الذين يستعيدون,30,ok,
IJyad/whisper-large-v3-Tarteel,data\uploads\segments\user_903a00606b734faa8a92068465b9ebf3\user_903a00606b734faa8a92068465b9ebf3_segment_007.wav,4.569,16.28598869999405,3.564453644122138,اهدين الصراط المستقيم,21,ok,
IJyad/whisper-large-v3-Tarteel,data\uploads\segments\user_903a00606b734faa8a92068465b9ebf3\user_903a00606b734faa8a92068465b9ebf3_segment_008.wav,10.687,30.62858540000161,2.86596663235722,سراض الذين انعمت عليهم غير المغضوب عليه والضالين,48,ok,
IJyad/whisper-large-v3-Tarteel,data\uploads\segments\user_9115069d6f0c48a8a312dddf09d0c142\natural\user_9115069d6f0c48a8a312dddf09d0c142_natural_segment_001.wav,3.06,10.348964300006628,3.382014477126349,الف لا ميم,10,ok,
IJyad/whisper-large-v3-Tarteel,data\uploads\segments\user_9115069d6f0c48a8a312dddf09d0c142\natural\user_9115069d6f0c48a8a312dddf09d0c142_natural_segment_002.wav,4.918,21.59222910000244,4.3904491866617406,ذلك الكتاب لا ريب فيه هدي للمتقين,33,ok,
IJyad/whisper-large-v3-Tarteel,data\uploads\segments\user_9115069d6f0c48a8a312dddf09d0c142\natural\user_9115069d6f0c48a8a312dddf09d0c142_natural_segment_003.wav,8.402,30.553593100019498,3.6364666865055346,الذين يؤمنون بالغيب ويقيمون الصلاه ومما رزقناهم ينفقون,54,ok,
IJyad/whisper-large-v3-Tarteel,data\uploads\segments\user_9cafdbcf709940d1a422dd612d33c714\natural\user_9cafdbcf709940d1a422dd612d33c714_natural_segment_001.wav,3.688,10.389987600006862,2.817241757051752,الف لا من,9,ok,
IJyad/whisper-large-v3-Tarteel,data\uploads\segments\user_9cafdbcf709940d1a422dd612d33c714\natural\user_9cafdbcf709940d1a422dd612d33c714_natural_segment_002.wav,4.565,22.624383899994427,4.956053428257268,ذلك الكتاب لا ريب فيه هدي للمتقين,33,ok,
IJyad/whisper-large-v3-Tarteel,data\uploads\segments\user_9cafdbcf709940d1a422dd612d33c714\natural\user_9cafdbcf709940d1a422dd612d33c714_natural_segment_003.wav,8.367,19.145758900005603,2.2882465519308712,الذين يؤمنون بالغيب ويقيمون الصلات ومما رزقناه ينفقون,53,ok,
IJyad/whisper-large-v3-Tarteel,data\uploads\segments\user_a91a31dfbfda4e3188d6e9d86a7d7def\natural\user_a91a31dfbfda4e3188d6e9d86a7d7def_natural_segment_001.wav,2.92,10.41527950001182,3.5668765410999383,الف لا من,9,ok,
IJyad/whisper-large-v3-Tarteel,data\uploads\segments\user_a91a31dfbfda4e3188d6e9d86a7d7def\natural\user_a91a31dfbfda4e3188d6e9d86a7d7def_natural_segment_002.wav,5.115,21.81636680001975,4.265174349954985,ذلك الكتاب لا ريب فيه هدي للمتقين,33,ok,
IJyad/whisper-large-v3-Tarteel,data\uploads\segments\user_a91a31dfbfda4e3188d6e9d86a7d7def\natural\user_a91a31dfbfda4e3188d6e9d86a7d7def_natural_segment_003.wav,8.67,29.748578500002623,3.431208592849207,الذين يؤمنون بالغيب ويقيمون الصلاه ومما رزقناهم يوفقون,54,ok,
IJyad/whisper-large-v3-Tarteel,data\uploads\segments\user_ad3f7df582ee4bd3bedb9eac16cfd897\natural\user_ad3f7df582ee4bd3bedb9eac16cfd897_natural_segment_001.wav,3.694,10.38075489999028,2.8101664591202704,الف لا من,9,ok,
IJyad/whisper-large-v3-Tarteel,data\uploads\segments\user_ad3f7df582ee4bd3bedb9eac16cfd897\natural\user_ad3f7df582ee4bd3bedb9eac16cfd897_natural_segment_002.wav,5.642,23.11919319999288,4.097694647286933,ذلك الكتاب العريب فيه هدي للمتقين,33,ok,
IJyad/whisper-large-v3-Tarteel,data\uploads\segments\user_ad3f7df582ee4bd3bedb9eac16cfd897\natural\user_ad3f7df582ee4bd3bedb9eac16cfd897_natural_segment_003.wav,7.824,19.64465190001647,2.5108195168732705,الذين يؤمنون بالغيب ويقيمون الصلات ومما رزقناه ينفقون,53,ok,
IJyad/whisper-large-v3-Tarteel,data\uploads\segments\user_b17c310f031a4e3baa1d4fd41cfd6171\natural\user_b17c310f031a4e3baa1d4fd41cfd6171_natural_segment_001.wav,3.067,10.518080900015775,3.4294362243285863,الف لاميم,9,ok,
IJyad/whisper-large-v3-Tarteel,data\uploads\segments\user_b17c310f031a4e3baa1d4fd41cfd6171\natural\user_b17c310f031a4e3baa1d4fd41cfd6171_natural_segment_002.wav,5.903,21.715644000010798,3.678747077758902,ذلك الكتاب لا ريب فيه هدي للمتقين,33,ok,
IJyad/whisper-large-v3-Tarteel,data\uploads\segments\user_b17c310f031a4e3baa1d4fd41cfd6171\natural\user_b17c310f031a4e3baa1d4fd41cfd6171_natural_segment_003.wav,8.85,19.488484600005904,2.202088655367899,الذين يؤمنون بالغيب ويقيمون الصلات ومما رزقناه يوفقون,53,ok,
IJyad/whisper-large-v3-Tarteel,data\uploads\segments\user_b2a83a09e012434b99c1618f17dd7dbb\expected_count\user_b2a83a09e012434b99c1618f17dd7dbb_expected_segment_001.wav,0.84,8.76390980000724,10.433225952389574,موسيقي,6,ok,
IJyad/whisper-large-v3-Tarteel,data\uploads\segments\user_b2a83a09e012434b99c1618f17dd7dbb\expected_count\user_b2a83a09e012434b99c1618f17dd7dbb_expected_segment_002.wav,8.106,21.076057400001446,2.600056427337953,ذلك الكتاب الغريب فيه هدي للمتقين,33,ok,
IJyad/whisper-large-v3-Tarteel,data\uploads\segments\user_b2a83a09e012434b99c1618f17dd7dbb\expected_count\user_b2a83a09e012434b99c1618f17dd7dbb_expected_segment_003.wav,8.454,28.75549039998441,3.4014064821367884,الذين يؤمنون بالغيب ويقيمون الصلاه ومما رزقناهم ينفقون,54,ok,
IJyad/whisper-large-v3-Tarteel,data\uploads\segments\user_b2a83a09e012434b99c1618f17dd7dbb\natural\user_b2a83a09e012434b99c1618f17dd7dbb_natural_segment_001.wav,3.03,9.721011699992232,3.2082546864660832,الف لا ميم,10,ok,
IJyad/whisper-large-v3-Tarteel,data\uploads\segments\user_b2a83a09e012434b99c1618f17dd7dbb\natural\user_b2a83a09e012434b99c1618f17dd7dbb_natural_segment_002.wav,5.076,20.686283300019568,4.075311918837583,ذلك الكتاب الغريب فيه هدي للمتقين,33,ok,
IJyad/whisper-large-v3-Tarteel,data\uploads\segments\user_b2a83a09e012434b99c1618f17dd7dbb\natural\user_b2a83a09e012434b99c1618f17dd7dbb_natural_segment_003.wav,4.553,22.12446450002608,4.859315725900742,الذين يؤمنون بالغيب ويقيمون الصلاه ومن م,40,ok,
IJyad/whisper-large-v3-Tarteel,data\uploads\segments\user_b2a83a09e012434b99c1618f17dd7dbb\natural\user_b2a83a09e012434b99c1618f17dd7dbb_natural_segment_004.wav,3.901,13.870781099976739,3.555698820809213,بما رزقناهم ينفقون,18,ok,
IJyad/whisper-large-v3-Tarteel,data\uploads\segments\user_b4f9d0dae5494de08eb78b92bc9cd691\expected_count\user_b4f9d0dae5494de08eb78b92bc9cd691_expected_segment_001.wav,3.351,8.028695299988613,2.395910265588962,ارفلان,6,ok,
IJyad/whisper-large-v3-Tarteel,data\uploads\segments\user_b4f9d0dae5494de08eb78b92bc9cd691\expected_count\user_b4f9d0dae5494de08eb78b92bc9cd691_expected_segment_002.wav,1.657,6.357952699996531,3.837026372961093,ميم,3,ok,
IJyad/whisper-large-v3-Tarteel,data\uploads\segments\user_b4f9d0dae5494de08eb78b92bc9cd691\expected_count\user_b4f9d0dae5494de08eb78b92bc9cd691_expected_segment_003.wav,13.892,47.72585880002589,3.4354922833303982,ذلك الكتاب العريب فيه هدي للمتقين الذين يؤمنون بالغيب ويقيمون الصلاه ومما رزقناهم ينفقون,88,ok,
IJyad/whisper-large-v3-Tarteel,data\uploads\segments\user_b4f9d0dae5494de08eb78b92bc9cd691\natural\user_b4f9d0dae5494de08eb78b92bc9cd691_natural_segment_001.wav,3.351,8.147482799977297,2.4313586392054005,ارفلان,6,ok,
IJyad/whisper-large-v3-Tarteel,data\uploads\segments\user_b4f9d0dae5494de08eb78b92bc9cd691\natural\user_b4f9d0dae5494de08eb78b92bc9cd691_natural_segment_002.wav,1.657,6.523481500014896,3.936923053720516,ميم,3,ok,
IJyad/whisper-large-v3-Tarteel,data\uploads\segments\user_b4f9d0dae5494de08eb78b92bc9cd691\natural\user_b4f9d0dae5494de08eb78b92bc9cd691_natural_segment_003.wav,6.038,38.06494169999496,6.304230158992209,ذلك الكتاب العريب فيه هدي للمتقين,33,ok,
IJyad/whisper-large-v3-Tarteel,data\uploads\segments\user_b4f9d0dae5494de08eb78b92bc9cd691\natural\user_b4f9d0dae5494de08eb78b92bc9cd691_natural_segment_004.wav,7.854,51.07384919998003,6.502909243694936,الذين يؤمنون بالغيب ويقيمون الصلاه ومما رزقناهم ينفقون,54,ok,
IJyad/whisper-large-v3-Tarteel,data\uploads\segments\user_bac7859cc08a4c3abeab7cc889350d7c\natural\user_bac7859cc08a4c3abeab7cc889350d7c_natural_segment_001.wav,4.116,15.101397799997358,3.6689499028176287,الف لا ميم,10,ok,
IJyad/whisper-large-v3-Tarteel,data\uploads\segments\user_bac7859cc08a4c3abeab7cc889350d7c\natural\user_bac7859cc08a4c3abeab7cc889350d7c_natural_segment_002.wav,5.745,34.211769699992146,5.955051296778441,ذلك الكتاب لريب فيه هدي للمتقين,31,ok,
IJyad/whisper-large-v3-Tarteel,data\uploads\segments\user_bac7859cc08a4c3abeab7cc889350d7c\natural\user_bac7859cc08a4c3abeab7cc889350d7c_natural_segment_003.wav,9.279,29.654850299993996,3.1959101519553825,الذين يؤمنون بالغيب ويقيمون الصلات ومما رزقناه ينفقون,53,ok,
IJyad/whisper-large-v3-Tarteel,data\uploads\segments\user_be8667796a874785b5299a3ee534bfef\expected_count\user_be8667796a874785b5299a3ee534bfef_expected_segment_001.wav,3.237,11.225030700006755,3.467726506026183,الف لام,7,ok,
IJyad/whisper-large-v3-Tarteel,data\uploads\segments\user_be8667796a874785b5299a3ee534bfef\expected_count\user_be8667796a874785b5299a3ee534bfef_expected_segment_002.wav,9.764,37.412606300000334,3.8316884780827873,ذلك الكتاب لا ريب فيه هدي للمتقين,33,ok,
IJyad/whisper-large-v3-Tarteel,data\uploads\segments\user_be8667796a874785b5299a3ee534bfef\expected_count\user_be8667796a874785b5299a3ee534bfef_expected_segment_003.wav,11.059,30.554977799998596,2.762906031286608,الذين يؤمنون بالغيب ويقيمون الصلات ومما رزقناهم ينفقون,54,ok,
IJyad/whisper-large-v3-Tarteel,data\uploads\segments\user_be8667796a874785b5299a3ee534bfef\natural\user_be8667796a874785b5299a3ee534bfef_natural_segment_001.wav,3.237,10.292770400003064,3.179725177634558,الف لام,7,ok,
IJyad/whisper-large-v3-Tarteel,data\uploads\segments\user_be8667796a874785b5299a3ee534bfef\natural\user_be8667796a874785b5299a3ee534bfef_natural_segment_002.wav,2.295,9.417764499987243,4.10360108931906,ميم,3,ok,
IJyad/whisper-large-v3-Tarteel,data\uploads\segments\user_be8667796a874785b5299a3ee534bfef\natural\user_be8667796a874785b5299a3ee534bfef_natural_segment_003.wav,7.469,29.763994899985846,3.9850040032113863,ذلك الكتاب لا ريب فيه هدي للمتقين,33,ok,
IJyad/whisper-large-v3-Tarteel,data\uploads\segments\user_be8667796a874785b5299a3ee534bfef\natural\user_be8667796a874785b5299a3ee534bfef_natural_segment_004.wav,11.059,27.797444600000745,2.513558603852134,الذين يؤمنون بالغيب ويقيمون الصلات ومما رزقناهم ينفقون,54,ok,
IJyad/whisper-large-v3-Tarteel,data\uploads\segments\user_c41c197221e04ae39c064525cd753bbe\expected_count\user_c41c197221e04ae39c064525cd753bbe_expected_segment_001.wav,1.228,10.237981000012951,8.337118078186442,موسيقي,6,ok,
IJyad/whisper-large-v3-Tarteel,data\uploads\segments\user_c41c197221e04ae39c064525cd753bbe\expected_count\user_c41c197221e04ae39c064525cd753bbe_expected_segment_002.wav,3.317,13.506960200000321,4.072041061199976,الف لا من,9,ok,
IJyad/whisper-large-v3-Tarteel,data\uploads\segments\user_c41c197221e04ae39c064525cd753bbe\expected_count\user_c41c197221e04ae39c064525cd753bbe_expected_segment_003.wav,13.155,67.06114229999366,5.097768323830762,ذلك الكتاب العريب فيه هلي للمتقين الذين يؤمنون بالغيب ويقيمون الصلاه ومما رزقناهم ينفقون,88,ok,
IJyad/whisper-large-v3-Tarteel,data\uploads\segments\user_c41c197221e04ae39c064525cd753bbe\natural\user_c41c197221e04ae39c064525cd753bbe_natural_segment_001.wav,1.228,10.487132800015388,8.5400104234653,موسيقي,6,ok,
IJyad/whisper-large-v3-Tarteel,data\uploads\segments\user_c41c197221e04ae39c064525cd753bbe\natural\user_c41c197221e04ae39c064525cd753bbe_natural_segment_002.wav,3.317,13.659850299998652,4.118133946336645,الف لا من,9,ok,
IJyad/whisper-large-v3-Tarteel,data\uploads\segments\user_c41c197221e04ae39c064525cd753bbe\natural\user_c41c197221e04ae39c064525cd753bbe_natural_segment_003.wav,5.59,29.116680600011023,5.208708515207697,ذلك الكتاب لا ريب فيه هلي للمتقين,33,ok,
IJyad/whisper-large-v3-Tarteel,data\uploads\segments\user_c41c197221e04ae39c064525cd753bbe\natural\user_c41c197221e04ae39c064525cd753bbe_natural_segment_004.wav,7.565,41.35058160001063,5.466038545936633,الذين يؤمنون بالغيب ويقيمون الصلاه ومما رزقناهم ينفقون,54,ok,
IJyad/whisper-large-v3-Tarteel,data\uploads\segments\user_d0f6199fa6a24c17b44faf9a1015746c\free_detect\user_d0f6199fa6a24c17b44faf9a1015746c_free_segment_001.wav,4.934,12.731664299994009,2.5803940616120813,الف لاميم,9,ok,
IJyad/whisper-large-v3-Tarteel,data\uploads\segments\user_d0f6199fa6a24c17b44faf9a1015746c\free_detect\user_d0f6199fa6a24c17b44faf9a1015746c_free_segment_002.wav,7.315,30.296961000014562,4.141758168149632,ذلك الكتاب لا ريب فيه هدي للمتقين,33,ok,
IJyad/whisper-large-v3-Tarteel,data\uploads\segments\user_d0f6199fa6a24c17b44faf9a1015746c\free_detect\user_d0f6199fa6a24c17b44faf9a1015746c_free_segment_003.wav,9.56,29.659338900004514,3.1024413075318527,الذين يؤمنون بالغيب ويقيمون الصلات ومما رزقناهم ينفقون,54,ok,
IJyad/whisper-large-v3-Tarteel,data\uploads\segments\user_d0f6199fa6a24c17b44faf9a1015746c\free_detect\user_d0f6199fa6a24c17b44faf9a1015746c_free_segment_004.wav,14.248,59.32978460000595,4.164078088153141,والذين يؤمنون بما انزل اليك وما تقتلون ان يقولون قليلا,54,ok,
IJyad/whisper-large-v3-Tarteel,data\uploads\segments\user_d0f6199fa6a24c17b44faf9a1015746c\free_detect\user_d0f6199fa6a24c17b44faf9a1015746c_free_segment_005.wav,9.383,36.47431879999931,3.8872768624106695,اولئك علي هدي من ربهم واولاء قوم المفلحون,41,ok,
IJyad/whisper-large-v3-Tarteel,data\uploads\segments\user_d0f6199fa6a24c17b44faf9a1015746c\natural\user_d0f6199fa6a24c17b44faf9a1015746c_natural_segment_001.wav,4.934,13.973079000017606,2.8319981759257407,الف لاميم,9,ok,
IJyad/whisper-large-v3-Tarteel,data\uploads\segments\user_d0f6199fa6a24c17b44faf9a1015746c\natural\user_d0f6199fa6a24c17b44faf9a1015746c_natural_segment_002.wav,7.315,30.53582729998743,4.174412481201289,ذلك الكتاب لا ريب فيه هدي للمتقين,33,ok,
IJyad/whisper-large-v3-Tarteel,data\uploads\segments\user_d0f6199fa6a24c17b44faf9a1015746c\natural\user_d0f6199fa6a24c17b44faf9a1015746c_natural_segment_003.wav,9.56,28.74751909999759,3.0070626673637646,الذين يؤمنون بالغيب ويقيمون الصلات ومما رزقناهم ينفقون,54,ok,
IJyad/whisper-large-v3-Tarteel,data\uploads\segments\user_d0f6199fa6a24c17b44faf9a1015746c\natural\user_d0f6199fa6a24c17b44faf9a1015746c_natural_segment_004.wav,14.248,55.03269390002242,3.8624855348134775,والذين يؤمنون بما انزل اليك وما تقتلون ان يقولون قليلا,54,ok,
IJyad/whisper-large-v3-Tarteel,data\uploads\segments\user_d0f6199fa6a24c17b44faf9a1015746c\natural\user_d0f6199fa6a24c17b44faf9a1015746c_natural_segment_005.wav,9.383,35.474322199996095,3.7807015027172652,اولئك علي هدي من ربهم واولاء قوم المفلحون,41,ok,
IJyad/whisper-large-v3-Tarteel,data\uploads\segments\user_d2365a6e0287446da76c6ef86020f70b\free_detect\user_d2365a6e0287446da76c6ef86020f70b_free_segment_001.wav,1.338,5.258105400018394,3.9298246636908774,موسيقي,6,ok,
IJyad/whisper-large-v3-Tarteel,data\uploads\segments\user_d2365a6e0287446da76c6ef86020f70b\free_detect\user_d2365a6e0287446da76c6ef86020f70b_free_segment_002.wav,2.378,5.577910700027132,2.345631076546313,الف لام,7,ok,
IJyad/whisper-large-v3-Tarteel,data\uploads\segments\user_d2365a6e0287446da76c6ef86020f70b\free_detect\user_d2365a6e0287446da76c6ef86020f70b_free_segment_003.wav,1.442,5.500751499988837,3.81466816920169,امين,4,ok,
IJyad/whisper-large-v3-Tarteel,data\uploads\segments\user_d2365a6e0287446da76c6ef86020f70b\free_detect\user_d2365a6e0287446da76c6ef86020f70b_free_segment_004.wav,8.611,23.572132700006478,2.7374442805721144,ذلك الكتاب لا ريب فيه هدي للمتقين,33,ok,
IJyad/whisper-large-v3-Tarteel,data\uploads\segments\user_d2365a6e0287446da76c6ef86020f70b\free_detect\user_d2365a6e0287446da76c6ef86020f70b_free_segment_005.wav,11.342,26.846409100020537,2.366990751192077,الذين يؤمنون بالغيب ويقيمون الصلات ومما رزقناهم ينفقون,54,ok,
IJyad/whisper-large-v3-Tarteel,data\uploads\segments\user_d2365a6e0287446da76c6ef86020f70b\free_detect\user_d2365a6e0287446da76c6ef86020f70b_free_segment_006.wav,1.456,6.5134607999934815,4.473530769226293,شكرا لكم,8,ok,
IJyad/whisper-large-v3-Tarteel,data\uploads\segments\user_d2365a6e0287446da76c6ef86020f70b\free_detect\user_d2365a6e0287446da76c6ef86020f70b_free_segment_007.wav,9.549,46.860435399983544,4.907365734630176,والذين يؤمنون بما انزل اليك وما تتقون ان يكبروا فان الله يحكم بصير,66,ok,
IJyad/whisper-large-v3-Tarteel,data\uploads\segments\user_d2365a6e0287446da76c6ef86020f70b\free_detect\user_d2365a6e0287446da76c6ef86020f70b_free_segment_008.wav,6.878,32.60531650000485,4.74052289909928,انزل منه قبلك وبالاخره هم يوقنون,32,ok,
IJyad/whisper-large-v3-Tarteel,data\uploads\segments\user_d2365a6e0287446da76c6ef86020f70b\free_detect\user_d2365a6e0287446da76c6ef86020f70b_free_segment_009.wav,1.499,7.728782399994088,5.155958905933347,شكرا,4,ok,
IJyad/whisper-large-v3-Tarteel,data\uploads\segments\user_d2365a6e0287446da76c6ef86020f70b\free_detect\user_d2365a6e0287446da76c6ef86020f70b_free_segment_010.wav,11.787,25.447861700027715,2.1589769831193446,اولئك علي هدي من ربهم واولائك هم المفلحون,41,ok,
IJyad/whisper-large-v3-Tarteel,data\uploads\segments\user_e1ab731b3e5849e2ba2633f2387d1590\user_e1ab731b3e5849e2ba2633f2387d1590_segment_001.wav,1.009,7.413096800009953,7.346974033706594,موسيقي,6,ok,
IJyad/whisper-large-v3-Tarteel,data\uploads\segments\user_e1ab731b3e5849e2ba2633f2387d1590\user_e1ab731b3e5849e2ba2633f2387d1590_segment_002.wav,3.947,10.4006345999951,2.6350733721801625,بسم الله الرحمن الرحيم,22,ok,
IJyad/whisper-large-v3-Tarteel,data\uploads\segments\user_e1ab731b3e5849e2ba2633f2387d1590\user_e1ab731b3e5849e2ba2633f2387d1590_segment_003.wav,0.766,6.035142800014,7.8787765013237605,شكرا لكم,8,ok,
IJyad/whisper-large-v3-Tarteel,data\uploads\segments\user_e1ab731b3e5849e2ba2633f2387d1590\user_e1ab731b3e5849e2ba2633f2387d1590_segment_004.wav,4.674,15.570235599996522,3.331244244757493,الحمد لله رب العالمين,21,ok,
IJyad/whisper-large-v3-Tarteel,data\uploads\segments\user_e1ab731b3e5849e2ba2633f2387d1590\user_e1ab731b3e5849e2ba2633f2387d1590_segment_005.wav,4.633,11.58815379999578,2.501220332397103,الرحمن الرحيم,13,ok,
IJyad/whisper-large-v3-Tarteel,data\uploads\segments\user_e1ab731b3e5849e2ba2633f2387d1590\user_e1ab731b3e5849e2ba2633f2387d1590_segment_006.wav,4.398,8.6797690000094,1.9735718508434292,ملك يوم الدين,13,ok,
IJyad/whisper-large-v3-Tarteel,data\uploads\segments\user_e1ab731b3e5849e2ba2633f2387d1590\user_e1ab731b3e5849e2ba2633f2387d1590_segment_007.wav,5.726,25.678589999995893,4.484559902199772,ان ياك نعبل وانيا كن استعين,27,ok,
IJyad/whisper-large-v3-Tarteel,data\uploads\segments\user_e1ab731b3e5849e2ba2633f2387d1590\user_e1ab731b3e5849e2ba2633f2387d1590_segment_008.wav,0.734,5.144497200002661,7.008851771120792,شكرا لك,7,ok,
IJyad/whisper-large-v3-Tarteel,data\uploads\segments\user_e1ab731b3e5849e2ba2633f2387d1590\user_e1ab731b3e5849e2ba2633f2387d1590_segment_009.wav,4.016,12.262748400011333,3.053473207174137,اهدين الصراط المستقيم,21,ok,
IJyad/whisper-large-v3-Tarteel,data\uploads\segments\user_e1ab731b3e5849e2ba2633f2387d1590\user_e1ab731b3e5849e2ba2633f2387d1590_segment_010.wav,7.506,38.66403929999797,5.151084372501727,سراط الذين انعمت عليهم غير المغضوم عليم ولده بالارض,51,ok,
IJyad/whisper-large-v3-Tarteel,data\uploads\segments\user_e1ab731b3e5849e2ba2633f2387d1590\user_e1ab731b3e5849e2ba2633f2387d1590_segment_011.wav,5.251,6.211851600004593,1.1829844981916955,طاليد,5,ok,
IJyad/whisper-large-v3-Tarteel,data\uploads\segments\user_e317f16ebe734d2ebfc89f43239bfba3\free_detect\user_e317f16ebe734d2ebfc89f43239bfba3_free_segment_001.wav,4.117,11.68134030001238,2.8373427981570027,الف لا ميم,10,ok,
IJyad/whisper-large-v3-Tarteel,data\uploads\segments\user_e317f16ebe734d2ebfc89f43239bfba3\free_detect\user_e317f16ebe734d2ebfc89f43239bfba3_free_segment_002.wav,6.369,29.723020000004908,4.666826817397537,ذلك الكتاب لا ريب فيه هدي للمتقين,33,ok,
IJyad/whisper-large-v3-Tarteel,data\uploads\segments\user_e317f16ebe734d2ebfc89f43239bfba3\free_detect\user_e317f16ebe734d2ebfc89f43239bfba3_free_segment_003.wav,4.455,12.918097200017655,2.899685117849081,الذين يؤمنون بالغيب ويقيمونه,28,ok,
IJyad/whisper-large-v3-Tarteel,data\uploads\segments\user_e317f16ebe734d2ebfc89f43239bfba3\free_detect\user_e317f16ebe734d2ebfc89f43239bfba3_free_segment_004.wav,4.769,22.03022419998888,4.619464080517693,ومما رزقناهم ينفقون,19,ok,
IJyad/whisper-large-v3-Tarteel,data\uploads\segments\user_e41b3700646140dda067a526d8cc614a\natural\user_e41b3700646140dda067a526d8cc614a_natural_segment_001.wav,3.538,12.41441479997593,3.508879253808912,الف لا من,9,ok,
IJyad/whisper-large-v3-Tarteel,data\uploads\segments\user_e41b3700646140dda067a526d8cc614a\natural\user_e41b3700646140dda067a526d8cc614a_natural_segment_002.wav,4.57,23.315801400021883,5.101925908101068,ذلك الكتاب الاغريب فيه هدي للمتقين,34,ok,
IJyad/whisper-large-v3-Tarteel,data\uploads\segments\user_e41b3700646140dda067a526d8cc614a\natural\user_e41b3700646140dda067a526d8cc614a_natural_segment_003.wav,6.412,36.4943193999934,5.691565720522989,الذين يؤمنون بالغيب ويقيمون الصلاه ومما رزقناهم ينفق,52,ok,
IJyad/whisper-large-v3-Tarteel,data\uploads\segments\user_ed2721c8d0e74a3eb6ca21aa1ab7a3e9\free_detect\user_ed2721c8d0e74a3eb6ca21aa1ab7a3e9_free_segment_001.wav,3.822,16.00112969998736,4.1865854788036,بسم الله الرحمن الرحيم,22,ok,
IJyad/whisper-large-v3-Tarteel,data\uploads\segments\user_ed2721c8d0e74a3eb6ca21aa1ab7a3e9\free_detect\user_ed2721c8d0e74a3eb6ca21aa1ab7a3e9_free_segment_002.wav,4.176,11.067917300009867,2.650363338124968,الحمد لله رب العالمين,21,ok,
IJyad/whisper-large-v3-Tarteel,data\uploads\segments\user_ed2721c8d0e74a3eb6ca21aa1ab7a3e9\free_detect\user_ed2721c8d0e74a3eb6ca21aa1ab7a3e9_free_segment_003.wav,2.837,11.788831799989566,4.155386605565585,الرحمن الرحيم,13,ok,
IJyad/whisper-large-v3-Tarteel,data\uploads\segments\user_ed2721c8d0e74a3eb6ca21aa1ab7a3e9\free_detect\user_ed2721c8d0e74a3eb6ca21aa1ab7a3e9_free_segment_004.wav,2.858,9.139458999998169,3.1978512946109756,مالك يوم الدين,14,ok,
IJyad/whisper-large-v3-Tarteel,data\uploads\segments\user_ed2721c8d0e74a3eb6ca21aa1ab7a3e9\free_detect\user_ed2721c8d0e74a3eb6ca21aa1ab7a3e9_free_segment_005.wav,4.455,33.72090670000762,7.56922709315547,ان يك نعمد وان الذين يستعينون,29,ok,
IJyad/whisper-large-v3-Tarteel,data\uploads\segments\user_ed2721c8d0e74a3eb6ca21aa1ab7a3e9\free_detect\user_ed2721c8d0e74a3eb6ca21aa1ab7a3e9_free_segment_006.wav,3.288,19.81204260000959,6.025560401462771,اهدين الصراب المستقيم,21,ok,
IJyad/whisper-large-v3-Tarteel,data\uploads\segments\user_ed2721c8d0e74a3eb6ca21aa1ab7a3e9\free_detect\user_ed2721c8d0e74a3eb6ca21aa1ab7a3e9_free_segment_007.wav,8.744,44.35494310001377,5.072614718665802,سراط الذين انعمت عليهم غير المغنوب عيلهم والضالين,49,ok,
IJyad/whisper-large-v3-Tarteel,data\uploads\segments\user_ed2721c8d0e74a3eb6ca21aa1ab7a3e9\natural\user_ed2721c8d0e74a3eb6ca21aa1ab7a3e9_natural_segment_001.wav,3.822,11.122042199975112,2.9100058084707254,بسم الله الرحمن الرحيم,22,ok,
IJyad/whisper-large-v3-Tarteel,data\uploads\segments\user_ed2721c8d0e74a3eb6ca21aa1ab7a3e9\natural\user_ed2721c8d0e74a3eb6ca21aa1ab7a3e9_natural_segment_002.wav,4.176,8.362271399993915,2.0024596264353245,الحمد لله رب العالمين,21,ok,
IJyad/whisper-large-v3-Tarteel,data\uploads\segments\user_ed2721c8d0e74a3eb6ca21aa1ab7a3e9\natural\user_ed2721c8d0e74a3eb6ca21aa1ab7a3e9_natural_segment_003.wav,2.837,11.310103299998445,3.9866419809652607,الرحمن الرحيم,13,ok,
IJyad/whisper-large-v3-Tarteel,data\uploads\segments\user_ed2721c8d0e74a3eb6ca21aa1ab7a3e9\natural\user_ed2721c8d0e74a3eb6ca21aa1ab7a3e9_natural_segment_004.wav,2.858,8.787436999991769,3.074680545833369,مالك يوم الدين,14,ok,
IJyad/whisper-large-v3-Tarteel,data\uploads\segments\user_ed2721c8d0e74a3eb6ca21aa1ab7a3e9\natural\user_ed2721c8d0e74a3eb6ca21aa1ab7a3e9_natural_segment_005.wav,4.455,33.19119770001271,7.450324960721146,ان يك نعمد وان الذين يستعينون,29,ok,
IJyad/whisper-large-v3-Tarteel,data\uploads\segments\user_ed2721c8d0e74a3eb6ca21aa1ab7a3e9\natural\user_ed2721c8d0e74a3eb6ca21aa1ab7a3e9_natural_segment_006.wav,3.288,20.720910900010495,6.301980200733119,اهدين الصراب المستقيم,21,ok,
IJyad/whisper-large-v3-Tarteel,data\uploads\segments\user_ed2721c8d0e74a3eb6ca21aa1ab7a3e9\natural\user_ed2721c8d0e74a3eb6ca21aa1ab7a3e9_natural_segment_007.wav,8.744,47.073820499994326,5.383556781792581,سراط الذين انعمت عليهم غير المغنوب عيلهم والضالين,49,ok,
IJyad/whisper-large-v3-Tarteel,data\uploads\segments\user_ed87da28ee4245fd8ec6a0c1c7a83126\expected_count\user_ed87da28ee4245fd8ec6a0c1c7a83126_expected_segment_001.wav,3.536,12.090970199991716,3.419392024884535,الف لا ميم,10,ok,
IJyad/whisper-large-v3-Tarteel,data\uploads\segments\user_ed87da28ee4245fd8ec6a0c1c7a83126\expected_count\user_ed87da28ee4245fd8ec6a0c1c7a83126_expected_segment_002.wav,14.464,72.37127350000083,5.003544904590765,ذلك الكتاب لا ريب فيه هدي للمتقين الذين يؤمنون بالغير ويقيمون الصلاه ومما رزقناهم ينفقون,88,ok,
IJyad/whisper-large-v3-Tarteel,data\uploads\segments\user_ed87da28ee4245fd8ec6a0c1c7a83126\natural\user_ed87da28ee4245fd8ec6a0c1c7a83126_natural_segment_001.wav,3.536,11.471454400016228,3.24418959276477,الف لا ميم,10,ok,
IJyad/whisper-large-v3-Tarteel,data\uploads\segments\user_ed87da28ee4245fd8ec6a0c1c7a83126\natural\user_ed87da28ee4245fd8ec6a0c1c7a83126_natural_segment_002.wav,14.464,76.06995449998067,5.259261234788486,ذلك الكتاب لا ريب فيه هدي للمتقين الذين يؤمنون بالغير ويقيمون الصلاه ومما رزقناهم ينفقون,88,ok,
IJyad/whisper-large-v3-Tarteel,data\uploads\segments\user_f3e3ca728f634337af1cfafe34c6ac6f\free_detect\user_f3e3ca728f634337af1cfafe34c6ac6f_free_segment_001.wav,2.315,11.293890000000829,4.878570194384808,الف لا من,9,ok,
IJyad/whisper-large-v3-Tarteel,data\uploads\segments\user_f3e3ca728f634337af1cfafe34c6ac6f\free_detect\user_f3e3ca728f634337af1cfafe34c6ac6f_free_segment_002.wav,4.794,33.07523280000896,6.899297622029405,ذلك الكتاب العريب فيه هدي للمتقين,33,ok,
IJyad/whisper-large-v3-Tarteel,data\uploads\segments\user_f96c795b03364eec9b79db01e1fd734d\expected_count\user_f96c795b03364eec9b79db01e1fd734d_expected_segment_001.wav,14.34,9.394533600017894,0.6551278661100345,موسيقي,6,ok,
IJyad/whisper-large-v3-Tarteel,data\uploads\segments\user_f96c795b03364eec9b79db01e1fd734d\expected_count\user_f96c795b03364eec9b79db01e1fd734d_expected_segment_002.wav,14.34,8.918414799991297,0.6219257182699649,شكرا لكم,8,ok,
IJyad/whisper-large-v3-Tarteel,data\uploads\segments\user_f96c795b03364eec9b79db01e1fd734d\natural\user_f96c795b03364eec9b79db01e1fd734d_natural_segment_001.wav,14.34,9.28106020000996,0.6472147977691743,موسيقي,6,ok,
IJyad/whisper-large-v3-Tarteel,data\uploads\segments\user_f96c795b03364eec9b79db01e1fd734d\natural\user_f96c795b03364eec9b79db01e1fd734d_natural_segment_002.wav,14.34,8.13968299998669,0.5676208507661569,شكرا لكم,8,ok,
IJyad/whisper-large-v3-Tarteel,data\uploads\segments\user_fb811f48e9e64a17aa7e5885cf03b5c1\expected_count\user_fb811f48e9e64a17aa7e5885cf03b5c1_expected_segment_001.wav,4.19,14.84738490000018,3.5435286157518324,بسم الله الرحمن الرحيم,22,ok,
IJyad/whisper-large-v3-Tarteel,data\uploads\segments\user_fb811f48e9e64a17aa7e5885cf03b5c1\expected_count\user_fb811f48e9e64a17aa7e5885cf03b5c1_expected_segment_002.wav,3.778,12.333344000013312,3.264516675493201,الحمد لله رب العالمين,21,ok,
IJyad/whisper-large-v3-Tarteel,data\uploads\segments\user_fb811f48e9e64a17aa7e5885cf03b5c1\expected_count\user_fb811f48e9e64a17aa7e5885cf03b5c1_expected_segment_003.wav,2.94,12.854261900007259,4.372197925172538,الرحمن الرحيم,13,ok,
IJyad/whisper-large-v3-Tarteel,data\uploads\segments\user_fb811f48e9e64a17aa7e5885cf03b5c1\expected_count\user_fb811f48e9e64a17aa7e5885cf03b5c1_expected_segment_004.wav,3.715,11.048937499988824,2.9741419919216217,ماريك يوم الدين,15,ok,
IJyad/whisper-large-v3-Tarteel,data\uploads\segments\user_fb811f48e9e64a17aa7e5885cf03b5c1\expected_count\user_fb811f48e9e64a17aa7e5885cf03b5c1_expected_segment_005.wav,5.267,27.854918600001838,5.288573875071546,اياك نعبل وايا كن استعين,24,ok,
IJyad/whisper-large-v3-Tarteel,data\uploads\segments\user_fb811f48e9e64a17aa7e5885cf03b5c1\expected_count\user_fb811f48e9e64a17aa7e5885cf03b5c1_expected_segment_006.wav,3.648,20.32703760001459,5.572104605267158,يهدين الصراط المستقيم,21,ok,
IJyad/whisper-large-v3-Tarteel,data\uploads\segments\user_fb811f48e9e64a17aa7e5885cf03b5c1\expected_count\user_fb811f48e9e64a17aa7e5885cf03b5c1_expected_segment_007.wav,8.862,40.94976730001508,4.620826822389425,سراط الذين رعمت عنيهم غير معظوا بعنيهم ونطانين,46,ok,
IJyad/whisper-large-v3-Tarteel,data\uploads\segments\user_fb811f48e9e64a17aa7e5885cf03b5c1\natural\user_fb811f48e9e64a17aa7e5885cf03b5c1_natural_segment_001.wav,3.413,13.507254199997988,3.95758986229065,بسم الله الرحمن الرحيم,22,ok,
IJyad/whisper-large-v3-Tarteel,data\uploads\segments\user_fb811f48e9e64a17aa7e5885cf03b5c1\natural\user_fb811f48e9e64a17aa7e5885cf03b5c1_natural_segment_002.wav,3.778,11.56055659998674,3.059967337211948,الحمد لله رب العالمين,21,ok,
IJyad/whisper-large-v3-Tarteel,data\uploads\segments\user_fb811f48e9e64a17aa7e5885cf03b5c1\natural\user_fb811f48e9e64a17aa7e5885cf03b5c1_natural_segment_003.wav,2.94,11.823140199994668,4.021476258501588,الرحمن الرحيم,13,ok,
IJyad/whisper-large-v3-Tarteel,data\uploads\segments\user_fb811f48e9e64a17aa7e5885cf03b5c1\natural\user_fb811f48e9e64a17aa7e5885cf03b5c1_natural_segment_004.wav,3.715,10.143210900016129,2.7303394078105327,ماريك يوم الدين,15,ok,
IJyad/whisper-large-v3-Tarteel,data\uploads\segments\user_fb811f48e9e64a17aa7e5885cf03b5c1\natural\user_fb811f48e9e64a17aa7e5885cf03b5c1_natural_segment_005.wav,1.133,7.793476999999257,6.878620476610112,شكرا,4,ok,
IJyad/whisper-large-v3-Tarteel,data\uploads\segments\user_fb811f48e9e64a17aa7e5885cf03b5c1\natural\user_fb811f48e9e64a17aa7e5885cf03b5c1_natural_segment_006.wav,4.134,24.54676740002469,5.937776342531372,اياك نعبل وايا كن استعين,24,ok,
IJyad/whisper-large-v3-Tarteel,data\uploads\segments\user_fb811f48e9e64a17aa7e5885cf03b5c1\natural\user_fb811f48e9e64a17aa7e5885cf03b5c1_natural_segment_007.wav,3.648,18.96601139998529,5.199016282890705,يهدين الصراط المستقيم,21,ok,
IJyad/whisper-large-v3-Tarteel,data\uploads\segments\user_fb811f48e9e64a17aa7e5885cf03b5c1\natural\user_fb811f48e9e64a17aa7e5885cf03b5c1_natural_segment_008.wav,7.059,41.39278110000305,5.863830726732264,صراط الذين رعمت عنيهم غير معظوا بعنهم ونطان,43,ok,
IJyad/whisper-large-v3-Tarteel,data\uploads\segments\user_fb811f48e9e64a17aa7e5885cf03b5c1\natural\user_fb811f48e9e64a17aa7e5885cf03b5c1_natural_segment_009.wav,1.803,6.314686999976402,3.5023222406968397,اذن,3,ok,
IJyad/whisper-large-v3-Tarteel,data\uploads\segments\user_fcdf07de24cd482c86ebbd90f47d5b26\user_fcdf07de24cd482c86ebbd90f47d5b26_segment_001.wav,4.909,15.335337500000605,3.123922896720433,بسم الله الرحمن الرحيم,22,ok,
IJyad/whisper-large-v3-Tarteel,data\uploads\segments\user_fcdf07de24cd482c86ebbd90f47d5b26\user_fcdf07de24cd482c86ebbd90f47d5b26_segment_002.wav,1.165,8.32163039999432,7.143030386261218,شكرا لكم,8,ok,
IJyad/whisper-large-v3-Tarteel,data\uploads\segments\user_fcdf07de24cd482c86ebbd90f47d5b26\user_fcdf07de24cd482c86ebbd90f47d5b26_segment_003.wav,4.961,14.779599500005133,2.9791573271528184,الحمد لله رب العالمين,21,ok,
IJyad/whisper-large-v3-Tarteel,data\uploads\segments\user_fcdf07de24cd482c86ebbd90f47d5b26\user_fcdf07de24cd482c86ebbd90f47d5b26_segment_004.wav,4.007,12.726034100021934,3.175950611435472,الرحمن الرحيم,13,ok,
IJyad/whisper-large-v3-Tarteel,data\uploads\segments\user_fcdf07de24cd482c86ebbd90f47d5b26\user_fcdf07de24cd482c86ebbd90f47d5b26_segment_005.wav,4.119,15.15201610000804,3.678566666668619,منك يغم الدين,13,ok,
IJyad/whisper-large-v3-Tarteel,data\uploads\segments\user_fcdf07de24cd482c86ebbd90f47d5b26\user_fcdf07de24cd482c86ebbd90f47d5b26_segment_006.wav,5.783,28.300902800023323,4.893809925648162,ان ياك نعبد وان الذين يستعيدون,30,ok,
IJyad/whisper-large-v3-Tarteel,data\uploads\segments\user_fcdf07de24cd482c86ebbd90f47d5b26\user_fcdf07de24cd482c86ebbd90f47d5b26_segment_007.wav,4.569,18.58300969999982,4.06719406872397,اهدين الصراط المستقيم,21,ok,
IJyad/whisper-large-v3-Tarteel,data\uploads\segments\user_fcdf07de24cd482c86ebbd90f47d5b26\user_fcdf07de24cd482c86ebbd90f47d5b26_segment_008.wav,10.687,43.48373300000094,4.068843735379521,سراض الذين انعمت عليهم غير المغضوب عليه والضالين,48,ok,
IJyad/whisper-large-v3-Tarteel,data\uploads\up_1_ayah\user_07b3e407299c4b7cb20230c57752eb87.wav,3.5004375,10.8583863999811,3.1020083632349102,الحمد لله رب العالمين,21,ok,
IJyad/whisper-large-v3-Tarteel,data\uploads\up_1_ayah\user_0863003ea1ac4792b15497b611b2eff3.wav,11.34,61.318430999992415,5.407269047618379,ان الذين كفروا سواء عليهم اانظرتهم ام لم تنظرهم ولا يؤمنون,58,ok,
IJyad/whisper-large-v3-Tarteel,data\uploads\up_1_ayah\user_099d8c947d3f4df6910873656f58c20e.wav,11.52,51.85792960002436,4.501556388891004,ان الذين كفروا سواء عليهم انظرتهمام لم تنذرهملا يؤمنون,54,ok,
IJyad/whisper-large-v3-Tarteel,data\uploads\up_1_ayah\user_0a370e79f5ee40e1b980c8f4830d7003.wav,3.5004375,10.971563800005242,3.134340721697,الحمد لله رب العالمين,21,ok,
IJyad/whisper-large-v3-Tarteel,data\uploads\up_1_ayah\user_0f07582d3afc401ebe3056a53bcb2c28.wav,7.32,20.653100900002755,2.821461871585076,ولا انتم عابدون ما ابد,22,ok,
IJyad/whisper-large-v3-Tarteel,data\uploads\up_1_ayah\user_12f8020171194cad8dfe679164459b79.wav,11.7,47.69516800000565,4.076510085470569,ان الذين كفروا سواء عليهم اانظرتهم ام لم تنذرهم ولا يؤمنون,58,ok,
IJyad/whisper-large-v3-Tarteel,data\uploads\up_1_ayah\user_130e418160bc41c9b3788881e5e24eee.wav,3.5004375,8.220592199999373,2.3484470726871636,الحمد لله رب العالمين,21,ok,
IJyad/whisper-large-v3-Tarteel,data\uploads\up_1_ayah\user_160fc54a4aee4b3e8fbf471e9a663c1b.wav,3.5004375,7.2660219999961555,2.075746817361017,الحمد لله رب العالمين,21,ok,
IJyad/whisper-large-v3-Tarteel,data\uploads\up_1_ayah\user_17b53b4e8c3e4d4ba59089ec36d89861.wav,3.5004375,8.580569899990223,2.451284989373535,الحمد لله رب العالمين,21,ok,
IJyad/whisper-large-v3-Tarteel,data\uploads\up_1_ayah\user_22cf99906eef40d3ac1999621fe44e70.wav,7.5,19.316154299973277,2.575487239996437,ولا انتم عابدون ما اعبد,23,ok,
IJyad/whisper-large-v3-Tarteel,data\uploads\up_1_ayah\user_22d710744a3a4bc0b589048f70d62dc5.wav,13.68,50.58737769999425,3.6979077266077667,ان الذين كفروا سواء عليه مؤنرتهم ام لم تنذرهملا يؤمنون,54,ok,
IJyad/whisper-large-v3-Tarteel,data\uploads\up_1_ayah\user_257eddfdc2324af2bd0abb2c5b948a4d.wav,5.28,12.080821399984416,2.288034356057654,الرحمل الرحيم,13,ok,
IJyad/whisper-large-v3-Tarteel,data\uploads\up_1_ayah\user_27db6da367a4423b9ef7b46b7cf328e3.wav,6.48,12.137483900005464,1.8730685030872627,الحمد لله رب العالمين,21,ok,
IJyad/whisper-large-v3-Tarteel,data\uploads\up_1_ayah\user_2979716a2ffc4c4eb459ee45cfe1ba70.wav,3.5004375,11.410691299999598,3.2597900405305333,الحمد لله رب العالمين,21,ok,
IJyad/whisper-large-v3-Tarteel,data\uploads\up_1_ayah\user_29909ad8eb2248cfb000f12e88121678.wav,6.9,20.539296900009504,2.9767096956535513,ولا انتم عابدون ما اعبد,23,ok,
IJyad/whisper-large-v3-Tarteel,data\uploads\up_1_ayah\user_315ecc7e916446e8ba9000cec1917413.wav,3.5004375,10.545461499976227,3.012612423440278,الحمد لله رب العالمين,21,ok,
IJyad/whisper-large-v3-Tarteel,data\uploads\up_1_ayah\user_369c06a5b198454ba9a31c88e2de74df.wav,12.12,52.24995250001666,4.311052186470022,ان الذين كفروا سواء عليهم وانظرتهم ام لم تنظرهم لا يؤمنون,57,ok,
IJyad/whisper-large-v3-Tarteel,data\uploads\up_1_ayah\user_3fb9d5c2edd34bbd990d437d38968c2e.wav,5.52,23.49857189998147,4.256987663040122,وما انت عابد ما عابد,20,ok,
IJyad/whisper-large-v3-Tarteel,data\uploads\up_1_ayah\user_3fef967749ed4e66abc24114bae88f27.wav,12.48,87.6668538999802,7.024587652242003,ان الذين كفروا سواء عليهم انظرتهم ام لم تنذرهم لا يؤمنون,56,ok,
IJyad/whisper-large-v3-Tarteel,data\uploads\up_1_ayah\user_433c0f99571948bdbf8ba36a7af232c8.wav,14.58,66.14447529998142,4.5366581138533215,ان الذين كفروا سواء عليهم انظرتهم ام لم تنذرهم ولا يؤمنون,57,ok,
IJyad/whisper-large-v3-Tarteel,data\uploads\up_1_ayah\user_4a5e3fa063264582a9d44496af043a58.wav,4.02,13.446895300003234,3.344998830846576,ولا انت عابد ما,15,ok,
IJyad/whisper-large-v3-Tarteel,data\uploads\up_1_ayah\user_4fce2bc870504971bc8feddff1718cf6.wav,9.6,35.217455400008475,3.668484937500883,كافر يعين الصاد ذكر رحمت ربك عبده زكريا,39,ok,
IJyad/whisper-large-v3-Tarteel,data\uploads\up_1_ayah\user_504528112f574a808125add84138640b.wav,6.9,17.31206050000037,2.5089942753623724,بل الساعه موعيدهن و الساعه ادهي و امر,37,ok,
IJyad/whisper-large-v3-Tarteel,data\uploads\up_1_ayah\user_51eb14984432470db9d4c4b9ba7a8fd8.wav,9.84,19.16717480000807,1.947883617886999,ولا انتم عابدون ما اعبد,23,ok,
IJyad/whisper-large-v3-Tarteel,data\uploads\up_1_ayah\user_57576278687a43669f3825b4edd00e5f.wav,12.0,50.96311810001498,4.246926508334582,ان الذين كفروا سواء عليهم ان ظرتهموا ام لم تنذرهم ولا يؤمنون,60,ok,
IJyad/whisper-large-v3-Tarteel,data\uploads\up_1_ayah\user_5d2b1f8210ec496a8245d770e675e3b0.wav,3.5004375,9.909646499989321,2.8309736997130566,الحمد لله رب العالمين,21,ok,
IJyad/whisper-large-v3-Tarteel,data\uploads\up_1_ayah\user_5d2f11aff02443aa8a3a0310a12bb80a.wav,10.08,54.88024889997905,5.444469136902684,ولو لا اذ جنتك قلت ما شاء الله لا قوه الا بالله فلا تاس علي القوم الكافر,72,ok,
IJyad/whisper-large-v3-Tarteel,data\uploads\up_1_ayah\user_5df4f4c0bdcc44eba150ed4999ea81d1.wav,3.5004375,10.13494200000423,2.895335797312259,الحمد لله رب العالمين,21,ok,
IJyad/whisper-large-v3-Tarteel,data\uploads\up_1_ayah\user_624ff55ce1ac4e719b06ddce204f35a9.wav,8.04,19.28240610001376,2.398309216419622,ولا انتم عابدون ما اعبد,23,ok,
IJyad/whisper-large-v3-Tarteel,data\uploads\up_1_ayah\user_63547fb7307a4444a0c6c2925f266fdf.wav,11.22,49.27870999998413,4.392041889481651,ان الذين كفروا سواء عليهم اينظرتهم ام لم تغذرهملا يؤمنون,56,ok,
IJyad/whisper-large-v3-Tarteel,data\uploads\up_1_ayah\user_6e3de7acf08642258214d9f3935e3c63.wav,3.5004375,9.985805700009223,2.8527307515158387,الحمد لله رب العالمين,21,ok,
IJyad/whisper-large-v3-Tarteel,data\uploads\up_1_ayah\user_7255225f8d8240949d92f4a1733302f1.wav,3.5004375,9.969562399986899,2.8480903886976696,الحمد لله رب العالمين,21,ok,
IJyad/whisper-large-v3-Tarteel,data\uploads\up_1_ayah\user_75c59742475b40fd9ed4c8339138dbb1.wav,6.66,25.08993160002865,3.7672569970012986,ذكر رحمت ربك عبده زكريا,23,ok,
IJyad/whisper-large-v3-Tarteel,data\uploads\up_1_ayah\user_77805e8edef947cab0f4bda71072c3f6.wav,8.82,15.424595700023929,1.748820374152373,لا اعبد ما تعبدون,17,ok,
IJyad/whisper-large-v3-Tarteel,data\uploads\up_1_ayah\user_85b02ee75c454e77a3e26b77e8b7d4b4.wav,11.1,80.73780189998797,7.273675846845763,ان الذين كفروا سواء عليهم انظرتهم ام لم تنظرهم لا يؤمنون,56,ok,
IJyad/whisper-large-v3-Tarteel,data\uploads\up_1_ayah\user_90c63facb45c4b10a8331fa56c3ce547.wav,3.5004375,9.99407909999718,2.8550942846421856,الحمد لله رب العالمين,21,ok,
IJyad/whisper-large-v3-Tarteel,data\uploads\up_1_ayah\user_94791e0ee5d34f2d9deb464d594d1ad1.wav,4.26,21.929400900000473,5.1477466901409565,وما ان عابد ولا,15,ok,
IJyad/whisper-large-v3-Tarteel,data\uploads\up_1_ayah\user_95dff5f5e1104b3683326345d91c963c.wav,5.34,12.770100399997318,2.391404569287887,قل هو الله احد,14,ok,
IJyad/whisper-large-v3-Tarteel,data\uploads\up_1_ayah\user_9d8d26f6c41644fbac30fe547c59d0f0.wav,5.52,24.98806259999401,4.526822934781523,بل الساعه موعدهم والساعه ادهي وامر,34,ok,
IJyad/whisper-large-v3-Tarteel,data\uploads\up_1_ayah\user_a5a17cb05b154c0bb130e7418102d661.wav,8.7,49.008327000017744,5.633141034484798,ولولا اذ دخلت جنتك قلت ما شاء الله لا قوه الا بالله,51,ok,
IJyad/whisper-large-v3-Tarteel,data\uploads\up_1_ayah\user_a5f26de421bb4f238041b95ce25a363d.wav,6.3,18.757275399984792,2.977345301584888,ولا انتم حابدون ما اعبد,23,ok,
IJyad/whisper-large-v3-Tarteel,data\uploads\up_1_ayah\user_b44749b6c7274239ae0d213b1136c5ca.wav,4.7543125,54.56725940000615,11.477423791558959,ان يك نعبد وان الذين يستعينون,29,ok,
IJyad/whisper-large-v3-Tarteel,data\uploads\up_1_ayah\user_b811d51822284464be0e84ce27814069.wav,6.9,52.61714439999196,7.625673101448109,قييما لينظر باسا شديدا من لدنا,30,ok,
IJyad/whisper-large-v3-Tarteel,data\uploads\up_1_ayah\user_ba62c7efb9a04184b69afc7688d64bf6.wav,8.76,22.441868900001282,2.5618571803654433,ولا انتم عابدون ما اعبد,23,ok,
IJyad/whisper-large-v3-Tarteel,data\uploads\up_1_ayah\user_bd2021439c524b34bd18910be6e1ca15.wav,7.5,23.505847399996128,3.1341129866661506,وما ان عابد ما تعبدون,21,ok,
IJyad/whisper-large-v3-Tarteel,data\uploads\up_1_ayah\user_bd26dc48d4b74e49b16b71910e3b392e.wav,7.14,29.654320999979973,4.153266246495795,ولا انتم عابدون ما اعبد,23,ok,
IJyad/whisper-large-v3-Tarteel,data\uploads\up_1_ayah\user_bf5f5eaeb5704a98902e34d8e089fb80.wav,3.5004375,19.513698700000532,5.574645655007562,الحمد لله رب العالمين,21,ok,
IJyad/whisper-large-v3-Tarteel,data\uploads\up_1_ayah\user_bf639e3e3b3e43fa957c24a5ed17cf59.wav,11.52,101.44492489998811,8.805983064235079,ان الذين كفروا سواء عليهم اانظرتهم ام لم تنذرهم ولا يؤمنون,58,ok,
IJyad/whisper-large-v3-Tarteel,data\uploads\up_1_ayah\user_c0d77c4f3e7c4e8e959331287d6381f1.wav,6.12,34.101334400009364,5.5721134640538175,ولا انتم عابدون ما اعبد,23,ok,
IJyad/whisper-large-v3-Tarteel,data\uploads\up_1_ayah\user_c80347b6d09d4cb184eb5dfa3a233dfe.wav,3.5004375,17.39633479999611,4.9697601514085346,الحمد لله رب العالمين,21,ok,
IJyad/whisper-large-v3-Tarteel,data\uploads\up_1_ayah\user_cb5c05fd2e404d148337ab3977e1d8d9.wav,4.2,27.6881551000115,6.592417880955119,قل هم والله احد,15,ok,
IJyad/whisper-large-v3-Tarteel,data\uploads\up_1_ayah\user_d0fcd6393bec4133a57de32b89ebb118.wav,3.5004375,18.45663689999492,5.272665745351808,الحمد لله رب العالمين,21,ok,
IJyad/whisper-large-v3-Tarteel,data\uploads\up_1_ayah\user_d88c6f6fc11a4046896d873116d257f0.wav,7.98,76.26290329999756,9.55675479949844,ولا انتم يعبدون ما تعبدوا فان لله ما في الانبياء بصير,53,ok,
IJyad/whisper-large-v3-Tarteel,data\uploads\up_1_ayah\user_dec65ee882ad4d379baed258c99921d8.wav,3.84,23.87408699997468,6.217210156243406,قل هو الله احد,14,ok,
IJyad/whisper-large-v3-Tarteel,data\uploads\up_1_ayah\user_e02c3a3bfc8c45d9839e428f5f6183c7.wav,3.5004375,18.804732299991883,5.372109143497601,الحمد لله رب العالمين,21,ok,
IJyad/whisper-large-v3-Tarteel,data\uploads\up_1_ayah\user_e5aa7454add54248acf9d04993a52bc5.wav,16.14,114.53591320000123,7.096401065675417,قل هو الله احد الا هو الصمد لم يلد ولم يولد فلن يكن له كفان اخد فالله يعلم بصيرا,80,ok,
IJyad/whisper-large-v3-Tarteel,data\uploads\up_1_ayah\user_e823f04c95314192bf8d3187ab125a7b.wav,6.9,44.10258499998599,6.391678985505216,ذكر رحمت ربك عبده زكريا,23,ok,
IJyad/whisper-large-v3-Tarteel,data\uploads\up_1_ayah\user_eb55dff40ba048c1b8b042cd8c2c709b.wav,4.08,22.522177000006195,5.520141421570146,قل هو الله احد,14,ok,
IJyad/whisper-large-v3-Tarteel,data\uploads\up_1_ayah\user_ed44f59895314905874d52cd16f96828.wav,10.14,63.11495550000109,6.224354585798923,كافها يعين صاد ذكر رحمه ربك عبده زكريا,38,ok,
IJyad/whisper-large-v3-Tarteel,data\uploads\up_1_ayah\user_efc64b59d7934b0dbd916de09d7ed5da.wav,5.16,41.06577700001071,7.958483914730758,ما لهم به من علم ولا لابائهم,28,ok,
IJyad/whisper-large-v3-Tarteel,data\uploads\up_1_ayah\user_f014083640bf416384030223b4238d51.wav,7.26,32.0756067999755,4.41812765839883,ولا انتم عابدون ما اعبد,23,ok,
IJyad/whisper-large-v3-Tarteel,data\uploads\up_1_ayah\user_f46474fbbded4bd5a1d6d5a1a3df8cb7.wav,12.66,84.75175290001789,6.694451255925584,ان الذين كفروا سواء عليهم اانظرتهم ام لم تنذرهم بلا يبنون,57,ok,
IJyad/whisper-large-v3-Tarteel,data\uploads\up_1_ayah\user_f8cb17b700694a0b9e874cbfe96448b8.wav,4.86,18.794819599977927,3.8672468312711783,الرحمن الرحيم,13,ok,
IJyad/whisper-large-v3-Tarteel,data\uploads\up_1_ayah\user_f9438b47cac04fbbbc68b299713a46dd.wav,5.4,17.850167099997634,3.3055864999995617,من العالمين,11,ok,
IJyad/whisper-large-v3-Tarteel,data\uploads\up_1_ayah\user_f972707f6a504012a21787110cd56b3f.wav,11.52,84.58835340000223,7.342739010416861,ان الذين كفروا سواء عليهم انظرته ام لم تنذرهم ولا يؤمنون,56,ok,
IJyad/whisper-large-v3-Tarteel,data\uploads\up_1_ayah\user_fc2919227a4a48f58a72acddd66cf647.wav,8.22,30.616179200005718,3.7245960097330553,ولا انتم عابدون ما اعبد,23,ok,
IJyad/whisper-large-v3-Tarteel,data\uploads\user_010ea2e45774412abc851fe43b40a35b.wav,44.7,83.35206350000226,1.8646994071588872,بسم الله الرحمن الرحيم الحمد لله رب العاليين الرحمن الرحيم ملك يوم الدين ايا انصد وايك نستعين,93,ok,
IJyad/whisper-large-v3-Tarteel,data\uploads\user_0150e1fdf264471abebf6bd547f4ea06.wav,31.5,196.06701050000265,6.224349539682624,الف لمم ذلك الكتاب لريب فيهدي للمتقين الذين يؤمنون بالغيم ويقيمون الصلاه ومما رزقناهم ينفقون والله يتبع بانهم قد بدت يقينون اولئك علي هد,136,ok,
IJyad/whisper-large-v3-Tarteel,data\uploads\user_05e371d92eed47babcbe42efde1265c9.wav,21.24,131.75810169999022,6.203300456685039,ذلك الكتاب العريب فيه هدي للمتقين الذين يؤمنون بالغيم ويقيمون الصلاه ومما رزقناهم ينفقون,88,ok,
IJyad/whisper-large-v3-Tarteel,data\uploads\user_073f9aeeade04103a943757ec667572f.wav,5.1,25.272500000020955,4.955392156866854,قل يا ايها الكافرون,19,ok,
IJyad/whisper-large-v3-Tarteel,data\uploads\user_0bed53fd663d45db8fe11a07d817f09a.wav,39.42,117.07451350000338,2.9699267757484367,بسم الله الرحمن الرحيم الحمد لله رب العالمين الرحمن الرحيم ملك يوم الدين اياك نعبد واياكن استاعيد اهدنا الصراط المستقيم صرط الذين يتبعونه من احد ولا ينزوهم فيهديه طعله مس,170,ok,
IJyad/whisper-large-v3-Tarteel,data\uploads\user_0c08d8a2c5c340e4937838bee026063d.wav,18.78,73.82533309998689,3.931061400425287,ذلك الكتاب لا ريب فيه ودل المتقين الذين يؤمنون بالغير ويقيمون الصلاه ومما رزقناهم ينفقون,88,ok,
IJyad/whisper-large-v3-Tarteel,data\uploads\user_0f62d180ba6b47baacef7a527326a02b.wav,34.38,104.63591169999563,3.04351110238498,بسم الله الرحمن الرحيم الحمد لله رب العالمين الرح منك يوم الدين اياك نعبد وايي كن استعين اهدنا الصراط المستقيم صراط الذين انعمت عنيهم غير المغضوب الا,149,ok,
IJyad/whisper-large-v3-Tarteel,data\uploads\user_10bfd7544c5348cf8a1138690e6e22bf.wav,45.3,114.19411480001872,2.5208413863138794,الف لم من ذلك الكتاب لا ريب فيه هدي للمتقين الذين يؤمنون بالغير ويقيمون الصلاه ومن ما عزقناهم ينفقون والتين تؤتي بالله فان انزل القومه الي ان,141,ok,
IJyad/whisper-large-v3-Tarteel,data\uploads\user_12ab187cacc6421fadf7122f134e96d9.wav,39.42,104.49652499999502,2.650850456620878,بسم الله الرحمن الرحيم الحمد لله رب العالمين الرحمن الرحيم ملك يوم الدين اياك نعبد واياكن استاعيد اهدنا الصراط المستقيم صرط الذين يتبعونه من احد ولا ينزوهم فيهديه طعله مس,170,ok,
IJyad/whisper-large-v3-Tarteel,data\uploads\user_140b3596cd7c419aa475bf4d2f63607b.wav,13.8,67.62886129997787,4.900642123186802,الف لم يم ذلك الكتاب العريب فيه هدي للمتقين الذين يؤمنون بالغيب ويقيمون الصلاه ومما رزقناهم ي,93,ok,
IJyad/whisper-large-v3-Tarteel,data\uploads\user_14cc5a4fa4eb44caa6c21cf8e3888949.wav,17.4,81.71690519998083,4.696373862067865,الف لاميم ذلك الكتاب لا ريب فيه هدي للمتقين الذين يؤمنون بالغيب ويقيمون الصلاه ومما ارزقناهم ينفقون,99,ok,
IJyad/whisper-large-v3-Tarteel,data\uploads\user_153f566cbd834442804047bd0721d2e2.wav,17.52,63.8657481999835,3.645305262556136,ذلك الكتاب العريب فيه هدي للمتقين الذين يؤمنون بالغيب ويقيمون الصلاه ومما رزقناهم يغفقون,88,ok,
IJyad/whisper-large-v3-Tarteel,data\uploads\user_16a82f0c6b5b4322b3a663bae910db56.wav,21.0,76.9942585999961,3.666393266666481,الف لمن ذلك الكتاب لا ريب فيه هدي للمتقين الذين يؤمنون بالغير ويقيمون الصراه ومن ما عزقناهم ينفقون,98,ok,
IJyad/whisper-large-v3-Tarteel,data\uploads\user_19df382adc6c48a3818ed3aeb2d05fcf.wav,44.7,48.01524549999158,1.0741665659953372,بسم الله الرحمن الرحيم الحمد لله رب العاليين الرحمن الرحيم ملك يوم الدين ايا انصد وايك نستعين,93,ok,
IJyad/whisper-large-v3-Tarteel,data\uploads\user_1ca47a92cdb34b879bacdfd19c277387.wav,39.36,98.1680856999883,2.4941078683940114,ذلك الكتاب العريب فيه هدي للمتقين الذين يؤمنون بالغيم ويقيمون الصلاه ومن ما رزقناهم ينفقون والله يؤتي من ربه ما قليلا,117,ok,
IJyad/whisper-large-v3-Tarteel,data\uploads\user_28c1f3aa129049199599cb1530bac0f2.wav,18.0,63.71327599999495,3.539626444444164,ذلك الكتمه ريب فيه هدي للمتقين الذين يؤمنون بالغير ويقيمون الصلاه ومما رزقناهم ينفقون,85,ok,
IJyad/whisper-large-v3-Tarteel,data\uploads\user_28fb6ec8a63f406c88c52e9fa0d0bec2.wav,30.84,80.88642399999662,2.6227763942930165,الف لم من ذلك الكتاب لا ريب فيه هدي للمتقين الذين يؤمنون بالغير يقيمون الصلاه ومن مع رزقناهم ينفقون والله يعلم بعد الانبياء واتقوا الله وان تك,142,ok,
IJyad/whisper-large-v3-Tarteel,data\uploads\user_2a46d75fae4841ea9f27d96279315b45.wav,3.6,10.026554199983366,2.785153944439824,الف لا ميم,10,ok,
IJyad/whisper-large-v3-Tarteel,data\uploads\user_2f56f607c60d4e50a4c7bc5e4d48ad1a.wav,16.26,52.18926429998828,3.2096718511677906,الف لاميم ذلك الكتاب لا ريب فيه هدي للمتقين الذين يؤمنون بالغيض ويقيمون الصلاه ومما رزقناهم ينفقون,98,ok,
IJyad/whisper-large-v3-Tarteel,data\uploads\user_2f7da1249d4b4cfebcb1b36d386ba1cd.wav,37.68,72.05028969998239,1.912162677812696,الف لم من ذلك الكتاب لا ريب فيه هدي للمتقين الذين يؤمنون بالغير ويقيمون الصلاه ومن ما عزقناهم ينفقون والله بما انزل اليك واتقوا الله وان تكنت,141,ok,
IJyad/whisper-large-v3-Tarteel,data\uploads\user_32b01be596a2423f96937137745b4228.wav,36.48,76.37046010000631,2.0934884895835064,بسم الله الرحمن الرحيم الحمد لله رب العالمين الرحت لكان الله عليكم شهيدا اياك نعبد واييا كان استعين اهدنا الصراط المستقيم سرط الذين انعمت عنيهم ويت,147,ok,
IJyad/whisper-large-v3-Tarteel,data\uploads\user_32fea45f950a4a928ca3a8d7ec92aca5.wav,39.42,76.13122369998018,1.931284213596656,بسم الله الرحمن الرحيم الحمد لله رب العالمين الرحمن الرحيم ملك يوم الدين اياك نعبد واياكن استاعيد اهدنا الصراط المستقيم صرط الذين يتبعونه من احد ولا ينزوهم فيهديه طعله مس,170,ok,
IJyad/whisper-large-v3-Tarteel,data\uploads\user_36bda2780c8a488f9ef1ade790301280.wav,10.56,32.17788259999361,3.0471479734842433,بسم الله الرحمن الرحيم الحمد لله رب العالمين الرحح من الرحيم,60,ok,
IJyad/whisper-large-v3-Tarteel,data\uploads\user_376dce11b8c6406f899f7e824bc78f18.wav,39.42,77.93043680000119,1.9769263521055602,بسم الله الرحمن الرحيم الحمد لله رب العالمين الرحمن الرحيم ملك يوم الدين اياك نعبد واياكن استاعيد اهدنا الصراط المستقيم صرط الذين يتبعونه من احد ولا ينزوهم فيهديه طعله مس,170,ok,
IJyad/whisper-large-v3-Tarteel,data\uploads\user_3c2c32cdce1a4ce48ce5596cd79a1687.wav,34.44,76.29234849999193,2.2152249854817634,الف لم من ذلك الكتاب العريب في هدي لالمتقين الذين يؤمنون بالغيم ويقيمون الصلاه ومن ما رزقناهم ينفقون والتن ياتين بانهم لا يعلمون ما انزل الي,140,ok,
IJyad/whisper-large-v3-Tarteel,data\uploads\user_4c585f860ccf4b5fac45ed948c415066.wav,16.38,54.75345010001911,3.342701471307638,الف لم من ذلك الكتاب الغريب فيهدي للمتقين الذين يؤمنون بالغيب ويقيمون الصلاه ومن ما رزقناهم ينفقون,98,ok,
IJyad/whisper-large-v3-Tarteel,data\uploads\user_4cb2d81dfe43491e9532056a4169f59e.wav,15.42,62.62891509998008,4.061537944226983,الف لاميم ذلك الكتاب لا ريب فيه هدي للمتقين الذين يؤمنون بالغيم ويقيمون الصلاه ومما رزقناهم ينفقون,98,ok,
IJyad/whisper-large-v3-Tarteel,data\uploads\user_4ee9685a0c2d4f8d9b9e49983e5b737c.wav,39.72,109.96319810001296,2.768459166666993,الف لا من ذلك الكتاب لا ريب فيه المتقين الذين يؤمنون بالغير ويقيمون الصلاه ومن ما عزقناهم ينفقون والله يتبع بانهم قد بدته البينات بما انزل ا,140,ok,
IJyad/whisper-large-v3-Tarteel,data\uploads\user_4fdd1fdb18694844a382c6ee718929da.wav,40.32,107.57505980000133,2.6680322371032075,الف لا ميم ذلك الكتاب لا ريب فيه هدي للمتقين الذين يؤمنون بالغيم ويقيمون الصلاه ومن ما ارزقناهم ينفقون والله يتبين بشره وما انزل اليك وان ي,139,ok,
IJyad/whisper-large-v3-Tarteel,data\uploads\user_538bf9826ba5403f9790a437aa771e16.wav,34.44,108.82322540000314,3.15979167828116,الف لم من ذلك الكتاب لا ريب فيهدي للمتقين الذين يؤمنون بالغير ويقيمون الصلاه ومن ما عزقناهم ينفقون والله يؤتي من بعد الانبياء بما انزل اليك,139,ok,
IJyad/whisper-large-v3-Tarteel,data\uploads\user_5441c14ba6344179b291f3d0c78dc264.wav,28.56,102.21930460000294,3.579107303921672,بسم الله الرحمن الرحيم الحمد لله رب العالمين الرحمن الرحيم ملك يوم الدين ان يكن عبد وان كان استعين اهدنا الصراطه المستقيم صرط الذين انعمت عنيهم غير المغضوب عنيهم والرطالين,171,ok,
IJyad/whisper-large-v3-Tarteel,data\uploads\user_61cdcdaa87eb4d83af34df6280b042bf.wav,7.8,34.85629340002197,4.468755564105381,ذلك الكتاب لا ريب فيه هدي للمتقين,33,ok,
IJyad/whisper-large-v3-Tarteel,data\uploads\user_64a62bd456da4b6b840590b70eabc2dd.wav,17.94,75.95920380001189,4.234069331104341,الف لاميم ذلك الكتاب لا ريب فيه هدي للمتقين الذين يؤمنون بالغير ويقيمون الصلاه ومما رزقناهم ينفقون,98,ok,
IJyad/whisper-large-v3-Tarteel,data\uploads\user_661fe355a9524f0b85e68cb23343e5bf.wav,6.6,19.22453890001634,2.9128089242449002,ولا انتم عابدون ما اعبد,23,ok,
IJyad/whisper-large-v3-Tarteel,data\uploads\user_6b87342b6b0e41a0871d8f77711f844e.wav,40.2,102.44447049999144,2.5483699129351103,بسم الله الرحمن الرحيم الحمد لله رب العالمين الرحمن الرحيم ملك يوم الدين اياك نعبد واياكن استعيد اهدنا الصراط المستقيم سرح الله واستغفر لكم عليهم وانتم لا تواعدون,162,ok,
IJyad/whisper-large-v3-Tarteel,data\uploads\user_6ccbdac702be4dbcb9236d631cf625d6.wav,34.26,112.90901269999449,3.2956512755398277,الف لا ميم ذلك الكتاب لا ريب فيه هدي للمتقين الذين يؤمنون بالغير ويقيمون الصلاه ومما عزقناهم ينفقون واله يتبع بعد الانبياء من قبله وما انزل,139,ok,
IJyad/whisper-large-v3-Tarteel,data\uploads\user_756fc1a0e110499c9e2085b269f2c0af.wav,42.66,79.92108060000464,1.8734430520394902,بسم الله الرحمن الرحيم الحمد لله رب العالمين الرح ملك يوم الدين اياك نعبد واييا كن استعين اهدن الصراط المستقيم,110,ok,
IJyad/whisper-large-v3-Tarteel,data\uploads\user_797063addc5f4de589a44aba3b26fa94.wav,43.26,110.46694869999192,2.553558684696993,الف لامين ذلك الكتاب العريب في هدي للمتقين الذين يؤمنون بالغير ويقيمون الصلاه ومن ما رزقناهم ينفقون والتن تطلعون الك لما انزل من اقربك وا,137,ok,
IJyad/whisper-large-v3-Tarteel,data\uploads\user_7a5add68ac034563a991015a28f6f0d7.wav,33.6,111.12077850001515,3.307166026786165,بسم الله الرحمن الرحيم الحمد لله ربي العالمين الرحمن الرحيم ملك يوم الدين ان يكن اعبد وان كن استعين اهدل الصراط المستقيم صرط الذين انعمت عنيهم غير المغضوب عليهم والله يدطع,171,ok,
IJyad/whisper-large-v3-Tarteel,data\uploads\user_7c619fc776f44f8c8449dcb29c4d8851.wav,34.32,104.4370585999859,3.043037837994927,بسم الله الرحمن الرحيم الحمد لله ربي العالمين الرحمن الرحيم منك يوم الدين اياك نعبد وان يكن استعين اهدنا الصراط المستقيم صرط الذين انعمت عليهم غير المغضوب عليهم ولا تطوعوا,171,ok,
IJyad/whisper-large-v3-Tarteel,data\uploads\user_7fc12d8ad29f41199c8282f8c3daabc0.wav,4.44,11.707987200003117,2.636934054054756,ارف لام ميم,11,ok,
IJyad/whisper-large-v3-Tarteel,data\uploads\user_80d7a099719e4c3e8bb9b262ef87b399.wav,28.74,102.36178910001763,3.561648890049326,بسم الله الرحمن الرحيم الحمد لله رب العالمين الرخمان الرحيم ملك يوم الدين اياك نعبد وان يكن استعين اهدن الصراط المستقيم صرط النذين انعمت عليهم غير,146,ok,
IJyad/whisper-large-v3-Tarteel,data\uploads\user_82f3fad1cb9844c89c8e73ac9e0f75d7.wav,12.84,28.51121920000878,2.220499937695388,ذلك الكتاب لا ريب فيه هني للمتقين,33,ok,
IJyad/whisper-large-v3-Tarteel,data\uploads\user_86f8420925ff4c1abf256d63f366315a.wav,3.0,11.747310400009155,3.9157701333363852,الف لمم,7,ok,
IJyad/whisper-large-v3-Tarteel,data\uploads\user_903a00606b734faa8a92068465b9ebf3.wav,40.2,95.3325456000166,2.371456358209368,بسم الله الرحمن الرحيم الحمد لله رب العالمين الرحمن الرحيم ملك يوم الدين اياك نعبد واياكن استعيد اهدنا الصراط المستقيم سرح الله واستغفر لكم عليهم وانتم لا تواعدون,162,ok,
IJyad/whisper-large-v3-Tarteel,data\uploads\user_9115069d6f0c48a8a312dddf09d0c142.wav,16.38,73.7510581999959,4.502506605616356,الف لا من ذلك الكتاب لا ريب فيه هدي للمتقين الذين يؤمنون بالغير ويقيمون الصلاه ومما رزقناهم ينفقون,98,ok,
IJyad/whisper-large-v3-Tarteel,data\uploads\user_9cafdbcf709940d1a422dd612d33c714.wav,16.62,76.36047650000546,4.594493170878788,الف لاميم ذلك الكتاب العريب فيه هدي للمتقين الذين يؤمنون بالغير ويقيمون الصلاه ومما رزقناهم ينفقون,98,ok,
IJyad/whisper-large-v3-Tarteel,data\uploads\user_9dad0550fda74d51a3b34cabfe4f84f5.wav,35.46,101.27089569999953,2.855919224478272,بسم الله الرحمن الرحيم الحمد لله ربي العالمين الرحمن الرحيم مالك يوم الدين اياك نعبد واياكن استعين اهدن الصراط المستقيم صرط الذين انعمت عليهم غير المغضوب الكافرين,162,ok,
IJyad/whisper-large-v3-Tarteel,data\uploads\user_a91a31dfbfda4e3188d6e9d86a7d7def.wav,17.52,72.32176720001735,4.1279547488594375,الف لا من ذلك الكتاب لا ريب فيه هدي للمتقين الذين يؤمنون بالغير ويقيمون الصلاه ومن ما ارزقناهم يوفقون,101,ok,
IJyad/whisper-large-v3-Tarteel,data\uploads\user_ad3f7df582ee4bd3bedb9eac16cfd897.wav,17.16,72.56097540000337,4.228495069930267,ذلك الكتاب الغريب فيه هدي للمتقين الذين يؤمنون بالغيب ويقيمون الصلاه ومما رزقناهم ينفقون,88,ok,
IJyad/whisper-large-v3-Tarteel,data\uploads\user_b17c310f031a4e3baa1d4fd41cfd6171.wav,17.82,72.13520160000189,4.047991111111217,الف لا ميم ذلك الكتاب لا ريب فيه هدي للمتقين الذين يؤمنون بالغير ويقيمون الصلاه ومن ما عزقناهم ينفقون,101,ok,
IJyad/whisper-large-v3-Tarteel,data\uploads\user_b2a83a09e012434b99c1618f17dd7dbb.wav,17.4,98.18977339999401,5.643090425287013,ذلك الكتاب الغريب فيه هدي للمتقين الذين يؤمنون بالغيب ويقيمون الصلاه ومما رزقناهم ينفقون,88,ok,
IJyad/whisper-large-v3-Tarteel,data\uploads\user_b4f9d0dae5494de08eb78b92bc9cd691.wav,18.9,99.31733819999499,5.2548856190473545,ذلك الكتاب العريب فيه هدي للمتقين الذين يؤمنون بالغيب ويقيمون الصلاه ومما رزقناهم ينفقون,88,ok,
IJyad/whisper-large-v3-Tarteel,data\uploads\user_bac7859cc08a4c3abeab7cc889350d7c.wav,19.14,144.2872320000024,7.538517868338683,الف لا ميم ذلك الكتاب لا ريب فيه هدي للمتقين الذين يؤمنون بالغير ويقيمون الصلاه ومن ما عزقناهم ينفقون,101,ok,
IJyad/whisper-large-v3-Tarteel,data\uploads\user_be8667796a874785b5299a3ee534bfef.wav,24.06,120.81458989999373,5.021387776392093,الف لاميم ذلك الكتاب لا ريب فيه هدي للمتقين الذين يؤمنون بالغيض ويقيمون الصلاه ومما رزقناهم ينفقون,98,ok,
IJyad/whisper-large-v3-Tarteel,data\uploads\user_c16e9c99d93a474fbf3bf021a717c586.wav,39.42,171.43515209999168,4.348938409436623,بسم الله الرحمن الرحيم الحمد لله رب العالمين الرحمن الرحيم ملك يوم الدين اياك نعبد واياكن استاعيد اهدنا الصراط المستقيم صرط الذين يتبعونه من احد ولا ينزوهم فيهديه طعله مس,170,ok,
IJyad/whisper-large-v3-Tarteel,data\uploads\user_c41c197221e04ae39c064525cd753bbe.wav,17.7,122.02525550001883,6.894082231639482,ذلك الكتاب العريب فيه هدي للمتقين الذين يؤمنون بالغيب ويقيمون الصلاه ومما رزقناهم ينفقون,88,ok,
IJyad/whisper-large-v3-Tarteel,data\uploads\user_d0f6199fa6a24c17b44faf9a1015746c.wav,44.04,175.61985269997967,3.9877350749314187,الف لم من ذلك الكتاب لا ريب فيه هدي للمتقين الذين يؤمنون بالغير ويقيمون الصلاه ومن ما عزقناهم ينفقون والله يتبع بانفسهم يوم القيامه بظلمه,137,ok,
IJyad/whisper-large-v3-Tarteel,data\uploads\user_d2365a6e0287446da76c6ef86020f70b.wav,56.28,158.8863414999796,2.8231403962327577,الف لاميم ذلك الكتاب لا ريب فيهدي للمتقين الذين يؤمنون بالغيض ويقيمون الصلاه ومما رزقناهم يغفقون والتو كان الله عليما,117,ok,
IJyad/whisper-large-v3-Tarteel,data\uploads\user_e1ab731b3e5849e2ba2633f2387d1590.wav,42.66,125.2032465999946,2.934909671823596,بسم الله الرحمن الرحيم الحمد لله رب العالمين الرح ملك يوم الدين اياك نعبد واييا كن استعين اهدن الصراط المستقيم,110,ok,
IJyad/whisper-large-v3-Tarteel,data\uploads\user_e317f16ebe734d2ebfc89f43239bfba3.wav,18.66,110.17970589999459,5.904593027866805,الف لا ميم ذلك الكتاب لا ريب فيهدي للمتقين الذين يؤمنون بالعيم ويقيمون ومن ما عزقناهم ينفقون,92,ok,
IJyad/whisper-large-v3-Tarteel,data\uploads\user_e41b3700646140dda067a526d8cc614a.wav,14.52,111.89616090001073,7.7063471694222265,ذلك الكتاب الاغريب فيه هدي للمتقين الذين يؤمنون بالغيب ويقيمون الصلاه ومما رزقناهم ينفقون,89,ok,
IJyad/whisper-large-v3-Tarteel,data\uploads\user_ed2721c8d0e74a3eb6ca21aa1ab7a3e9.wav,30.18,166.31731760001276,5.510845513585578,بسم الله الرحمن الرحيم الحمد لله رب العالمين الرحت الذين انعمت عليهم مالك يوم الدين اياك نعبد واياكن استعين اهدنا الصراطه المستقيم السراطه التينان ع,148,ok,
IJyad/whisper-large-v3-Tarteel,data\uploads\user_ed87da28ee4245fd8ec6a0c1c7a83126.wav,18.0,115.80703949998133,6.43372441666563,الف لا ميم ذلك الكتاب لا ريب فيه يدي للمتقين الذين يؤمنون بالغير ويقيمون الصلاه ومما رزقناهم ينفقون,99,ok,
IJyad/whisper-large-v3-Tarteel,data\uploads\user_f3e3ca728f634337af1cfafe34c6ac6f.wav,7.86,50.95787489999202,6.4831901908386795,ذلك الكتاب لا ريب فيه هدي للمتقين,33,ok,
IJyad/whisper-large-v3-Tarteel,data\uploads\user_f96c795b03364eec9b79db01e1fd734d.wav,28.68,13.530117000016617,0.47176140167421954,موسيقي,6,ok,
IJyad/whisper-large-v3-Tarteel,data\uploads\user_fb811f48e9e64a17aa7e5885cf03b5c1.wav,32.4,167.67034949999652,5.17501078703693,بسم الله الرحمن الرحيم الحمد لله رب العالمين الرح من الدين ملك يوم الدين اياك نعبد وايا نستعين اهدنا الصراط المسطقيم صراط الذين اعمت عنيهم غير ما اضوا بع,153,ok,
IJyad/whisper-large-v3-Tarteel,data\uploads\user_fcdf07de24cd482c86ebbd90f47d5b26.wav,40.2,148.6216921999876,3.6970570199001886,بسم الله الرحمن الرحيم الحمد لله رب العالمين الرحمن الرحيم ملك يوم الدين اياك نعبد واياكن استعيد اهدنا الصراط المستقيم سرح الله واستغفر لكم عليهم وانتم لا تواعدون,162,ok,
IJyad/whisper-large-v3-Tarteel,data\uploads\user_ff8c3b01487341758e92bfee1195c0ab.wav,3.66,15.227214100013953,4.160441010932773,الف لا من,9,ok,
