{
  "manifest": "C:\\Users\\anis\\Desktop\\tajweed-modular-assessment\\data\\manifests\\retasy_quranjson_train.jsonl",
  "split": "val",
  "samples": 426,
  "use_cleanup": false,
  "overall": {
    "count": 426,
    "exact_match": 0.01643192488262911,
    "char_accuracy": 0.5359713564208725,
    "edit_distance": 6.868544600938967,
    "repeated_errors": 0.5
  },
  "by_length_bucket": {
    "06-10": {
      "count": 71,
      "exact_match": 0.028169014084507043,
      "char_accuracy": 0.5352112676056338,
      "edit_distance": 3.6901408450704225,
      "repeated_errors": 0.29577464788732394
    },
    "11-15": {
      "count": 215,
      "exact_match": 0.023255813953488372,
      "char_accuracy": 0.5452329066282554,
      "edit_distance": 6.027906976744186,
      "repeated_errors": 0.5069767441860465
    },
    "16-20": {
      "count": 111,
      "exact_match": 0.0,
      "char_accuracy": 0.5716101163082588,
      "edit_distance": 7.927927927927928,
      "repeated_errors": 0.5945945945945946
    },
    "21+": {
      "count": 29,
      "exact_match": 0.0,
      "char_accuracy": 0.33275862068965517,
      "edit_distance": 16.82758620689655,
      "repeated_errors": 0.5862068965517241
    }
  },
  "by_edit_distance_bucket": {
    "0": {
      "count": 7,
      "exact_match": 1.0,
      "char_accuracy": 1.0,
      "edit_distance": 0.0,
      "repeated_errors": 0.0
    },
    "1": {
      "count": 35,
      "exact_match": 0.0,
      "char_accuracy": 0.903208779524569,
      "edit_distance": 1.0,
      "repeated_errors": 0.2
    },
    "2": {
      "count": 46,
      "exact_match": 0.0,
      "char_accuracy": 0.8188145759656057,
      "edit_distance": 2.0,
      "repeated_errors": 0.30434782608695654
    },
    "3-4": {
      "count": 73,
      "exact_match": 0.0,
      "char_accuracy": 0.7055103408638334,
      "edit_distance": 3.5616438356164384,
      "repeated_errors": 0.5342465753424658
    },
    "5-7": {
      "count": 105,
      "exact_match": 0.0,
      "char_accuracy": 0.5216417379531045,
      "edit_distance": 5.866666666666666,
      "repeated_errors": 0.5238095238095238
    },
    "8+": {
      "count": 160,
      "exact_match": 0.0,
      "char_accuracy": 0.28607114180861276,
      "edit_distance": 12.01875,
      "repeated_errors": 0.6125
    }
  },
  "error_type_counts": {
    "substitution": 796,
    "deletion": 1966,
    "insertion": 164
  },
  "top_deleted_chars": [
    [
      "丕",
      369
    ],
    [
      "賱",
      276
    ],
    [
      "乇",
      141
    ],
    [
      "賵",
      137
    ],
    [
      "賴",
      135
    ],
    [
      "賳",
      102
    ],
    [
      "毓",
      98
    ],
    [
      "賷",
      92
    ],
    [
      "亘",
      81
    ],
    [
      "丨",
      79
    ]
  ],
  "top_inserted_chars": [
    [
      "賳",
      29
    ],
    [
      "丕",
      26
    ],
    [
      "賱",
      19
    ],
    [
      "賵",
      15
    ],
    [
      "乇",
      10
    ],
    [
      "亘",
      9
    ],
    [
      "丿",
      8
    ],
    [
      "爻",
      7
    ],
    [
      "賯",
      7
    ],
    [
      "賲",
      6
    ]
  ],
  "top_substitutions": [
    [
      "賱->丕",
      26
    ],
    [
      "丕->賱",
      25
    ],
    [
      "賲->賳",
      15
    ],
    [
      "丕->賵",
      14
    ],
    [
      "賳->賲",
      14
    ],
    [
      "賱->賵",
      12
    ],
    [
      "賱->賳",
      12
    ],
    [
      "丕->亘",
      10
    ],
    [
      "丨->賱",
      10
    ],
    [
      "賳->丕",
      9
    ]
  ],
  "hardest_phrases": [
    {
      "text": "賮爻亘丨亘丨賲丿乇亘賰賵丕爻鬲睾賮乇賴丕賳賴賰丕賳鬲賵丕亘丕",
      "count": 5,
      "exact_match": 0.0,
      "char_accuracy": 0.21333333333333332,
      "edit_distance": 23.6,
      "repeated_errors": 0.4
    },
    {
      "text": "賮噩毓賱賴賲賰毓氐賮賲丕賰賵賱",
      "count": 2,
      "exact_match": 0.0,
      "char_accuracy": 0.23333333333333334,
      "edit_distance": 11.5,
      "repeated_errors": 0.0
    },
    {
      "text": "丕匕丕噩丕亍賳氐乇丕賱賱賴賵丕賱賮鬲丨",
      "count": 13,
      "exact_match": 0.0,
      "char_accuracy": 0.25101214574898784,
      "edit_distance": 14.23076923076923,
      "repeated_errors": 0.46153846153846156
    },
    {
      "text": "賵丕賲乇丕鬲賴丨賲丕賱丞丕賱丨胤亘",
      "count": 3,
      "exact_match": 0.0,
      "char_accuracy": 0.2549019607843137,
      "edit_distance": 12.666666666666666,
      "repeated_errors": 0.3333333333333333
    },
    {
      "text": "賲丕丕睾賳賷毓賳賴賲丕賱賴賵賲丕賰爻亘",
      "count": 4,
      "exact_match": 0.0,
      "char_accuracy": 0.2894736842105263,
      "edit_distance": 13.5,
      "repeated_errors": 0.5
    },
    {
      "text": "賵丕賱毓氐乇",
      "count": 13,
      "exact_match": 0.0,
      "char_accuracy": 0.3076923076923077,
      "edit_distance": 4.461538461538462,
      "repeated_errors": 0.46153846153846156
    },
    {
      "text": "賵賲丕丕丿乇賷賰賲丕丕賱丨胤賲丞",
      "count": 1,
      "exact_match": 0.0,
      "char_accuracy": 0.3125,
      "edit_distance": 11.0,
      "repeated_errors": 0.0
    },
    {
      "text": "丕賳卮丕賳賷賰賴賵丕賱丕亘鬲乇",
      "count": 13,
      "exact_match": 0.0,
      "char_accuracy": 0.3282051282051282,
      "edit_distance": 10.076923076923077,
      "repeated_errors": 0.8461538461538461
    },
    {
      "text": "賯賱丕毓賵匕亘乇亘丕賱賮賱賯",
      "count": 17,
      "exact_match": 0.0,
      "char_accuracy": 0.33613445378151263,
      "edit_distance": 9.294117647058824,
      "repeated_errors": 0.47058823529411764
    },
    {
      "text": "丕賱賱賴賱丕丕賱賴丕賱丕賴賵丕賱丨賷丕賱賯賷賵賲",
      "count": 24,
      "exact_match": 0.0,
      "char_accuracy": 0.3576388888888889,
      "edit_distance": 15.416666666666666,
      "repeated_errors": 0.625
    }
  ],
  "representative_failures": [
    {
      "gold": "賮爻亘丨亘丨賲丿乇亘賰賵丕爻鬲睾賮乇賴丕賳賴賰丕賳鬲賵丕亘丕",
      "pred": "丕賷賵賲",
      "edit_distance": 28,
      "char_accuracy": 0.06666666666666665,
      "repeated_errors": 0,
      "length": 30
    },
    {
      "gold": "賮爻亘丨亘丨賲丿乇亘賰賵丕爻鬲睾賮乇賴丕賳賴賰丕賳鬲賵丕亘丕",
      "pred": "賮氐賱毓亘亘亘爻賳",
      "edit_distance": 25,
      "char_accuracy": 0.16666666666666663,
      "repeated_errors": 2,
      "length": 30
    },
    {
      "gold": "賮爻亘丨亘丨賲丿乇亘賰賵丕爻鬲睾賮乇賴丕賳賴賰丕賳鬲賵丕亘丕",
      "pred": "賯毓匕亘賴賳賵丕",
      "edit_distance": 25,
      "char_accuracy": 0.16666666666666663,
      "repeated_errors": 0,
      "length": 30
    },
    {
      "gold": "賯賱丕毓賵匕亘乇亘丕賱賳丕爻",
      "pred": "賯賱賵賰賵匕亘乇乇賵亘賱賳丕賱賳丕賱賵賵爻賱賳丕丕匕賳丕丕賳丕丞賳丕爻",
      "edit_distance": 23,
      "char_accuracy": 0.0,
      "repeated_errors": 4,
      "length": 14
    },
    {
      "gold": "丕賱賱賴賱丕丕賱賴丕賱丕賴賵丕賱丨賷丕賱賯賷賵賲",
      "pred": "賯賱匕毓賵丕亘亘氐乇",
      "edit_distance": 21,
      "char_accuracy": 0.125,
      "repeated_errors": 1,
      "length": 24
    },
    {
      "gold": "丕賱賱賴賱丕丕賱賴丕賱丕賴賵丕賱丨賷丕賱賯賷賵賲",
      "pred": "賵丕賱乇",
      "edit_distance": 21,
      "char_accuracy": 0.125,
      "repeated_errors": 0,
      "length": 24
    },
    {
      "gold": "丕賱賱賴賱丕丕賱賴丕賱丕賴賵丕賱丨賷丕賱賯賷賵賲",
      "pred": "賵丕賱乇",
      "edit_distance": 21,
      "char_accuracy": 0.125,
      "repeated_errors": 0,
      "length": 24
    },
    {
      "gold": "賮爻亘丨亘丨賲丿乇亘賰賵丕爻鬲睾賮乇賴丕賳賴賰丕賳鬲賵丕亘丕",
      "pred": "賮賱毓亘乇毓亘爻賵賰賳賵丕亘",
      "edit_distance": 21,
      "char_accuracy": 0.30000000000000004,
      "repeated_errors": 0,
      "length": 30
    },
    {
      "gold": "丕賱賱賴賱丕丕賱賴丕賱丕賴賵丕賱丨賷丕賱賯賷賵賲",
      "pred": "丕賱丕丨丿",
      "edit_distance": 20,
      "char_accuracy": 0.16666666666666663,
      "repeated_errors": 0,
      "length": 24
    },
    {
      "gold": "丕賱賱賴賱丕丕賱賴丕賱丕賴賵丕賱丨賷丕賱賯賷賵賲",
      "pred": "賯賱丕賴賲",
      "edit_distance": 20,
      "char_accuracy": 0.16666666666666663,
      "repeated_errors": 0,
      "length": 24
    }
  ]
}